-- MySQL dump 10.13  Distrib 5.5.62, for Win64 (AMD64)
--
-- Host: 127.0.0.1    Database: movie_land
-- ------------------------------------------------------
-- Server version	8.0.25-0ubuntu0.20.04.1

/*!40101 SET @OLD_CHARACTER_SET_CLIENT=@@CHARACTER_SET_CLIENT */;
/*!40101 SET @OLD_CHARACTER_SET_RESULTS=@@CHARACTER_SET_RESULTS */;
/*!40101 SET @OLD_COLLATION_CONNECTION=@@COLLATION_CONNECTION */;
/*!40101 SET NAMES utf8 */;
/*!40103 SET @OLD_TIME_ZONE=@@TIME_ZONE */;
/*!40103 SET TIME_ZONE='+00:00' */;
/*!40014 SET @OLD_UNIQUE_CHECKS=@@UNIQUE_CHECKS, UNIQUE_CHECKS=0 */;
/*!40014 SET @OLD_FOREIGN_KEY_CHECKS=@@FOREIGN_KEY_CHECKS, FOREIGN_KEY_CHECKS=0 */;
/*!40101 SET @OLD_SQL_MODE=@@SQL_MODE, SQL_MODE='NO_AUTO_VALUE_ON_ZERO' */;
/*!40111 SET @OLD_SQL_NOTES=@@SQL_NOTES, SQL_NOTES=0 */;

--
-- Table structure for table `actors`
--

DROP TABLE IF EXISTS `actors`;
/*!40101 SET @saved_cs_client     = @@character_set_client */;
/*!40101 SET character_set_client = utf8 */;
CREATE TABLE `actors` (
  `id` int(10) unsigned NOT NULL AUTO_INCREMENT COMMENT 'Идентификатор строки',
  `first_name` varchar(100) COLLATE utf8mb4_unicode_ci NOT NULL COMMENT 'Имя пользователя',
  `last_name` varchar(100) COLLATE utf8mb4_unicode_ci NOT NULL COMMENT 'Фамилия пользователя',
  `birthday` date DEFAULT NULL COMMENT 'Дата рождения',
  `country_id` int(10) unsigned NOT NULL COMMENT 'Страна проживания',
  `created_at` datetime DEFAULT current_timestamp() COMMENT 'Время создания строки',
  `updated_at` datetime DEFAULT current_timestamp() ON UPDATE current_timestamp() COMMENT 'Время обновления строки',
  PRIMARY KEY (`id`)
) ENGINE=InnoDB AUTO_INCREMENT=101 DEFAULT CHARSET=utf8mb4 COLLATE=utf8mb4_unicode_ci COMMENT='Актеры';
/*!40101 SET character_set_client = @saved_cs_client */;

--
-- Dumping data for table `actors`
--

LOCK TABLES `actors` WRITE;
/*!40000 ALTER TABLE `actors` DISABLE KEYS */;
INSERT INTO `actors` VALUES (1,'Miller','Ritchie','2021-04-14',55,'2021-04-29 18:26:48','2021-05-14 18:26:48'),(2,'Hal','Blick','2013-07-10',58,'2017-07-17 10:55:16','2021-04-16 08:21:21'),(3,'Ludie','Mayer','2014-10-22',40,'2018-07-14 17:00:17','2021-05-14 18:27:30'),(4,'Angelo','Fadel','2021-04-14',79,'2021-04-29 18:26:48','2021-05-14 18:26:48'),(5,'Camron','Weimann','2021-04-14',90,'2021-04-29 18:26:48','2021-05-14 18:26:48'),(6,'Valentin','Schiller','2012-04-01',75,'2016-12-21 04:25:42','2017-12-04 20:46:24'),(7,'Unique','Becker','2018-09-22',69,'2018-11-07 19:52:17','2021-05-14 18:27:30'),(8,'Ashlynn','Collier','2021-04-14',9,'2021-04-29 18:26:48','2021-05-14 18:26:48'),(9,'Carley','Hoppe','2021-04-14',48,'2021-04-29 18:26:48','2021-05-14 18:26:48'),(10,'Mozell','Shields','2021-04-14',67,'2021-04-29 18:26:48','2021-05-14 18:26:48'),(11,'Wilber','Greenholt','2021-04-14',5,'2021-04-29 18:26:48','2021-05-14 18:26:48'),(12,'Doris','Hauck','2011-07-09',64,'2021-02-04 20:33:26','2021-05-14 18:27:30'),(13,'Cydney','Hahn','2015-11-04',40,'2020-05-01 06:34:00','2021-05-14 18:27:30'),(14,'Albin','Gottlieb','2013-05-08',28,'2014-02-22 04:08:23','2018-04-15 18:57:40'),(15,'Estevan','Aufderhar','2014-07-03',53,'2020-12-30 10:13:03','2021-05-14 18:27:30'),(16,'Cecelia','Prohaska','2021-04-14',5,'2021-04-29 18:26:48','2021-05-14 18:26:48'),(17,'Esther','Purdy','2014-07-12',68,'2020-10-01 02:50:51','2021-05-14 18:27:30'),(18,'Emil','Goldner','2014-06-04',17,'2021-03-23 10:50:17','2021-05-14 18:27:30'),(19,'Patricia','Upton','2016-07-15',24,'2019-01-20 06:01:57','2021-05-14 18:27:30'),(20,'Kory','McDermott','2021-04-14',93,'2021-04-29 18:26:48','2021-05-14 18:26:48'),(21,'Robert','Weber','2016-08-02',72,'2018-05-24 02:36:49','2021-05-14 18:27:30'),(22,'Lionel','Frami','2021-04-14',93,'2021-04-29 18:26:48','2021-05-14 18:26:48'),(23,'Elenor','Williamson','2021-04-14',70,'2021-04-29 18:26:48','2021-05-14 18:26:48'),(24,'Shad','Russel','2014-11-11',20,'2019-11-09 09:44:23','2021-05-14 18:27:30'),(25,'Kelley','Hyatt','2021-04-14',2,'2021-04-29 18:26:48','2021-05-14 18:26:48'),(26,'Keyon','Fahey','2015-07-24',78,'2020-10-07 00:35:43','2021-05-14 18:27:30'),(27,'Cristal','Runolfsson','2018-03-12',39,'2020-02-23 13:55:40','2021-05-14 18:27:30'),(28,'Ray','Luettgen','2012-02-18',28,'2020-12-02 13:35:36','2021-05-14 18:27:30'),(29,'Spencer','Auer','2014-03-24',2,'2019-02-28 23:06:39','2021-05-14 18:27:30'),(30,'Grady','Tillman','2013-02-24',56,'2018-10-23 14:53:54','2021-05-14 18:27:30'),(31,'Armand','Bechtelar','2014-02-06',31,'2019-08-31 10:26:26','2021-05-14 18:27:30'),(32,'Casey','Konopelski','2012-01-14',56,'2019-05-28 23:10:22','2020-02-08 12:30:01'),(33,'Herman','Toy','2021-04-14',13,'2021-04-29 18:26:48','2021-05-14 18:26:48'),(34,'Isabella','Ortiz','2021-04-14',70,'2021-04-29 18:26:48','2021-05-14 18:26:48'),(35,'Mervin','Bartell','2014-01-07',34,'2017-05-19 18:04:40','2021-05-14 18:27:30'),(36,'Carissa','Cruickshank','2017-12-31',3,'2018-06-03 06:28:29','2021-05-14 18:27:30'),(37,'Donald','Jast','2021-04-14',44,'2021-04-29 18:26:48','2021-05-14 18:26:48'),(38,'Emil','Labadie','2021-04-14',3,'2021-04-29 18:26:48','2021-05-14 18:26:48'),(39,'Kaylie','Russel','2021-04-14',11,'2021-04-29 18:26:48','2021-05-14 18:26:48'),(40,'Donnie','VonRueden','2021-04-14',92,'2021-04-29 18:26:48','2021-05-14 18:26:48'),(41,'Maximillia','Mueller','2014-08-02',70,'2015-08-31 02:59:25','2020-01-21 17:38:18'),(42,'Adah','Connelly','2021-04-14',16,'2021-04-29 18:26:48','2021-05-14 18:26:48'),(43,'Belle','Swift','2021-04-14',55,'2021-04-29 18:26:48','2021-05-14 18:26:48'),(44,'Carmel','Jast','2013-11-29',9,'2021-03-30 12:10:49','2021-05-14 18:27:30'),(45,'Hope','Mueller','2021-04-14',43,'2021-04-29 18:26:48','2021-05-14 18:26:48'),(46,'Corine','Hodkiewicz','2016-10-01',8,'2020-11-15 17:18:08','2021-05-14 18:27:30'),(47,'Jedidiah','Bernhard','2021-04-14',13,'2021-04-29 18:26:48','2021-05-14 18:26:48'),(48,'Xander','Blick','2021-04-14',10,'2021-04-29 18:26:48','2021-05-14 18:26:48'),(49,'Zoie','Wunsch','2021-04-14',24,'2021-04-29 18:26:48','2021-05-14 18:26:48'),(50,'Moshe','Lynch','2021-04-14',37,'2021-04-29 18:26:48','2021-05-14 18:26:48'),(51,'Elwyn','Rippin','2012-06-15',3,'2014-09-07 02:21:54','2021-05-14 18:27:30'),(52,'Arnoldo','Dibbert','2011-06-17',96,'2013-04-10 23:26:35','2021-05-14 18:27:30'),(53,'Felipa','Pouros','2021-04-14',29,'2021-04-29 18:26:48','2021-05-14 18:26:48'),(54,'Elvie','Tromp','2017-11-04',73,'2020-06-02 22:57:00','2021-05-14 18:27:30'),(55,'Kelsie','Hartmann','2021-04-14',15,'2021-04-29 18:26:48','2021-05-14 18:26:48'),(56,'Jerel','Beer','2021-04-14',31,'2021-04-29 18:26:48','2021-05-14 18:26:48'),(57,'Loyce','Padberg','2021-04-14',50,'2021-04-29 18:26:48','2021-05-14 18:26:48'),(58,'Jayson','Wunsch','2011-11-15',53,'2013-04-08 05:28:17','2017-08-28 06:51:03'),(59,'Margarett','Hartmann','2014-04-27',58,'2016-04-11 08:33:06','2021-05-14 18:27:30'),(60,'Katlynn','Carroll','2013-08-10',52,'2015-06-06 02:36:57','2015-06-19 16:01:24'),(61,'Jakob','Mosciski','2021-04-14',9,'2021-04-29 18:26:48','2021-05-14 18:26:48'),(62,'Naomie','Miller','2021-04-14',89,'2021-04-29 18:26:48','2021-05-14 18:26:48'),(63,'Tyson','Miller','2021-04-14',7,'2021-04-29 18:26:48','2021-05-14 18:26:48'),(64,'Zechariah','Johnson','2021-04-14',22,'2021-04-29 18:26:48','2021-05-14 18:26:48'),(65,'Tom','Trantow','2021-04-14',59,'2021-04-29 18:26:48','2021-05-14 18:26:48'),(66,'Roy','Haley','2021-04-14',41,'2021-04-29 18:26:48','2021-05-14 18:26:48'),(67,'Eli','Stamm','2011-11-11',25,'2020-03-18 23:18:22','2020-07-06 08:50:10'),(68,'Adeline','Nader','2021-04-14',3,'2021-04-29 18:26:48','2021-05-14 18:26:48'),(69,'Oleta','Pagac','2021-04-14',44,'2021-04-29 18:26:48','2021-05-14 18:26:48'),(70,'Brooklyn','Lindgren','2021-04-14',35,'2021-04-29 18:26:48','2021-05-14 18:26:48'),(71,'Eladio','Dickinson','2021-04-14',94,'2021-04-29 18:26:48','2021-05-14 18:26:48'),(72,'Keegan','Lebsack','2019-03-30',13,'2020-06-24 07:25:06','2021-05-14 18:27:30'),(73,'Karolann','Herman','2021-04-14',51,'2021-04-29 18:26:48','2021-05-14 18:26:48'),(74,'Tamia','Carroll','2021-04-14',48,'2021-04-29 18:26:48','2021-05-14 18:26:48'),(75,'Edwin','Schneider','2021-04-14',22,'2021-04-29 18:26:48','2021-05-14 18:26:48'),(76,'Devin','Kulas','2013-01-30',93,'2020-12-30 19:56:45','2021-05-14 18:27:30'),(77,'Vena','Rowe','2021-04-14',56,'2021-04-29 18:26:48','2021-05-14 18:26:48'),(78,'Janelle','Pagac','2013-12-23',34,'2017-01-09 16:26:24','2018-05-09 01:41:44'),(79,'Oliver','Pacocha','2011-07-29',3,'2011-10-03 07:46:06','2015-10-24 10:34:09'),(80,'Desiree','Treutel','2021-04-14',79,'2021-04-29 18:26:48','2021-05-14 18:26:48'),(81,'Jacky','Lockman','2014-12-21',71,'2015-04-10 14:17:38','2016-06-08 06:59:07'),(82,'Emmanuel','Oberbrunner','2011-08-28',5,'2021-01-21 18:11:54','2021-05-14 18:27:30'),(83,'Reymundo','Champlin','2021-04-14',74,'2021-04-29 18:26:48','2021-05-14 18:26:48'),(84,'Gust','Kerluke','2016-09-17',100,'2017-08-20 09:56:45','2019-12-28 06:14:14'),(85,'Adolfo','Fritsch','2018-06-14',78,'2018-12-06 00:21:59','2019-03-18 05:21:59'),(86,'General','Gusikowski','2021-04-14',89,'2021-04-29 18:26:48','2021-05-14 18:26:48'),(87,'Annabell','Pouros','2021-04-14',30,'2021-04-29 18:26:48','2021-05-14 18:26:48'),(88,'Deshawn','Torphy','2021-04-14',27,'2021-04-29 18:26:48','2021-05-14 18:26:48'),(89,'Myrtis','Zulauf','2021-04-14',41,'2021-04-29 18:26:48','2021-05-14 18:26:48'),(90,'Lora','Legros','2014-03-02',88,'2018-02-23 16:35:56','2020-10-29 02:59:41'),(91,'Millie','Spinka','2021-04-14',79,'2021-04-29 18:26:48','2021-05-14 18:26:48'),(92,'Royal','Schmidt','2021-04-14',50,'2021-04-29 18:26:48','2021-05-14 18:26:48'),(93,'Iliana','Marquardt','2012-08-04',77,'2012-10-13 07:53:24','2017-04-29 12:17:32'),(94,'Annalise','Adams','2016-11-20',85,'2019-03-28 01:09:03','2021-05-14 18:27:30'),(95,'Mekhi','Johnston','2021-04-14',71,'2021-04-29 18:26:48','2021-05-14 18:26:48'),(96,'Danika','Renner','2021-04-14',35,'2021-04-29 18:26:48','2021-05-14 18:26:48'),(97,'Roxane','Haag','2021-04-14',26,'2021-04-29 18:26:48','2021-05-14 18:26:48'),(98,'Trevion','Lueilwitz','2013-09-07',95,'2013-12-03 19:40:28','2021-05-14 18:27:30'),(99,'Cristian','Abshire','2021-04-14',37,'2021-04-29 18:26:48','2021-05-14 18:26:48'),(100,'Giuseppe','Reichert','2021-04-14',69,'2021-04-29 18:26:48','2021-05-14 18:26:48');
/*!40000 ALTER TABLE `actors` ENABLE KEYS */;
UNLOCK TABLES;

--
-- Table structure for table `actors_movies`
--

DROP TABLE IF EXISTS `actors_movies`;
/*!40101 SET @saved_cs_client     = @@character_set_client */;
/*!40101 SET character_set_client = utf8 */;
CREATE TABLE `actors_movies` (
  `actor_id` int(10) unsigned NOT NULL COMMENT 'Ссылка на актёра',
  `movie_id` int(10) unsigned NOT NULL COMMENT 'Ссылка на фильм',
  `created_at` datetime DEFAULT current_timestamp() COMMENT 'Время создания строки',
  PRIMARY KEY (`actor_id`,`movie_id`) COMMENT 'Составной первичный ключ',
  KEY `movies_movie_id_fk` (`movie_id`),
  CONSTRAINT `actors_movies_actor_id_fk` FOREIGN KEY (`actor_id`) REFERENCES `actors` (`id`) ON DELETE CASCADE,
  CONSTRAINT `actors_movies_movie_id_fk` FOREIGN KEY (`movie_id`) REFERENCES `movies` (`id`) ON DELETE CASCADE
) ENGINE=InnoDB DEFAULT CHARSET=utf8mb4 COLLATE=utf8mb4_unicode_ci COMMENT='Связь между актёрами и фильмами';
/*!40101 SET character_set_client = @saved_cs_client */;

--
-- Dumping data for table `actors_movies`
--

LOCK TABLES `actors_movies` WRITE;
/*!40000 ALTER TABLE `actors_movies` DISABLE KEYS */;
INSERT INTO `actors_movies` VALUES (1,339,'2012-08-06 16:22:52'),(1,350,'2020-04-25 08:02:13'),(4,155,'2019-01-03 08:51:58'),(5,289,'2015-06-22 05:57:38'),(6,87,'2018-05-31 04:45:17'),(6,213,'2011-08-11 07:49:30'),(8,175,'2018-03-29 02:23:10'),(8,281,'2014-09-20 00:03:07'),(8,287,'2019-01-17 18:48:47'),(9,252,'2012-11-04 00:08:40'),(10,361,'2018-08-20 11:33:35'),(10,364,'2019-02-09 01:07:46'),(10,391,'2020-09-10 10:08:13'),(12,74,'2016-03-30 15:22:32'),(14,391,'2018-11-26 12:58:42'),(15,85,'2020-11-12 07:56:17'),(16,1,'2013-03-06 04:45:56'),(18,60,'2021-02-22 05:42:57'),(18,103,'2015-10-19 15:36:22'),(18,205,'2020-11-27 04:06:51'),(19,251,'2016-04-14 21:42:54'),(22,262,'2012-12-09 22:15:50'),(22,307,'2019-09-17 20:03:29'),(23,368,'2013-04-04 23:14:32'),(24,228,'2018-11-11 11:45:30'),(26,238,'2018-05-09 02:01:51'),(26,396,'2011-12-27 19:12:14'),(29,291,'2011-05-22 04:08:57'),(30,273,'2013-11-13 10:05:53'),(31,123,'2014-09-08 01:16:29'),(32,182,'2018-01-08 00:35:41'),(33,45,'2011-10-22 14:48:16'),(33,231,'2019-12-25 23:35:48'),(36,372,'2014-06-29 21:21:03'),(37,41,'2017-11-16 17:58:36'),(37,152,'2017-04-19 15:39:57'),(37,379,'2018-06-29 00:04:31'),(39,16,'2011-09-07 03:33:19'),(39,313,'2013-11-30 02:38:59'),(40,71,'2020-07-08 19:49:57'),(40,239,'2012-03-30 04:50:00'),(40,268,'2016-05-10 10:50:09'),(42,213,'2016-04-25 03:56:59'),(42,246,'2011-11-28 06:54:11'),(42,296,'2017-02-26 02:30:40'),(43,383,'2020-07-30 02:25:32'),(44,237,'2019-09-12 04:19:08'),(45,313,'2015-09-02 12:28:31'),(46,171,'2016-05-27 05:13:50'),(50,184,'2020-11-23 11:29:20'),(53,6,'2014-08-02 04:37:05'),(53,165,'2021-02-25 22:19:21'),(56,49,'2012-10-07 03:09:55'),(57,47,'2020-04-10 05:35:10'),(57,210,'2020-10-11 10:47:58'),(59,2,'2021-04-20 16:44:11'),(59,59,'2017-05-07 15:18:24'),(59,83,'2011-07-13 12:54:02'),(60,62,'2019-10-26 15:49:56'),(61,342,'2016-11-25 12:50:56'),(66,52,'2014-02-10 09:47:12'),(66,213,'2019-02-11 16:48:03'),(67,58,'2012-09-17 08:06:18'),(68,23,'2021-01-11 14:43:53'),(70,175,'2013-04-05 00:54:56'),(71,387,'2019-08-03 16:05:31'),(72,261,'2014-04-15 11:16:42'),(74,7,'2017-08-03 11:43:56'),(74,97,'2011-07-28 05:21:51'),(74,286,'2014-08-28 19:14:03'),(74,326,'2017-05-14 01:27:15'),(75,187,'2016-07-13 20:13:44'),(75,278,'2019-05-19 04:53:43'),(77,145,'2012-02-24 11:30:07'),(82,330,'2011-08-13 06:29:22'),(82,370,'2012-04-16 03:53:27'),(83,98,'2018-08-09 03:18:17'),(83,115,'2018-12-23 05:55:37'),(83,334,'2012-09-29 21:50:09'),(84,150,'2016-04-12 11:04:13'),(85,248,'2013-12-05 09:10:54'),(85,283,'2013-05-01 05:48:19'),(87,101,'2017-03-31 18:58:16'),(88,9,'2020-05-18 17:57:55'),(88,40,'2017-11-30 00:20:07'),(88,199,'2015-07-30 06:12:56'),(89,248,'2019-05-12 03:04:24'),(89,323,'2013-04-20 09:58:46'),(90,99,'2012-11-30 16:18:35'),(90,198,'2011-08-13 20:44:30'),(90,219,'2016-09-12 18:13:44'),(93,160,'2015-02-18 01:31:06'),(94,143,'2015-02-20 16:37:30'),(96,233,'2020-05-18 14:24:26'),(97,248,'2019-12-19 02:02:12'),(98,23,'2012-08-28 06:36:36'),(98,343,'2015-03-24 12:21:10'),(99,88,'2012-07-11 12:14:43'),(99,239,'2012-03-10 21:40:15'),(100,368,'2019-09-17 20:50:27');
/*!40000 ALTER TABLE `actors_movies` ENABLE KEYS */;
UNLOCK TABLES;

--
-- Table structure for table `comments`
--

DROP TABLE IF EXISTS `comments`;
/*!40101 SET @saved_cs_client     = @@character_set_client */;
/*!40101 SET character_set_client = utf8 */;
CREATE TABLE `comments` (
  `id` int(10) unsigned NOT NULL AUTO_INCREMENT COMMENT 'Идентификатор строки',
  `movie_id` int(10) unsigned NOT NULL COMMENT 'Ссылка на фильм',
  `from_user_id` int(10) unsigned NOT NULL COMMENT 'Ссылка на отправителя сообщения',
  `to_user_id` int(11) DEFAULT NULL COMMENT 'Ссылка на получателя сообщения',
  `body` text COLLATE utf8mb4_unicode_ci NOT NULL COMMENT 'Текст сообщения',
  `created_at` datetime DEFAULT current_timestamp() COMMENT 'Время создания строки',
  PRIMARY KEY (`id`),
  KEY `comments_movie_id_to_id_fk` (`movie_id`),
  KEY `comments_from_user_id_to_fk` (`from_user_id`),
  CONSTRAINT `comments_from_user_id_to_fk` FOREIGN KEY (`from_user_id`) REFERENCES `users` (`id`) ON DELETE CASCADE,
  CONSTRAINT `comments_movie_id_to_id_fk` FOREIGN KEY (`movie_id`) REFERENCES `movies` (`id`) ON DELETE CASCADE
) ENGINE=InnoDB AUTO_INCREMENT=201 DEFAULT CHARSET=utf8mb4 COLLATE=utf8mb4_unicode_ci COMMENT='Комментарии';
/*!40101 SET character_set_client = @saved_cs_client */;

--
-- Dumping data for table `comments`
--

LOCK TABLES `comments` WRITE;
/*!40000 ALTER TABLE `comments` DISABLE KEYS */;
INSERT INTO `comments` VALUES (1,99,47,58,'Aspernatur deserunt consectetur quae totam. Tempore laboriosam est reprehenderit aliquam magnam nemo. Aliquam sed facilis iste sed. Ea nihil reiciendis dolores.','2013-01-22 18:16:30'),(2,117,64,6,'Itaque sapiente ut illo maxime. Odio sit eos rerum. Harum deleniti quo impedit voluptas. Aspernatur hic aut sit error.','2017-11-29 10:08:01'),(3,201,28,91,'Eaque error sed sit perspiciatis mollitia et. Voluptatem et nihil voluptatibus illo fugit nobis ratione quia. Est vel qui sit.','2017-10-07 05:08:18'),(4,287,70,52,'Eos nemo ut dicta recusandae eaque quo aliquam. Reiciendis qui explicabo nesciunt dolor sed totam. Nostrum et consectetur qui fugiat tempore consequatur id. Ipsa consequatur doloribus aut.','2018-11-22 03:49:47'),(5,303,71,36,'Doloribus cum ipsum consequatur perspiciatis. Aspernatur est velit maiores animi maiores accusamus saepe dolores. Dolorum alias voluptas voluptatem omnis natus omnis ut. Sit distinctio voluptatibus repellat qui.','2012-04-04 00:58:47'),(6,158,10,92,'Ullam eum labore voluptatem porro explicabo ut exercitationem. Et soluta dolores corporis cumque occaecati. Voluptatibus ex tenetur aut dolor.','2019-11-06 09:37:45'),(7,351,88,37,'Et praesentium eum magni similique voluptas. Hic doloremque voluptatem quia rerum ab ducimus natus eveniet. Odio praesentium ut sit sint non omnis.','2012-08-11 00:48:09'),(8,369,62,31,'Dolore nihil in quia ea officiis neque. Vitae delectus excepturi enim praesentium adipisci. Officia distinctio magnam ex dolorum.','2015-12-04 16:40:45'),(9,5,86,74,'Tempore soluta qui eum est quia provident dicta et. Quia ea aliquam repellat aut distinctio molestiae quis. Ipsum nihil magni dolores ullam. Asperiores sed illo odit.','2011-12-13 21:15:51'),(10,146,80,92,'Ut id iusto reprehenderit suscipit dolor quis error. Dolore facilis voluptatem dolorum magni aut voluptas. A recusandae tempora ut est ea accusamus ut.','2016-11-16 23:24:20'),(11,382,5,39,'Aut sequi repudiandae itaque recusandae quis esse a. Et qui impedit nisi voluptatem voluptas blanditiis id fuga. Perferendis qui ut molestias asperiores. Et optio ut sequi animi officia.','2017-02-21 00:41:44'),(12,212,34,3,'Non libero quis sint et. Ut molestiae quasi saepe facilis alias.','2014-06-30 00:35:23'),(13,236,84,30,'Aspernatur quidem necessitatibus qui laborum optio debitis deleniti. Natus esse et excepturi rerum adipisci. Quo minus qui ipsa maiores. Voluptatem et dolore molestiae non.','2012-02-20 03:26:16'),(14,197,56,99,'Consequatur voluptatem hic quaerat tempora. Non nihil quod dolor sit aut. Qui in dignissimos voluptate id in. Et consectetur cumque ut esse fugiat non optio dolore.','2017-09-24 09:34:50'),(15,2,31,70,'Qui et laborum et iure sunt saepe. Provident reprehenderit dolor ut unde magni eum veniam repudiandae. Quod aut ad sit.','2015-08-20 02:18:06'),(16,143,71,80,'Dolores facilis debitis est enim fugiat qui assumenda. Eveniet ab et nihil.','2012-11-03 14:02:37'),(17,110,58,68,'Aut alias porro facilis. Praesentium sed maiores ut. Necessitatibus rerum sed vel nesciunt maxime eos. Cum consequatur doloremque cupiditate molestiae quo illo inventore.','2014-04-17 11:18:57'),(18,257,50,29,'Fuga praesentium qui cumque necessitatibus. Impedit in ex magni magni non voluptates atque. Consequatur ipsa eos a rerum dolor nihil consequatur.','2019-08-15 20:31:47'),(19,379,51,15,'Eum facere quo ea. Quas libero facere sint et. Cupiditate error tenetur ut at. Est autem aliquid est veritatis.','2012-04-16 21:04:17'),(20,272,88,94,'Dolorem voluptas quidem accusantium sed autem. Rerum ipsa aut voluptas rerum quam cupiditate. Sit vero repellendus sapiente sint dicta nostrum quis. Id temporibus sint minima quia neque rerum.','2015-10-13 18:25:36'),(21,237,83,99,'Accusamus itaque et qui molestiae harum et. Impedit laudantium necessitatibus autem quia rerum. Repellendus nemo consequatur sunt explicabo. Deserunt dolore nihil voluptatem aliquam molestiae.','2019-10-17 07:52:58'),(22,390,36,32,'Omnis fuga et voluptatem et iusto. Ea sint itaque qui amet laborum et. Ducimus omnis facilis ea enim quam ad voluptas. Soluta alias minus ut et consequatur repellendus. Nemo debitis consectetur qui tempora sequi.','2012-04-15 14:29:02'),(23,399,95,15,'Sit perferendis iure dolorum et. Expedita animi blanditiis debitis maxime qui. Ea aperiam atque accusamus cum praesentium.','2016-02-18 02:04:39'),(24,117,44,70,'Sint autem accusantium et aut. Dicta et esse et placeat.','2018-07-07 06:14:30'),(25,112,45,1,'Rerum dicta qui ut quasi molestiae molestiae ut voluptates. Fuga ut voluptatem ut eos qui. Inventore iste libero quasi culpa et exercitationem. Cupiditate sequi esse alias dicta ratione.','2015-01-20 21:01:29'),(26,391,80,71,'Pariatur laboriosam harum facere eum sed reiciendis in placeat. Voluptate ad sed omnis et ut quae. Natus blanditiis facere porro neque voluptatum voluptatem sint. Illo amet velit officiis voluptatum.','2018-10-24 18:01:25'),(27,309,7,29,'Dolores ex ea minima et aspernatur. Sed delectus qui mollitia tempora repellat qui aliquid. Inventore ut praesentium sed alias omnis quod voluptatem. Voluptatem cumque id quo similique tempora iste.','2017-03-27 13:33:11'),(28,178,72,79,'Quia aut quo non officia iste perferendis quia. Deserunt autem et fugiat veritatis explicabo expedita sequi. Quis velit temporibus ut occaecati laborum. Aut eum aut deserunt vel tempore dignissimos consequuntur. Nihil doloremque corporis sint optio.','2019-11-30 02:17:54'),(29,293,66,30,'Illum qui aut voluptatem molestias. Qui odit quos similique accusantium ipsum ut odit. Sit officia necessitatibus ipsa eum voluptatem libero. Quisquam enim odit aliquid animi sit.','2014-05-17 18:38:25'),(30,352,34,17,'Assumenda quo quis voluptatem culpa voluptas. Similique qui debitis odio et. A est molestias tenetur sequi aliquam maxime. Natus magni ipsam sapiente cum incidunt voluptas.','2021-05-05 00:43:44'),(31,328,93,100,'Ullam ex repudiandae exercitationem est dicta sequi consectetur. Velit illum maxime deleniti eum consequuntur.','2021-02-10 03:15:26'),(32,320,91,36,'Consequatur ea provident harum animi sed. Aut quisquam aut doloremque aspernatur. Fugit soluta natus odit. Aut delectus esse eos repellendus rerum et.','2020-02-02 17:18:27'),(33,45,90,30,'Ut autem doloremque ea perspiciatis libero et harum. Maiores incidunt nemo deserunt commodi sunt et. Nobis aliquam modi aut tenetur animi aut et ut. Vitae pariatur facere id doloremque veritatis sint voluptas. Ut magnam inventore et sed et minus.','2017-06-13 09:32:04'),(34,104,19,74,'Et quo libero enim quis. Voluptas qui aut explicabo molestiae ut minima. In asperiores itaque corrupti quia.','2016-11-08 19:24:36'),(35,383,47,18,'Numquam odio placeat quaerat occaecati. Dicta dicta quod nemo corrupti suscipit. Quasi consequuntur reiciendis eligendi et aut.','2019-12-26 06:14:49'),(36,385,45,98,'Ea quas repudiandae sed aliquam quis illum. Reprehenderit facilis laboriosam aspernatur consequuntur. Voluptas odio aut voluptates voluptatem eius vel.','2020-05-07 15:40:29'),(37,268,22,5,'Reiciendis est ut facilis voluptatem ipsum. Sed et illo et et officia laborum. Sapiente nostrum voluptatem ullam enim amet. Quas sed ut ut accusantium sint vitae explicabo provident.','2019-09-30 06:33:53'),(38,381,66,76,'Quam velit omnis sit recusandae natus possimus sed. Asperiores saepe repudiandae eaque nisi necessitatibus temporibus. Deleniti iure qui eos fuga occaecati hic doloremque ducimus. Fugit ut minus fuga enim.','2021-05-12 00:42:58'),(39,294,40,41,'Qui optio veniam blanditiis ipsa minus aliquam earum itaque. Culpa dolorem libero quidem nulla placeat commodi distinctio. Molestias rerum adipisci est architecto et.','2019-02-12 07:53:32'),(40,11,27,75,'Eos quos eligendi sit qui iste aspernatur incidunt. Provident veritatis voluptas voluptate vitae et. Quod aliquid eveniet nisi consequatur consequatur ea voluptate. Vero laudantium aliquam non labore rerum.','2016-01-26 19:39:15'),(41,78,9,68,'Enim est ut aliquam necessitatibus magni animi. Sed voluptates magnam et ut magnam. Quis excepturi delectus enim.','2014-02-20 02:50:59'),(42,76,89,58,'Eum vero ex quasi eum. Itaque sed fuga quia unde doloribus autem rerum. Reprehenderit iste doloremque aut. Quia corrupti dolores vero qui ut molestiae ex dicta.','2021-02-18 04:20:31'),(43,218,1,47,'Veritatis mollitia autem placeat et nihil. Modi odio omnis iusto est ipsa nemo voluptatem. Quas quia aut atque atque amet eligendi aut. Aspernatur pariatur eos magnam aut beatae.','2011-08-02 18:42:01'),(44,337,26,66,'Voluptatem quia ad quod fugiat odit quisquam maiores incidunt. Earum sed quo enim nemo tenetur. Quae repellendus ex voluptatem corrupti. Quis autem repellendus ut quisquam. Quia facere dolores aperiam.','2016-08-05 15:03:07'),(45,232,22,13,'Velit eius ipsa mollitia esse vel ab quia nisi. Minus est ea aut deleniti laboriosam sit. Quia optio et sed magni. Accusamus illum tempore alias maiores dolorem nostrum voluptas amet.','2016-08-24 00:37:20'),(46,303,18,58,'Odit natus totam praesentium dolor enim cupiditate sed. Fugit est consequatur voluptas consectetur. Est placeat magnam qui beatae in est et.','2014-11-03 10:04:32'),(47,293,85,79,'Iusto est consequatur natus voluptatibus sequi omnis. Distinctio ab consequatur eum nihil quia aut. Ut in ut enim quia id corporis fugiat. Doloremque ea molestias fugiat ipsum in.','2021-04-12 18:57:06'),(48,310,80,45,'Tempora quidem sequi quos. Qui occaecati officiis omnis aliquam repellendus. Libero ut inventore quia ipsam nemo est.','2013-07-31 12:05:49'),(49,211,54,84,'Omnis est repudiandae quae dolores. Rerum voluptatem vel sunt magnam. Dignissimos dolorum earum nisi quia aliquam nihil qui.','2018-07-04 08:25:37'),(50,375,56,11,'Earum dolores id laboriosam id quia sed laboriosam. Et quaerat repudiandae voluptatem fugit. Repudiandae accusamus sunt nulla natus ut quidem. Quia repudiandae aliquam praesentium maiores porro rerum.','2020-08-27 13:47:18'),(51,273,76,20,'Vero non sed optio delectus iste nulla doloremque. Praesentium laboriosam expedita aperiam neque odio fuga blanditiis. Adipisci eaque reiciendis ullam iste facere.','2011-09-14 01:23:00'),(52,142,95,9,'Maxime consectetur sint ipsum corrupti. Temporibus quibusdam aliquam sed nemo. Aspernatur ullam magnam facilis repudiandae labore. Et cum ex sit in.','2015-12-14 07:35:36'),(53,371,49,9,'Corrupti id ducimus accusantium. Non porro ipsa ex. Neque maxime sint expedita incidunt sit quasi veniam in.','2016-03-26 11:43:25'),(54,159,33,35,'Enim voluptatem non in numquam. Et cumque qui quia modi. Omnis quia rerum architecto quibusdam minus voluptas velit.','2019-02-13 06:14:44'),(55,22,91,56,'Et saepe possimus quas tenetur. Alias quia sed voluptatem omnis qui. Est quod aut nisi magnam.','2018-06-17 15:59:09'),(56,72,67,74,'Nostrum reiciendis et tenetur placeat. In tempora sint corrupti qui fuga amet voluptates eligendi. Deleniti et qui atque recusandae et vero.','2020-11-25 17:22:12'),(57,300,40,58,'Non in necessitatibus quisquam. Facilis aperiam facilis assumenda voluptatum labore vel aut. Et dolorem sit cupiditate quo eveniet illo similique sed.','2015-06-15 21:49:02'),(58,215,17,38,'Voluptatem labore atque enim provident sapiente laboriosam voluptatem. Tempora accusantium libero earum illo nihil tempore. Non velit numquam aut rem.','2020-04-01 16:54:59'),(59,393,70,91,'Sit reprehenderit labore rem consequatur molestiae alias. Laudantium voluptatem aut qui. Porro quia illum hic magnam qui. Fuga accusamus qui id autem aperiam et.','2014-04-10 05:34:27'),(60,328,64,47,'Nobis nihil sint et. Et esse necessitatibus labore asperiores doloribus dolor. Id impedit magni aliquid sed qui ut.','2020-03-25 10:23:13'),(61,371,32,22,'Commodi earum quia consequatur aspernatur ea nam. Numquam reiciendis cupiditate et aut. Et ipsum enim quis dicta voluptas dicta. Sit ipsum commodi eos dolorum ut quaerat.','2011-08-05 07:28:35'),(62,49,67,17,'Aut doloremque doloribus hic sint sapiente. Accusantium asperiores magni cumque officiis et. Odio laborum sit id dolorem.','2017-06-01 21:58:25'),(63,82,60,65,'Deleniti et perspiciatis ut dolore aperiam nihil eveniet. Porro maxime praesentium molestias delectus nostrum dolores. Corrupti laboriosam cupiditate eum quas sint qui et. Distinctio nesciunt voluptate eum et debitis.','2011-08-11 23:53:06'),(64,115,99,98,'Reprehenderit voluptatum qui velit perferendis officiis cum. Et sequi omnis atque totam dolores quisquam sapiente. Nulla ipsum quaerat quaerat expedita.','2011-05-19 16:47:39'),(65,252,5,89,'Officiis fuga laborum sit nemo quasi deserunt qui. Et consequatur consectetur voluptates nulla provident voluptas ut. Vel aut aperiam recusandae qui reprehenderit quae voluptatem. Sint enim amet animi ut qui repellat iusto.','2014-05-03 15:12:14'),(66,75,22,55,'Dolore repellat aut ut tempora voluptatem at voluptatum. Minima est eum corrupti dolore ea omnis. Natus odio qui tempora occaecati minima sequi exercitationem.','2011-05-24 08:07:52'),(67,369,97,94,'Sed error eaque atque cupiditate reprehenderit et cumque doloremque. Sunt cupiditate dolorum molestiae ex sed sunt voluptatum saepe. Temporibus consequuntur facere eligendi minus ipsam.','2015-10-04 04:05:44'),(68,201,51,11,'Non nostrum deleniti minima optio quos optio. Esse aut excepturi quo. Quia eveniet quia autem optio sit et.','2014-10-16 06:58:06'),(69,352,49,80,'Et asperiores doloremque voluptate accusamus porro accusamus aut. Quae nostrum quia repellat quis non. Qui id unde voluptatem quos. Ullam amet nobis minus est.','2014-12-19 02:49:34'),(70,315,31,43,'Voluptas tempora consequuntur quia necessitatibus. Et et itaque libero ab. Eius provident voluptatem inventore omnis. Enim possimus incidunt a assumenda atque et.','2013-07-22 14:15:10'),(71,102,24,75,'Id praesentium animi odit est itaque quis dolores. Maxime repellendus nam sapiente possimus ipsa. Sapiente explicabo porro eligendi quia voluptatem voluptas ea.','2015-09-13 02:01:40'),(72,190,36,41,'Possimus dolorem porro excepturi iste. Hic dolorum dolorum a mollitia. Voluptatem sint omnis aut rem atque in aut molestiae. Totam aperiam dolorum ut laudantium explicabo asperiores in.','2014-12-24 16:29:37'),(73,254,56,100,'Illum consequuntur sit aut aspernatur ut placeat. Eos consequuntur ad provident et qui. Quas sed vero ducimus est non facere. Soluta qui porro commodi aperiam quis consectetur.','2016-05-17 05:25:03'),(74,113,85,99,'A consectetur sint tenetur qui earum. Consequatur eos dolorem maxime qui. Vitae rem quidem ut explicabo nulla.','2018-08-06 18:57:50'),(75,103,47,3,'Quasi quae inventore voluptatem autem beatae aliquam. Tenetur iste eum illo facilis. Ut et magni eum eum quia commodi alias qui. Eveniet maxime quod dolores omnis tempore sint.','2017-12-14 15:17:44'),(76,56,66,25,'Voluptatem qui doloremque rerum hic sit eos. Consequuntur cupiditate qui vel assumenda et. Ab id eveniet unde dolores eaque ipsum.','2015-06-02 22:47:34'),(77,274,58,22,'Sed et deleniti eum porro quae ducimus autem. Veritatis ad omnis inventore quod eum. Libero sequi facere excepturi dolorem omnis doloribus praesentium. Numquam omnis ea nulla aut non aut reiciendis quia.','2011-10-04 21:34:39'),(78,249,8,73,'Aut laborum id iusto sit impedit facilis. Vero minus sit sequi. Nobis saepe officiis necessitatibus non doloribus. Dicta minus delectus itaque et nihil quasi culpa.','2014-03-23 09:40:05'),(79,290,96,21,'Nisi enim et doloremque voluptas quas. Minima sunt quis est aut fugit ut fugiat. Quisquam qui vel labore debitis sequi doloribus exercitationem. Repellat omnis ut repudiandae corporis possimus.','2019-09-09 20:04:31'),(80,210,75,52,'Soluta numquam quo odit magnam. Qui explicabo voluptatem sapiente sint repellendus commodi illum. Aperiam molestiae voluptate debitis.','2015-06-18 01:03:56'),(81,381,100,75,'Ut est voluptatem amet aut. Consequuntur animi quia labore ipsam. Rem eveniet ipsum in excepturi aut.','2018-02-11 13:13:58'),(82,278,47,10,'Enim dolore officia assumenda itaque porro labore. Aut molestiae velit enim nisi quas ad repellendus. Repellendus rerum distinctio odio consectetur optio. Sit quae beatae tempora aut culpa unde placeat ut. Pariatur quam veritatis doloribus quos dolor vero.','2018-08-16 06:17:30'),(83,40,11,66,'Est fugit facilis reprehenderit corporis sint aut animi voluptas. Est occaecati facilis quo nobis. Aut tenetur vero culpa voluptas tempore vel qui.','2020-11-17 02:16:39'),(84,40,39,50,'Sint ratione totam modi fugiat labore delectus numquam quis. Eaque minus unde mollitia hic. Quae mollitia delectus saepe et earum illum reiciendis accusamus.','2019-04-23 09:07:17'),(85,34,65,97,'Consequatur nihil deleniti voluptas est. Nam sequi iure quis animi ullam. Quia ut facilis omnis ea non aut eos. Odio aut ipsum quo et error similique recusandae.','2015-09-18 06:45:52'),(86,44,79,63,'Incidunt rerum incidunt qui ullam enim illo. Omnis dolor reiciendis in quia sit. Et modi necessitatibus exercitationem dolores iure magni minus. Reprehenderit omnis totam autem deserunt.','2014-09-18 19:59:05'),(87,142,47,20,'Molestias voluptas velit cumque non et. Tempore dignissimos nam voluptatem qui iure fugit. Et et illo est nulla fugiat facilis cum. Voluptatem unde ut perspiciatis enim.','2021-01-06 12:23:42'),(88,228,9,28,'Ut ea quam quo tenetur saepe nihil. Amet animi exercitationem doloremque et sequi eaque placeat. Repellat qui ut sequi veritatis incidunt iusto occaecati. Ut omnis error id ipsum in consequatur aut.','2018-05-26 22:18:23'),(89,117,81,24,'Enim et qui aut dolorem. Voluptatum sed in eligendi inventore totam voluptas et. Deleniti aut fugiat qui dolor qui atque occaecati. Impedit tempora iste molestiae et. Consequatur praesentium nemo natus veniam ut sed tempore.','2014-03-02 05:28:54'),(90,201,34,98,'Soluta et possimus veritatis nihil. Earum qui ut et voluptatum assumenda. Rem laborum non qui consequatur qui vel harum. Qui aut in consequatur sunt. Autem neque autem voluptatibus sed est harum.','2012-08-12 00:41:14'),(91,7,29,98,'Dignissimos porro consequatur molestiae voluptatem qui. Et voluptas consequatur laborum aut non vel odio. Ratione commodi ratione similique sit molestias voluptas. Officiis et optio voluptatibus quia aliquid et perferendis. Quas in exercitationem accusamus amet eveniet soluta.','2021-05-06 18:25:31'),(92,305,98,45,'Dolor esse voluptatem omnis nostrum veritatis. Nemo aut odio est delectus. Perferendis non et eaque voluptatem magnam et assumenda. Eum tenetur ab qui culpa aut sunt.','2016-04-04 11:21:20'),(93,344,8,55,'Similique sequi rem repellat ea quam eum iste. Laudantium commodi velit minima voluptates.','2017-11-14 04:33:31'),(94,205,18,94,'Veritatis eaque sit aspernatur voluptate aut aspernatur. Nostrum architecto explicabo aut ipsum magni impedit sit non. Sit animi sunt maiores culpa illo enim. Sunt soluta consectetur id illum sunt libero.','2011-09-09 18:22:42'),(95,3,26,58,'Ut et quis molestiae aliquid inventore exercitationem. Non aut corrupti ipsum incidunt qui. Ea qui culpa molestiae et exercitationem molestiae ut. Ab placeat sunt doloremque quidem fugiat eligendi quam.','2018-01-28 05:58:40'),(96,388,37,36,'Doloremque quisquam quaerat eos rerum saepe quia laudantium. Voluptas ea omnis quod ut qui. Ut explicabo et omnis dolores natus.','2016-08-05 14:34:29'),(97,236,73,83,'Tenetur velit quos ratione deserunt autem adipisci. Dolor et id a aut molestias assumenda. Rem sed dolor dolorem voluptas est ipsa. Repudiandae repudiandae quo facilis sit sunt debitis. Distinctio aut tempore dolores ratione numquam atque ut dolorum.','2014-12-06 17:46:16'),(98,316,30,91,'Voluptatem quisquam totam eum consectetur minima. Accusamus voluptatum qui et quae. Perferendis pariatur dolor commodi quasi ipsam.','2017-04-30 09:30:43'),(99,27,59,72,'In dolor consequatur veritatis voluptate maxime unde ipsa qui. Iure autem earum molestias molestiae unde iure. Recusandae dolorem sunt sit totam quos.','2016-09-04 04:51:16'),(100,120,9,6,'Est molestias possimus commodi natus praesentium. Dolor mollitia sed cumque. Reiciendis voluptates in explicabo magni occaecati magnam. Quo provident et aspernatur eaque consequatur non.','2020-10-22 09:03:44'),(101,112,10,34,'Deserunt sequi excepturi est voluptatibus nihil non est. Soluta quia inventore porro vel et nihil non enim. Tempora ab natus quia doloremque. Et voluptas earum beatae repellat.','2015-11-25 15:51:50'),(102,102,86,32,'Ut eos ea facilis aut tempore corrupti. Iure nam veniam qui non. Qui quo exercitationem dolorum autem cupiditate. Vel impedit mollitia cumque cum laboriosam ab commodi. Assumenda harum voluptate culpa iure quo qui.','2011-07-19 03:47:34'),(103,279,72,40,'Non quae et mollitia facere. Officiis qui a earum qui. Dolorem dolores corrupti est vero aliquam veniam consequuntur. Consectetur architecto cupiditate perspiciatis quod aut sapiente suscipit.','2016-09-11 00:51:39'),(104,98,23,57,'Ut consequatur rerum autem mollitia ut. Voluptatem facilis soluta quam cum maiores. Sed quasi qui voluptatem dolores ab. Impedit maiores rerum voluptatem veritatis.','2021-01-19 09:34:46'),(105,72,24,83,'Voluptas odio quia voluptas magnam quasi quod pariatur. Sapiente dolorum ipsum cum molestias. Ullam rerum dicta earum atque dolorum.','2014-08-08 17:09:06'),(106,303,21,20,'Quod qui ut distinctio impedit occaecati tenetur. Alias nesciunt voluptatem accusantium quod qui tenetur commodi quas.','2019-10-20 03:02:48'),(107,46,80,92,'Eius sed et aut nihil labore magni alias. Nostrum dolorum ea iste qui voluptatem. Ducimus dignissimos reiciendis veniam voluptatum maiores minus. Tenetur quos occaecati sed reiciendis eius totam. Veritatis quis quis repellat blanditiis voluptates sapiente.','2012-08-31 00:19:42'),(108,376,59,21,'Voluptates rerum similique aperiam laudantium odit consectetur. Nisi commodi ut sequi voluptas ipsam ut. Incidunt laboriosam dignissimos necessitatibus. Sed aut vel illo nihil esse.','2017-04-20 14:32:43'),(109,339,65,80,'Labore ut delectus hic ipsum et vel eaque. Id asperiores distinctio nulla quibusdam dolorum necessitatibus velit. Dignissimos repellat id quis doloremque voluptatibus sint optio qui.','2017-07-31 21:24:39'),(110,227,95,88,'Incidunt voluptatem maxime nesciunt vitae qui. Recusandae ut quisquam officia. Natus qui maxime consequatur. Ea perspiciatis quia minima eos officia sit voluptatem ut. Aperiam maxime fugiat ullam voluptas minus delectus.','2016-08-25 03:29:20'),(111,247,23,98,'Porro saepe dolores delectus qui neque excepturi sunt ea. Aut pariatur veniam sint aut voluptatum ad hic. Facere quia non qui. Sed occaecati ut iusto sequi necessitatibus quia perferendis.','2016-08-06 03:33:22'),(112,381,48,84,'Soluta molestiae commodi quo rem qui rerum reiciendis. Omnis nihil ab eum distinctio ut id nam. Magni tenetur voluptatum sint iste unde sit. Fugit enim omnis in est voluptatem nesciunt.','2021-03-27 04:24:32'),(113,107,18,56,'Recusandae est eos quam. Sunt perspiciatis aut id. Ut consectetur molestiae molestiae sed nulla quam sed non. Architecto quis voluptate atque qui.','2013-08-23 16:10:18'),(114,263,42,78,'Ipsum porro similique tenetur alias in. Voluptas laboriosam iste natus enim deleniti et. Quasi ut dolorem omnis molestiae inventore. Pariatur nobis maiores voluptas voluptatem.','2014-06-26 01:35:27'),(115,90,60,2,'Dolorem similique voluptatem nulla velit ab. Et voluptatem unde aut fuga odio qui magni voluptatem. Harum molestiae sequi neque enim. Illo praesentium aspernatur blanditiis quaerat.','2015-10-13 13:52:05'),(116,20,35,22,'Nihil nulla modi quasi. Tempore nisi voluptas voluptatem nulla nesciunt. Provident quasi veniam fugiat recusandae consequuntur doloribus. Quia autem quia ut.','2021-01-03 05:31:13'),(117,98,47,2,'Aliquid eos provident repellendus saepe. Et eos optio sit. Voluptatem sit nobis animi.','2011-11-07 08:30:59'),(118,64,41,60,'Vel omnis facere quia sint iusto repudiandae aut. Officia expedita corrupti non repellat culpa possimus dolore iusto. Totam error facere laborum vero dolorem natus fugiat.','2014-12-10 12:47:44'),(119,147,25,24,'Et quasi accusantium illum. Ut aut nihil odit dicta minima. Labore eum et debitis voluptatem cum dolorum pariatur.','2019-07-11 13:58:11'),(120,64,82,19,'Modi ut accusamus officia ab. Voluptas et nihil consequatur consequuntur odit enim. Perferendis id aut quae incidunt.','2019-12-22 11:59:15'),(121,13,44,41,'Voluptate accusamus veritatis et. Voluptates tempora quo fugiat voluptas voluptatum qui vero. Deleniti molestiae itaque dolor similique sed.','2017-02-21 01:41:23'),(122,3,39,89,'Et unde consequatur consequatur dolor corporis labore. Et eligendi sit nesciunt vel doloremque. Autem vel ratione voluptas recusandae.','2017-05-04 10:13:19'),(123,335,65,6,'Est est ex debitis cumque dicta minima veritatis. Quis fugiat earum molestias.','2012-09-30 20:16:53'),(124,155,31,48,'Reiciendis illo qui in in accusamus. Dolores libero dolor quia rem aut ad. Nihil consequatur nulla rerum blanditiis enim omnis.','2014-07-28 09:10:44'),(125,67,53,7,'Sed alias qui vitae exercitationem voluptates voluptatibus. Et omnis non distinctio quia commodi unde. Optio ut saepe aut pariatur odio possimus eos. Laudantium non omnis sit et.','2019-12-15 09:47:36'),(126,73,58,42,'Provident dolore ut amet voluptatem consectetur. Et consequuntur inventore quae neque perspiciatis. Et et quasi consequatur aliquid fuga sit assumenda distinctio.','2020-03-11 13:50:22'),(127,160,83,89,'Odit asperiores et esse deleniti alias nam. Labore laudantium est reiciendis molestiae eum. Quis blanditiis iste corrupti placeat libero.','2013-12-18 11:18:42'),(128,164,99,29,'Est aut itaque veniam in saepe recusandae porro. Id cum a sit est est rerum. Eius provident tempore occaecati omnis est et deleniti. Quis et voluptas animi velit corporis.','2015-01-27 21:06:00'),(129,1,35,53,'Necessitatibus qui quibusdam rerum perspiciatis et. Esse pariatur eligendi nesciunt dignissimos optio. Reiciendis quia sed quia qui soluta natus. Facilis hic ipsa quia adipisci est. Qui repellat repellat dolores est qui in similique est.','2016-05-28 11:13:40'),(130,97,51,35,'Ratione explicabo nostrum nobis quaerat in sed vel. Ab illo praesentium vel tenetur nesciunt minus aut. Rerum quis eveniet distinctio adipisci. Ad accusamus architecto occaecati cumque qui eligendi ab.','2012-05-23 15:24:55'),(131,170,54,78,'Ut voluptatem vero voluptatem laboriosam ipsam. Laboriosam fuga eaque molestias non repellendus modi vitae excepturi. Fuga est quidem ut accusamus enim labore sit. Aliquam sed beatae consequatur odit nulla.','2014-09-04 07:02:42'),(132,333,55,16,'Debitis voluptas nostrum reprehenderit distinctio consequatur. Praesentium aut non hic sunt eum facere porro. Maxime ea tempora ut. Eos qui qui voluptatem eum doloribus reiciendis reprehenderit iure.','2020-02-06 09:53:08'),(133,286,39,81,'Autem consequatur sunt delectus illo non. Tenetur nemo deleniti laboriosam omnis molestiae porro occaecati. Sit perspiciatis qui rerum dolorum atque amet vel. Aperiam explicabo debitis ipsam voluptas repellat accusamus neque ut.','2019-05-03 01:50:14'),(134,309,77,12,'Mollitia numquam dolor numquam quos ut magnam distinctio qui. Ut facere delectus doloribus omnis et excepturi. Qui sed nisi et odit est. Optio ut facilis ullam praesentium.','2019-11-09 19:02:13'),(135,98,94,65,'Asperiores ex assumenda error ex. Hic quisquam magnam amet ut. Dolorum officia qui omnis illo.','2021-03-22 20:30:23'),(136,125,12,22,'Pariatur a deleniti eveniet id excepturi. Repellat cupiditate praesentium officia qui delectus deserunt et. Id sed quia perspiciatis enim velit non.','2015-08-17 04:36:15'),(137,291,52,5,'Quibusdam dolor impedit et laborum quos voluptatibus. Voluptatem nulla exercitationem non qui nam ad minima. Optio nisi quia dolor aut debitis corrupti et.','2020-03-27 15:57:42'),(138,243,93,3,'Exercitationem maiores dicta ratione sit. Qui necessitatibus eligendi asperiores dolorem. Unde magni ipsam nostrum earum saepe et sint nostrum. Voluptatem esse ut minima enim ducimus occaecati mollitia. Eum eveniet quas sequi facere fuga ea.','2014-02-16 14:51:56'),(139,356,93,37,'Aut vel eos qui aut neque porro eligendi veniam. Sed dolorem quaerat ut dolores sequi omnis facilis. Cum architecto quis dolorum dolorum similique. Dolorem exercitationem est suscipit aut cum quia accusantium.','2014-11-21 05:23:14'),(140,168,17,88,'Quibusdam velit error sunt delectus nobis quis. Quia non animi est architecto. In omnis inventore labore quos. Velit sint qui consectetur sed magnam. Accusamus tempora quaerat distinctio quis ipsum.','2014-03-27 14:25:50'),(141,305,59,42,'Dolor et mollitia qui hic. Ut saepe qui maiores nihil tempora voluptates. Nostrum sit optio ut et tenetur praesentium sed.','2015-11-13 01:09:29'),(142,215,43,96,'Quia est eaque sint suscipit minus. Ut maiores explicabo molestiae deleniti sunt.','2012-05-17 13:07:20'),(143,278,14,34,'Eligendi ut rem hic. Quia enim distinctio laudantium sed sunt. Qui eum error velit nobis commodi ad et laboriosam. Deserunt sed magnam error dolore aut doloremque.','2013-10-03 05:30:56'),(144,200,91,11,'Architecto eveniet dolor iusto sit repudiandae. Dolores nihil voluptate amet molestiae.','2016-10-01 04:36:29'),(145,245,15,4,'Debitis eos error magni omnis voluptatem eum. Minus qui atque ullam et sint et. Molestiae doloremque qui quod in. Hic vero velit laborum distinctio.','2013-04-19 21:42:35'),(146,101,46,16,'Non illum illo est a dolores delectus et. Saepe autem et dolores id velit accusantium. Ratione et rerum nihil.','2015-04-04 23:22:55'),(147,189,19,67,'Doloribus adipisci nisi ea ut ut exercitationem aut hic. Occaecati non temporibus aspernatur et. Eum nulla facilis ut quaerat voluptatem.','2015-10-31 15:40:47'),(148,205,80,60,'Amet doloremque fugiat illo. Laudantium dignissimos dignissimos voluptate eum aut non ut architecto. Error fugit delectus ut voluptate dignissimos. Eum tempora quos blanditiis aliquid a est ipsam ea. Maiores qui tenetur consequatur sit maiores sed sequi.','2016-06-17 00:35:01'),(149,213,69,52,'Aut impedit fuga molestiae. Veniam nulla voluptatibus aut eos veniam voluptatem. Maxime voluptates quia eum modi aut voluptatum error doloribus. Nemo officiis culpa neque omnis.','2011-08-06 11:59:52'),(150,361,10,69,'Dolores illo aut est voluptate inventore corrupti quia. Praesentium voluptatibus non voluptatem voluptatibus dignissimos explicabo. Qui recusandae molestias repellat sed quia. Ad dolorem nostrum porro nesciunt qui laborum. Alias ratione laboriosam tempora sunt.','2014-04-17 23:41:27'),(151,311,87,28,'Dolorem labore et sint laborum recusandae commodi. Quis impedit debitis consequatur cumque. Ut aspernatur ipsam rem aspernatur magni.','2018-10-14 07:30:50'),(152,76,40,70,'Deserunt labore sit sit ut laboriosam laudantium laboriosam optio. Et assumenda explicabo rerum vero maiores assumenda at quis. Quasi voluptas quam aliquam velit illum velit velit ducimus. Velit consequatur aut vel. Voluptas aspernatur ut iure harum.','2018-11-14 07:23:10'),(153,58,10,83,'Sint placeat aut nihil et laborum. Rerum eum ut dolor molestiae et voluptatem fugit. Voluptatum modi temporibus soluta consequatur laudantium. Molestiae harum qui quas adipisci id consectetur.','2016-10-26 17:59:33'),(154,192,59,74,'Fuga voluptas earum id laudantium. Mollitia sit vel rerum est odit aliquid doloremque. Amet dolorem voluptatem nihil consequatur. Corrupti et unde eaque et voluptatibus nostrum eos.','2018-11-01 13:50:08'),(155,234,21,89,'Alias minus tempora autem quam nihil. Eius eum soluta quibusdam eligendi. Est et voluptas sint. Culpa alias quis autem quam omnis ut.','2011-10-28 12:04:46'),(156,249,46,35,'Sit ut consequuntur repellat quo tenetur. Perferendis odit maxime est laborum. Sit enim similique laboriosam omnis.','2017-05-09 21:59:10'),(157,310,93,53,'Optio placeat veniam sed. Consequuntur et voluptatum quia consequuntur eaque. Rerum magni odio quia laudantium ut placeat.','2013-03-15 14:50:41'),(158,177,44,32,'Enim quae quisquam molestias aut sed quasi dolores dolor. Sit aut et est. Fuga occaecati est soluta quae reprehenderit.','2016-11-21 12:43:35'),(159,13,97,1,'Voluptas nobis sapiente sequi aut rem non. Praesentium molestias dolor rem velit mollitia. Magni in iusto et facere totam dolorem minima. Quasi mollitia fuga ipsum consequatur laboriosam velit beatae. Aut ea voluptatem quidem molestiae similique quaerat sit.','2014-11-02 20:09:37'),(160,219,87,10,'Soluta minima beatae dolorem ad quis illo quia. Vel facere vel dolores aut temporibus rem cumque. Tempore necessitatibus ipsam non omnis alias rerum velit molestias.','2017-05-26 16:39:23'),(161,92,65,97,'Ut ducimus hic rem sapiente ut. Beatae quia maxime consequatur vitae delectus et officiis. Ea doloribus sed ipsa odio iure quia dolores. Autem ex officia eum quibusdam.','2021-01-20 18:39:33'),(162,200,83,36,'Expedita fuga sunt voluptas ullam veniam dolore. Et voluptatibus eius voluptatem et. Dolore reiciendis consequatur rem rerum. Similique nulla consequatur ratione.','2018-07-06 09:26:36'),(163,76,98,45,'Autem sit dolorem sequi maiores sunt ea. Eligendi quis totam molestiae ducimus autem. Vitae et rerum adipisci nemo dicta pariatur. Repellat quo cumque qui sed ullam et pariatur. Qui deserunt dolorem unde exercitationem et.','2016-10-17 22:44:50'),(164,6,46,4,'Facilis est reiciendis eos. Tenetur et enim in nam voluptate voluptatem et in. Ut debitis fuga nesciunt. Culpa qui maiores voluptas amet eaque.','2014-12-13 10:08:35'),(165,299,4,24,'Iste qui aut temporibus ratione. Deserunt cumque sed voluptatem nihil et in.','2019-12-17 20:24:40'),(166,252,66,69,'Sed vitae incidunt quas vel quibusdam. Vero consequatur et quos est et dolorum. In dolores excepturi quibusdam.','2019-03-26 12:42:22'),(167,388,44,62,'Quia consequatur voluptatem vel ut delectus modi. Doloremque distinctio magnam consequuntur id qui asperiores. Illum et deserunt nemo voluptate odit optio omnis. Vitae odio et omnis autem eveniet eius aut.','2017-04-06 20:30:33'),(168,199,88,5,'Cum porro similique consequuntur esse laboriosam. Consectetur est consequuntur aperiam incidunt incidunt nobis. Blanditiis consequuntur eum at vero aliquid. Vitae doloribus ducimus quos cum quaerat vel id.','2019-02-10 14:17:00'),(169,327,91,1,'Qui et doloremque sit est omnis. Est et modi minima dolores tempora dolorum. Iste tempore saepe voluptas rerum.','2014-06-19 07:45:22'),(170,327,46,88,'Illo quis numquam nisi veniam dolor. Incidunt libero itaque voluptas aut amet. Corporis reiciendis non exercitationem eligendi.','2013-03-15 08:20:07'),(171,367,68,52,'Illo nihil quo maxime nulla assumenda fuga. Ullam id ut mollitia omnis totam incidunt. Et mollitia aut accusamus sed ad nulla atque quos. Non aut libero veritatis exercitationem. Illo eius porro magni quasi.','2018-10-24 06:52:11'),(172,351,18,35,'Rerum omnis sed enim inventore repellat velit. Earum maxime inventore quae libero tenetur. Maxime deleniti dolorem neque aliquid dolor blanditiis sequi.','2014-08-08 15:52:52'),(173,94,37,32,'Nihil voluptas corporis repudiandae quia temporibus velit aut blanditiis. Neque et mollitia illo excepturi laboriosam. Error quia provident ea vel repellat quam.','2020-01-13 13:46:56'),(174,273,38,77,'Recusandae eveniet dolor dolor reiciendis et repudiandae. Laudantium dolores dolorum et vel. Non ex earum voluptatem repudiandae.','2014-07-15 13:48:25'),(175,288,13,81,'Nihil quidem quo earum omnis. Qui placeat repellendus est. Nihil minus ea ut. Omnis voluptatum sunt illum suscipit.','2021-04-22 14:24:30'),(176,382,76,47,'Earum reiciendis debitis dolorem quaerat aut quia. Maxime aut sapiente qui est. Modi et voluptates deserunt placeat tempore similique. Omnis voluptatem qui delectus voluptate.','2018-02-04 03:47:22'),(177,257,73,90,'Eos autem alias quasi ducimus quae voluptates. Nam optio voluptates qui quisquam eum. Architecto velit qui voluptates est quisquam neque. Sint quisquam et eveniet est accusamus odit error.','2014-04-09 03:28:47'),(178,102,23,77,'Aspernatur aut et quos maiores sunt. Soluta voluptatum mollitia sunt animi pariatur et asperiores. Alias nobis ut dicta non qui. Quia accusantium aut ea et veniam.','2019-04-18 08:08:07'),(179,119,4,68,'Quam aliquam ratione rerum. Cum esse facere explicabo minus consequuntur quis. Omnis eligendi ipsam qui consequuntur harum.','2017-02-10 18:07:29'),(180,123,86,13,'Inventore quisquam vel perferendis ut non quas. Nam voluptas eos tempora quo. Voluptates occaecati cum ut fuga. Autem repudiandae quidem earum nesciunt.','2014-10-08 01:46:56'),(181,73,78,80,'Deleniti beatae officia quod omnis. Architecto ea repellat consequuntur. Ea a quae quae.','2013-02-17 00:49:09'),(182,279,65,98,'Qui aut doloribus quas aliquid id quam. Officiis porro accusantium iusto consequatur et quasi. Facilis qui illum earum et repudiandae quia.','2021-02-16 09:40:47'),(183,17,89,34,'Aspernatur voluptatem officiis sed praesentium et et. Aperiam ut rem sed omnis. Non qui id itaque consequatur minus et sit.','2021-03-01 08:16:16'),(184,144,57,72,'Aut possimus aut commodi. Repellendus est dolores nesciunt magni eos. Perferendis temporibus voluptas expedita natus delectus et. Eos error nostrum itaque omnis.','2017-01-14 13:17:00'),(185,52,29,85,'Ut et nemo voluptatem ut deleniti. Sed in et dolores nobis et a. Rerum quos repellendus architecto vel eum.','2013-09-13 23:37:58'),(186,374,24,61,'Voluptatem sit molestiae a. Aut alias hic vel. Sed repellat at consequatur amet enim error. Quis accusamus at culpa ipsa cum quia.','2013-09-04 21:49:01'),(187,159,88,33,'Et ut at modi laudantium velit. Sint ducimus eum inventore quis velit quis modi dolorem.','2017-10-06 07:27:16'),(188,117,13,55,'Omnis molestiae illum quaerat distinctio molestias voluptas unde. Minima eum non qui ut amet sint quas nihil. Amet est magnam aut nulla.','2017-02-28 20:26:21'),(189,23,43,59,'Sit voluptatum molestiae sapiente. Saepe blanditiis ullam ut dignissimos ut. Incidunt eos necessitatibus qui quia consequuntur. Praesentium eaque nemo aut aut et eos neque.','2012-01-31 20:28:26'),(190,292,74,45,'Repellat recusandae ipsa ea id ullam eos. Optio laborum repudiandae laborum nihil ex fuga. Et quas ut dicta eos non. Nobis suscipit ratione in est.','2013-02-11 02:05:47'),(191,340,92,22,'Et doloremque accusamus tempora fugiat vel. Minus quis dolorem quis velit quisquam ex illum. Excepturi at cupiditate officiis et.','2017-01-30 23:56:29'),(192,260,61,87,'Inventore delectus culpa voluptas ut. Aut adipisci consectetur mollitia possimus doloremque blanditiis consequatur. Odit blanditiis cum est. Ut fuga vel ipsam cum autem aut ratione dolores. Est suscipit voluptatibus molestiae sunt.','2015-09-06 22:05:38'),(193,250,66,75,'Est similique ipsam qui repellat. Asperiores tempore voluptatibus dolor est. Soluta nihil natus autem nobis.','2012-08-28 02:34:57'),(194,386,2,31,'Nemo laboriosam enim incidunt dolores nulla. Rem qui ut debitis natus. Tenetur soluta molestiae nostrum quia.','2012-05-22 11:46:12'),(195,273,15,59,'Quibusdam dolorum temporibus magni dolorum rerum non. Voluptatem quos ex dolorem consequatur voluptas. Consequatur nesciunt cupiditate excepturi itaque dicta aut earum. Laborum assumenda quaerat reiciendis sed.','2018-04-12 14:10:45'),(196,212,8,83,'Nihil quas reprehenderit delectus et veniam rerum. Sequi vitae eius vel consequuntur et nihil qui ipsum. Molestiae soluta blanditiis qui dolorum in dolor. Omnis voluptatem sit perspiciatis adipisci aut vel repudiandae.','2015-10-29 03:18:03'),(197,52,48,70,'Molestiae ut quia placeat eligendi ut quasi et. Et suscipit et est nostrum nulla. Facilis incidunt quae commodi dolores error et et eos. Commodi et deleniti iste eveniet earum. Ex eum corrupti quia inventore reprehenderit qui.','2012-12-22 19:18:44'),(198,183,77,83,'Expedita iste officiis consectetur accusamus voluptatem. Ut et ea qui consequatur. Quam ipsum maiores aut qui voluptatem.','2020-11-07 12:58:55'),(199,2,82,26,'Ad aspernatur similique dicta accusantium alias dicta. Quis maxime aut quisquam. Reiciendis similique accusantium aperiam eligendi.','2016-02-02 19:48:03'),(200,237,55,99,'Ut natus vel dolorum enim ut impedit accusantium. Quidem repellendus sit quia velit soluta veritatis deserunt.','2014-03-29 09:35:31');
/*!40000 ALTER TABLE `comments` ENABLE KEYS */;
UNLOCK TABLES;

--
-- Table structure for table `countries`
--

DROP TABLE IF EXISTS `countries`;
/*!40101 SET @saved_cs_client     = @@character_set_client */;
/*!40101 SET character_set_client = utf8 */;
CREATE TABLE `countries` (
  `id` int(10) unsigned NOT NULL AUTO_INCREMENT COMMENT 'Идентификатор строки',
  `country` varchar(200) COLLATE utf8mb4_unicode_ci NOT NULL COMMENT 'Страна',
  PRIMARY KEY (`id`),
  UNIQUE KEY `country` (`country`)
) ENGINE=InnoDB AUTO_INCREMENT=101 DEFAULT CHARSET=utf8mb4 COLLATE=utf8mb4_unicode_ci COMMENT='Страны';
/*!40101 SET character_set_client = @saved_cs_client */;

--
-- Dumping data for table `countries`
--

LOCK TABLES `countries` WRITE;
/*!40000 ALTER TABLE `countries` DISABLE KEYS */;
INSERT INTO `countries` VALUES (99,'Afghanistan'),(18,'American Samoa'),(45,'Angola'),(44,'Antigua and Barbuda'),(62,'Austria'),(93,'Azerbaijan'),(51,'Bangladesh'),(74,'Barbados'),(87,'Bolivia'),(25,'Botswana'),(73,'Bouvet Island (Bouvetoya)'),(98,'Brazil'),(37,'British Indian Ocean Territory (Chagos Archipelago)'),(29,'Brunei Darussalam'),(17,'Bulgaria'),(3,'Burkina Faso'),(85,'Burundi'),(54,'Central African Republic'),(19,'Colombia'),(41,'Costa Rica'),(24,'Cuba'),(64,'Cyprus'),(13,'Djibouti'),(83,'Dominica'),(31,'Ecuador'),(68,'El Salvador'),(14,'Eritrea'),(67,'Falkland Islands (Malvinas)'),(5,'Faroe Islands'),(23,'Fiji'),(33,'French Polynesia'),(32,'Gabon'),(59,'Gambia'),(38,'Germany'),(47,'Grenada'),(50,'Guadeloupe'),(12,'Guatemala'),(91,'Guernsey'),(70,'Haiti'),(61,'Holy See (Vatican City State)'),(7,'Hungary'),(49,'Iceland'),(79,'Indonesia'),(39,'Iraq'),(90,'Isle of Man'),(63,'Israel'),(76,'Jamaica'),(10,'Jersey'),(75,'Korea'),(30,'Latvia'),(57,'Lesotho'),(11,'Liberia'),(95,'Liechtenstein'),(40,'Lithuania'),(55,'Macao'),(77,'Maldives'),(89,'Mali'),(96,'Marshall Islands'),(86,'Mauritius'),(52,'Mongolia'),(28,'Montenegro'),(8,'Morocco'),(26,'Nepal'),(84,'Nigeria'),(42,'Niue'),(46,'Norfolk Island'),(22,'Northern Mariana Islands'),(69,'Oman'),(16,'Palau'),(20,'Palestinian Territory'),(53,'Panama'),(94,'Portugal'),(35,'Puerto Rico'),(6,'Qatar'),(82,'Romania'),(58,'Russian Federation'),(48,'Saint Lucia'),(27,'Saint Pierre and Miquelon'),(60,'Samoa'),(100,'Singapore'),(21,'Slovakia (Slovak Republic)'),(66,'Slovenia'),(97,'Solomon Islands'),(43,'Sri Lanka'),(1,'Sudan'),(56,'Svalbard & Jan Mayen Islands'),(9,'Swaziland'),(34,'Sweden'),(36,'Switzerland'),(78,'Thailand'),(72,'Togo'),(81,'Tunisia'),(65,'Turkmenistan'),(15,'Uganda'),(2,'United States Virgin Islands'),(71,'Vanuatu'),(4,'Venezuela'),(88,'Wallis and Futuna'),(92,'Yemen'),(80,'Zimbabwe');
/*!40000 ALTER TABLE `countries` ENABLE KEYS */;
UNLOCK TABLES;

--
-- Table structure for table `countries_movies`
--

DROP TABLE IF EXISTS `countries_movies`;
/*!40101 SET @saved_cs_client     = @@character_set_client */;
/*!40101 SET character_set_client = utf8 */;
CREATE TABLE `countries_movies` (
  `country_id` int(10) unsigned NOT NULL COMMENT 'Ссылка на страну',
  `movie_id` int(10) unsigned NOT NULL COMMENT 'Ссылка на фильм',
  `created_at` datetime DEFAULT current_timestamp() COMMENT 'Время создания строки',
  PRIMARY KEY (`country_id`,`movie_id`) COMMENT 'Составной первичный ключ',
  KEY `movies_movie_id_fk` (`movie_id`),
  CONSTRAINT `countries_country_id_fk` FOREIGN KEY (`country_id`) REFERENCES `countries` (`id`) ON DELETE CASCADE,
  CONSTRAINT `movies_movie_id_fk` FOREIGN KEY (`movie_id`) REFERENCES `movies` (`id`) ON DELETE CASCADE
) ENGINE=InnoDB DEFAULT CHARSET=utf8mb4 COLLATE=utf8mb4_unicode_ci COMMENT='Связь между странами и фильмами';
/*!40101 SET character_set_client = @saved_cs_client */;

--
-- Dumping data for table `countries_movies`
--

LOCK TABLES `countries_movies` WRITE;
/*!40000 ALTER TABLE `countries_movies` DISABLE KEYS */;
INSERT INTO `countries_movies` VALUES (1,173,'2012-01-20 11:42:25'),(1,221,'2020-03-31 21:06:28'),(1,279,'2017-10-09 12:24:09'),(2,115,'2015-06-04 18:05:38'),(2,160,'2013-04-12 07:48:45'),(2,330,'2011-08-31 21:49:22'),(3,307,'2021-04-30 03:24:02'),(4,135,'2012-09-26 13:06:46'),(5,80,'2014-01-03 14:24:34'),(5,112,'2013-05-02 21:35:17'),(5,167,'2020-10-25 21:15:50'),(5,296,'2015-11-08 23:05:00'),(7,305,'2019-09-28 09:56:00'),(9,214,'2018-11-10 23:52:27'),(10,114,'2011-09-03 18:21:33'),(11,114,'2020-11-30 15:31:26'),(11,221,'2018-05-31 04:57:42'),(12,100,'2012-12-25 14:25:32'),(13,38,'2018-03-30 06:35:42'),(13,184,'2015-01-27 01:18:16'),(14,84,'2017-10-21 11:33:12'),(16,51,'2020-06-24 07:30:45'),(16,229,'2014-09-23 14:43:06'),(17,329,'2018-02-16 12:59:30'),(18,83,'2018-08-14 02:31:24'),(18,260,'2013-02-10 14:47:35'),(18,263,'2018-01-27 09:10:25'),(18,371,'2014-02-04 10:02:27'),(19,1,'2021-05-09 10:11:49'),(19,75,'2019-02-07 11:20:39'),(19,127,'2015-01-13 10:07:57'),(19,133,'2014-02-22 19:17:37'),(19,361,'2018-03-12 08:08:23'),(20,260,'2013-10-15 17:54:30'),(20,339,'2014-02-18 23:24:27'),(20,400,'2018-10-27 23:42:15'),(21,74,'2020-01-27 05:27:11'),(21,214,'2012-06-20 04:45:35'),(21,220,'2015-03-05 12:44:39'),(22,15,'2017-10-11 05:46:30'),(22,314,'2017-07-12 10:10:19'),(22,356,'2012-04-27 05:59:55'),(23,18,'2020-12-05 12:02:39'),(23,95,'2018-12-07 08:46:32'),(24,208,'2012-05-17 14:45:13'),(24,221,'2013-05-24 05:23:48'),(25,93,'2011-10-04 14:12:18'),(26,328,'2016-07-20 18:39:05'),(27,95,'2015-02-26 10:52:06'),(27,150,'2013-06-24 13:09:50'),(27,219,'2015-11-15 15:54:38'),(27,347,'2017-11-08 12:54:16'),(29,131,'2014-07-01 07:36:42'),(29,183,'2013-02-28 17:32:45'),(31,18,'2020-01-26 22:38:01'),(32,165,'2016-10-09 16:25:59'),(33,177,'2015-02-23 03:26:38'),(34,7,'2021-04-27 07:45:45'),(34,39,'2017-11-22 10:40:28'),(34,90,'2021-03-05 12:04:27'),(34,135,'2021-03-30 13:53:02'),(34,230,'2016-07-12 15:17:15'),(34,253,'2013-01-13 17:30:35'),(34,315,'2011-09-03 02:23:10'),(35,42,'2017-02-10 05:52:04'),(35,91,'2018-10-09 22:12:35'),(35,97,'2018-10-24 15:24:38'),(35,241,'2020-06-01 09:49:46'),(37,232,'2013-11-18 05:00:31'),(37,234,'2021-01-26 00:32:56'),(38,147,'2013-06-03 03:26:26'),(39,88,'2013-06-27 20:19:46'),(39,129,'2012-08-24 05:53:06'),(39,305,'2016-01-08 12:15:45'),(39,311,'2019-02-07 06:32:07'),(40,143,'2012-10-27 20:20:46'),(40,185,'2020-03-31 20:20:15'),(41,11,'2011-12-01 04:36:43'),(41,93,'2016-10-30 20:56:37'),(43,77,'2013-10-08 04:08:19'),(43,176,'2019-01-11 19:10:37'),(44,114,'2020-07-10 23:15:59'),(44,284,'2015-01-16 04:57:58'),(45,14,'2020-03-01 23:17:15'),(45,18,'2017-07-21 05:48:08'),(45,36,'2012-12-03 07:45:48'),(45,186,'2013-05-08 12:57:47'),(48,44,'2018-03-11 10:22:36'),(48,101,'2017-10-06 04:02:35'),(49,110,'2012-10-01 13:55:56'),(49,240,'2020-09-30 12:04:09'),(49,282,'2017-09-24 19:53:02'),(50,252,'2016-11-23 09:26:22'),(51,83,'2018-04-05 10:56:16'),(51,140,'2012-06-09 07:45:38'),(52,97,'2021-01-01 05:10:20'),(52,135,'2012-02-08 20:30:49'),(52,199,'2019-03-23 04:29:21'),(53,204,'2019-12-16 22:20:46'),(53,225,'2017-09-28 06:39:22'),(53,345,'2017-02-04 19:03:30'),(54,207,'2015-08-26 01:04:45'),(56,89,'2014-12-05 20:46:38'),(56,210,'2018-01-11 00:54:41'),(56,282,'2016-08-25 00:43:52'),(58,77,'2015-06-14 08:58:33'),(59,143,'2018-07-21 13:58:49'),(59,230,'2016-03-29 21:54:18'),(59,365,'2019-01-02 20:01:01'),(61,252,'2011-11-11 06:29:35'),(62,23,'2017-06-27 00:41:54'),(62,92,'2013-09-25 10:46:05'),(63,77,'2011-07-14 05:38:47'),(63,171,'2015-01-21 15:03:21'),(63,203,'2021-04-18 12:06:34'),(63,211,'2017-12-02 12:20:55'),(65,4,'2016-12-07 01:00:53'),(65,79,'2015-05-16 07:32:30'),(66,276,'2015-12-07 03:00:09'),(67,64,'2012-07-24 14:38:17'),(68,87,'2015-07-04 13:18:44'),(69,14,'2012-05-12 06:34:35'),(69,80,'2021-03-20 20:18:27'),(69,215,'2019-08-25 12:13:37'),(70,173,'2019-04-03 09:57:09'),(70,191,'2013-12-19 22:36:37'),(70,304,'2019-01-30 22:29:31'),(71,55,'2013-01-21 10:50:46'),(71,78,'2015-09-27 05:44:31'),(71,186,'2019-11-05 05:35:24'),(71,252,'2015-12-12 17:20:50'),(71,379,'2012-07-31 06:32:11'),(72,86,'2016-03-04 20:17:38'),(72,305,'2015-02-16 15:07:02'),(73,35,'2021-04-07 17:32:42'),(73,197,'2020-09-14 11:01:02'),(73,376,'2018-05-26 05:13:58'),(74,279,'2020-08-28 00:54:38'),(74,343,'2017-04-21 09:19:27'),(74,364,'2013-07-25 17:20:58'),(74,365,'2013-09-10 13:29:27'),(75,58,'2015-06-30 03:48:59'),(75,203,'2019-10-01 12:49:34'),(76,133,'2019-02-01 20:07:25'),(76,243,'2016-06-10 01:23:35'),(77,13,'2018-03-19 07:32:17'),(77,34,'2017-03-30 17:24:10'),(77,357,'2017-12-29 05:59:52'),(78,77,'2018-12-21 00:54:09'),(78,125,'2017-11-04 08:30:44'),(79,47,'2021-02-15 16:02:46'),(79,138,'2012-07-06 22:41:02'),(80,73,'2020-02-07 08:31:29'),(82,95,'2017-10-21 06:10:13'),(82,213,'2017-12-07 05:35:36'),(82,387,'2018-12-02 05:15:26'),(83,130,'2014-09-02 03:06:53'),(83,266,'2011-05-21 01:16:27'),(83,302,'2020-01-20 09:33:05'),(83,335,'2018-07-04 06:46:51'),(84,81,'2012-05-29 18:03:07'),(84,163,'2021-04-14 23:57:06'),(84,187,'2015-10-18 21:42:57'),(85,287,'2015-10-16 15:38:17'),(85,339,'2012-12-20 06:42:48'),(86,313,'2014-07-12 02:23:03'),(87,1,'2019-08-06 17:49:20'),(87,50,'2019-11-20 23:07:29'),(88,112,'2013-08-05 01:42:22'),(88,143,'2019-08-18 09:28:20'),(88,356,'2019-06-02 07:52:42'),(88,357,'2013-07-28 08:21:01'),(88,360,'2017-11-08 13:10:36'),(89,94,'2017-04-28 13:28:45'),(89,255,'2018-02-16 20:01:25'),(89,298,'2020-07-29 18:08:20'),(89,375,'2014-10-27 20:32:26'),(91,60,'2012-08-27 20:33:52'),(91,189,'2016-07-06 21:02:50'),(91,202,'2019-02-11 04:00:25'),(91,205,'2014-12-08 23:57:19'),(91,346,'2015-01-30 06:15:35'),(92,281,'2014-04-28 19:09:23'),(92,302,'2015-09-08 01:49:02'),(92,337,'2017-03-26 11:23:02'),(93,124,'2020-05-08 09:23:33'),(93,296,'2020-07-17 00:02:27'),(93,323,'2014-08-27 01:24:40'),(94,102,'2016-02-09 19:30:19'),(94,111,'2019-08-06 21:37:47'),(94,301,'2013-01-01 02:28:10'),(94,400,'2014-09-26 07:32:13'),(95,376,'2018-02-03 22:04:29'),(97,15,'2020-04-09 12:19:08'),(97,159,'2020-08-25 07:38:01'),(99,2,'2015-09-27 01:10:32'),(99,30,'2016-08-15 17:34:00'),(99,308,'2016-07-21 23:24:12'),(100,206,'2018-01-12 20:04:13'),(100,210,'2014-07-04 06:26:28');
/*!40000 ALTER TABLE `countries_movies` ENABLE KEYS */;
UNLOCK TABLES;

--
-- Table structure for table `friendship`
--

DROP TABLE IF EXISTS `friendship`;
/*!40101 SET @saved_cs_client     = @@character_set_client */;
/*!40101 SET character_set_client = utf8 */;
CREATE TABLE `friendship` (
  `user_id` int(10) unsigned NOT NULL COMMENT 'Ссылка на инициатора дружеских отношений',
  `friend_id` int(10) unsigned NOT NULL COMMENT 'Ссылка на получателя приглашения дружить',
  `friendship_status_id` int(10) unsigned NOT NULL COMMENT 'Ссылка на статус (текущее состояние) отношений',
  `confirmed_at` datetime DEFAULT NULL COMMENT 'Время подтверждения приглашения',
  `created_at` datetime DEFAULT current_timestamp() COMMENT 'Время создания строки',
  `updated_at` datetime DEFAULT current_timestamp() ON UPDATE current_timestamp() COMMENT 'Время обновления строки',
  PRIMARY KEY (`user_id`,`friend_id`) COMMENT 'Составной первичный ключ',
  KEY `friendship_friend_id_fk` (`friend_id`),
  KEY `friendship_status_id_fk` (`friendship_status_id`),
  CONSTRAINT `friendship_friend_id_fk` FOREIGN KEY (`friend_id`) REFERENCES `users` (`id`) ON DELETE CASCADE,
  CONSTRAINT `friendship_status_id_fk` FOREIGN KEY (`friendship_status_id`) REFERENCES `friendship_statuses` (`id`) ON DELETE CASCADE,
  CONSTRAINT `friendship_user_id_fk` FOREIGN KEY (`user_id`) REFERENCES `users` (`id`) ON DELETE CASCADE
) ENGINE=InnoDB DEFAULT CHARSET=utf8mb4 COLLATE=utf8mb4_unicode_ci COMMENT='Таблица дружбы';
/*!40101 SET character_set_client = @saved_cs_client */;

--
-- Dumping data for table `friendship`
--

LOCK TABLES `friendship` WRITE;
/*!40000 ALTER TABLE `friendship` DISABLE KEYS */;
INSERT INTO `friendship` VALUES (1,74,1,'2021-05-14 18:43:04','2014-11-29 00:07:49','2021-05-14 18:43:04'),(1,90,3,'2019-01-06 18:21:05','2011-11-15 22:53:34','2014-01-09 19:46:33'),(2,28,1,'2020-02-24 12:09:40','2015-09-20 11:00:00','2016-01-31 05:45:27'),(2,56,3,'2021-05-14 18:43:04','2015-12-01 12:02:28','2021-05-14 18:43:04'),(2,66,1,'2021-05-14 18:43:04','2020-12-02 09:39:48','2021-05-14 18:43:04'),(2,77,2,'2017-11-07 20:47:12','2015-01-17 17:51:11','2016-12-09 13:43:05'),(3,29,2,'2021-05-14 18:43:04','2015-12-09 14:12:16','2021-05-14 18:43:04'),(3,78,2,'2017-08-03 13:49:37','2017-06-15 09:55:26','2017-10-04 19:28:33'),(4,71,3,'2021-05-14 18:43:04','2017-04-24 13:48:38','2021-05-14 18:43:04'),(4,91,2,'2021-05-14 18:43:04','2014-10-22 14:48:54','2021-05-14 18:43:04'),(4,96,2,'2014-06-20 12:24:41','2013-02-27 08:25:44','2020-01-31 15:02:28'),(5,15,1,'2021-05-14 18:43:04','2020-05-27 20:25:23','2021-05-14 18:43:04'),(5,18,3,'2017-02-08 20:12:34','2015-07-17 13:49:31','2021-05-14 18:42:33'),(5,56,1,'2016-08-11 12:24:47','2011-06-26 16:48:35','2020-11-27 02:30:43'),(7,1,1,'2013-11-13 09:08:53','2011-07-31 11:04:51','2016-02-07 22:26:06'),(7,36,2,'2014-06-28 19:43:09','2012-07-15 08:24:52','2019-08-05 01:42:12'),(7,82,1,'2020-06-28 08:47:15','2019-03-26 03:35:37','2021-05-14 18:42:33'),(7,84,2,'2018-10-14 10:22:12','2014-03-22 03:17:31','2018-12-03 04:20:10'),(7,94,1,'2017-02-04 05:36:42','2011-08-12 02:15:22','2020-10-24 15:43:47'),(8,64,1,'2021-05-14 18:43:04','2019-08-16 00:14:02','2021-05-14 18:43:04'),(8,83,1,'2021-05-14 18:43:04','2016-08-13 09:51:04','2021-05-14 18:43:04'),(8,98,2,'2021-05-14 18:43:04','2020-08-27 11:42:33','2021-05-14 18:43:04'),(9,33,3,'2021-05-14 18:43:04','2018-02-02 02:19:01','2021-05-14 18:43:04'),(9,39,2,'2017-12-19 11:08:08','2016-11-04 17:40:53','2020-12-24 05:41:54'),(9,78,2,'2021-04-28 20:21:16','2013-01-23 23:23:26','2020-02-03 14:13:07'),(10,32,3,'2021-05-14 18:43:04','2018-06-25 05:09:11','2021-05-14 18:43:04'),(10,39,3,'2018-06-11 07:27:21','2015-03-26 12:49:02','2016-02-21 15:42:58'),(10,63,1,'2021-05-13 19:06:53','2020-08-23 11:18:18','2021-05-14 18:42:33'),(11,49,1,'2013-02-06 10:04:47','2012-11-23 15:54:32','2020-06-11 04:38:54'),(11,51,3,'2021-05-14 18:43:04','2017-09-09 17:13:36','2021-05-14 18:43:04'),(11,94,1,'2021-03-22 05:01:34','2014-03-03 23:16:37','2018-08-31 22:02:41'),(12,71,2,'2013-10-04 04:59:26','2012-11-25 09:57:04','2020-02-02 04:26:02'),(12,79,2,'2021-05-14 18:43:04','2018-01-21 09:24:39','2021-05-14 18:43:04'),(12,98,1,'2021-05-14 18:43:04','2018-06-21 07:37:56','2021-05-14 18:43:04'),(13,61,1,'2017-11-29 07:51:40','2015-01-12 09:48:19','2017-06-05 04:26:25'),(13,82,1,'2018-06-16 16:15:59','2015-01-21 21:49:06','2018-05-27 18:11:24'),(13,88,2,'2014-05-20 12:47:55','2012-08-06 12:34:39','2014-08-18 17:42:09'),(14,57,3,'2020-01-31 07:26:36','2016-06-30 23:34:14','2019-02-16 01:05:11'),(15,33,1,'2019-11-01 14:49:48','2015-05-20 23:18:57','2017-03-18 16:08:47'),(16,39,2,'2021-05-14 18:43:04','2014-06-08 03:12:00','2021-05-14 18:43:04'),(16,60,2,'2021-05-14 18:43:04','2019-12-03 01:46:54','2021-05-14 18:43:04'),(17,32,2,'2020-08-29 20:07:08','2019-12-18 04:55:09','2021-05-14 18:42:33'),(17,55,3,'2021-05-14 18:43:04','2015-05-05 23:50:16','2021-05-14 18:43:04'),(18,9,1,'2014-09-22 07:27:47','2013-07-12 21:13:23','2017-08-26 07:21:24'),(19,72,2,'2021-05-14 18:43:04','2012-02-03 18:24:49','2021-05-14 18:43:04'),(20,59,3,'2016-12-16 14:57:09','2015-08-07 18:03:36','2021-05-14 18:42:33'),(20,85,3,'2021-05-14 18:43:04','2018-01-02 23:24:15','2021-05-14 18:43:04'),(21,44,1,'2016-08-01 20:06:03','2011-09-19 17:23:55','2020-09-07 08:15:05'),(21,48,2,'2021-05-14 18:43:04','2017-11-11 23:54:57','2021-05-14 18:43:04'),(21,49,3,'2021-05-14 18:43:04','2016-08-26 08:36:29','2021-05-14 18:43:04'),(23,28,2,'2016-05-30 04:30:32','2014-07-13 13:17:41','2015-12-14 12:09:53'),(23,35,3,'2021-05-14 18:43:04','2019-12-23 17:30:13','2021-05-14 18:43:04'),(23,87,2,'2017-10-13 23:12:01','2016-10-29 20:12:13','2018-06-07 00:30:30'),(23,97,2,'2021-05-14 18:43:04','2019-11-02 19:29:33','2021-05-14 18:43:04'),(24,8,3,'2021-05-14 18:43:04','2017-10-13 22:07:39','2021-05-14 18:43:04'),(24,20,2,'2021-01-11 01:33:55','2013-08-28 01:18:34','2021-05-14 18:42:33'),(24,50,1,'2017-03-06 19:14:35','2012-12-22 00:38:06','2020-06-30 08:48:51'),(24,65,3,'2020-10-11 22:48:06','2014-10-22 13:57:22','2015-01-08 05:13:09'),(24,77,3,'2020-10-06 17:49:05','2013-11-27 04:56:13','2016-02-27 14:54:42'),(25,71,3,'2021-05-14 18:43:04','2018-09-28 03:23:45','2021-05-14 18:43:04'),(25,94,2,'2021-05-14 18:43:04','2017-01-10 20:29:29','2021-05-14 18:43:04'),(26,2,1,'2021-05-14 18:43:04','2021-01-02 02:18:22','2021-05-14 18:43:04'),(26,17,1,'2020-07-27 01:32:24','2011-11-14 23:46:40','2021-01-17 14:58:12'),(27,6,2,'2021-05-14 18:43:04','2018-11-11 20:03:28','2021-05-14 18:43:04'),(27,31,3,'2021-05-14 18:43:04','2018-05-28 03:23:40','2021-05-14 18:43:04'),(27,57,1,'2021-05-14 18:43:04','2018-03-11 23:31:22','2021-05-14 18:43:04'),(27,65,1,'2021-05-14 18:43:04','2021-04-23 17:29:08','2021-05-14 18:43:04'),(27,68,3,'2021-05-14 18:43:04','2020-11-07 21:35:40','2021-05-14 18:43:04'),(27,69,2,'2021-05-14 18:43:04','2014-01-04 14:35:58','2021-05-14 18:43:04'),(28,12,2,'2017-05-13 03:38:50','2015-09-17 07:23:41','2019-07-07 01:25:09'),(29,30,2,'2017-06-17 03:30:27','2013-10-20 18:49:23','2015-09-11 23:32:43'),(29,97,1,'2016-12-17 23:08:44','2013-12-10 12:37:45','2019-08-21 22:57:39'),(31,67,1,'2021-05-14 18:43:04','2016-08-18 05:11:52','2021-05-14 18:43:04'),(32,13,3,'2021-05-14 18:43:04','2020-10-24 02:25:37','2021-05-14 18:43:04'),(33,25,2,'2017-03-23 19:40:45','2014-09-21 17:35:39','2018-08-28 11:48:52'),(35,13,1,'2021-02-23 09:28:07','2013-04-25 16:43:51','2016-03-23 02:15:39'),(35,58,2,'2020-11-18 02:08:18','2017-04-09 21:54:56','2018-10-13 11:09:46'),(36,100,1,'2021-05-14 18:43:04','2019-07-21 15:08:37','2021-05-14 18:43:04'),(37,1,2,'2016-10-09 04:26:58','2014-07-24 18:03:38','2019-07-04 06:11:24'),(37,5,1,'2021-05-14 18:43:04','2020-03-26 02:26:41','2021-05-14 18:43:04'),(37,14,3,'2021-05-14 18:43:04','2020-06-28 15:06:50','2021-05-14 18:43:04'),(37,18,3,'2018-01-15 02:46:45','2012-08-02 18:27:08','2016-04-10 16:16:21'),(37,73,1,'2021-05-14 18:43:04','2016-12-18 15:38:19','2021-05-14 18:43:04'),(37,100,2,'2021-05-14 18:43:04','2018-04-21 05:31:19','2021-05-14 18:43:04'),(38,80,2,'2018-06-19 06:27:18','2014-01-16 18:20:26','2021-05-14 18:42:33'),(40,36,2,'2021-05-14 18:43:04','2015-08-21 08:27:00','2021-05-14 18:43:04'),(42,11,1,'2021-05-14 18:43:04','2017-12-19 05:01:57','2021-05-14 18:43:04'),(42,97,3,'2021-05-14 18:43:04','2013-12-28 18:49:14','2021-05-14 18:43:04'),(43,4,3,'2019-06-07 14:09:53','2017-06-11 00:33:23','2019-12-30 02:32:22'),(44,62,1,'2018-02-13 09:41:01','2015-03-15 22:02:44','2021-05-14 18:42:33'),(45,52,1,'2021-05-14 18:43:04','2020-09-14 19:38:36','2021-05-14 18:43:04'),(45,91,3,'2016-07-10 06:57:06','2011-07-08 22:03:21','2021-04-27 11:13:28'),(46,68,2,'2021-02-08 09:28:41','2019-06-19 17:01:52','2021-05-14 18:42:33'),(47,47,3,'2021-05-14 18:43:04','2018-04-29 01:13:26','2021-05-14 18:43:04'),(47,78,3,'2021-05-14 18:43:04','2015-02-27 02:42:09','2021-05-14 18:43:04'),(49,49,3,'2018-03-15 23:42:22','2013-06-23 12:44:46','2018-01-11 17:00:18'),(50,21,1,'2021-05-14 18:43:04','2020-01-18 03:57:17','2021-05-14 18:43:04'),(50,64,2,'2021-05-14 18:43:04','2019-05-21 00:16:07','2021-05-14 18:43:04'),(50,79,3,'2019-12-30 09:13:57','2019-06-17 07:45:06','2021-05-14 18:42:33'),(51,6,3,'2021-05-14 18:43:04','2017-06-06 03:28:48','2021-05-14 18:43:04'),(51,11,3,'2021-05-14 18:43:04','2012-06-03 12:49:26','2021-05-14 18:43:04'),(51,83,3,'2017-04-28 16:18:58','2017-03-20 15:36:39','2021-05-14 18:42:33'),(51,84,3,'2021-05-14 18:43:04','2019-12-12 05:23:03','2021-05-14 18:43:04'),(51,94,2,'2020-07-03 10:44:49','2019-01-13 14:02:38','2021-02-28 10:03:21'),(52,79,2,'2018-01-08 12:54:51','2017-06-11 20:00:58','2021-05-14 18:42:33'),(53,42,2,'2013-06-17 23:31:34','2012-11-06 02:45:17','2013-08-24 04:11:45'),(53,76,2,'2021-05-14 18:43:04','2015-12-06 04:52:17','2021-05-14 18:43:04'),(53,82,1,'2019-01-27 03:05:12','2018-03-07 12:51:23','2019-05-28 21:38:24'),(54,13,2,'2021-01-27 08:28:20','2018-03-16 13:50:09','2018-10-18 00:19:30'),(55,12,1,'2021-05-14 18:43:04','2019-09-30 17:43:19','2021-05-14 18:43:04'),(55,96,1,'2021-05-14 18:43:04','2018-12-11 04:23:32','2021-05-14 18:43:04'),(55,99,1,'2021-05-14 18:43:04','2019-09-20 03:53:44','2021-05-14 18:43:04'),(56,70,2,'2020-08-13 14:24:06','2016-11-15 02:43:45','2021-05-14 18:42:33'),(57,1,2,'2021-04-29 18:43:29','2013-11-10 20:37:43','2015-08-07 02:38:41'),(57,82,2,'2018-01-15 18:44:49','2017-04-21 14:36:43','2021-05-14 18:42:33'),(57,86,2,'2013-07-16 04:04:50','2012-08-16 18:11:01','2019-02-07 13:03:53'),(58,15,3,'2021-05-14 18:43:04','2019-09-03 23:07:56','2021-05-14 18:43:04'),(58,78,1,'2021-05-14 18:43:04','2020-12-29 16:05:08','2021-05-14 18:43:04'),(58,89,2,'2021-05-14 18:43:04','2020-05-17 07:49:01','2021-05-14 18:43:04'),(59,31,2,'2016-11-18 23:55:59','2013-08-16 20:12:51','2017-10-28 01:00:00'),(59,91,2,'2021-05-14 18:43:04','2014-03-06 22:36:08','2021-05-14 18:43:04'),(60,12,1,'2021-01-01 21:29:08','2014-02-08 03:14:23','2015-03-23 00:09:43'),(60,47,3,'2021-05-14 18:43:04','2013-02-04 07:09:29','2021-05-14 18:43:04'),(60,90,2,'2016-05-11 12:12:59','2015-11-04 17:22:52','2021-01-31 00:49:23'),(61,15,3,'2019-10-06 17:05:07','2018-07-28 08:30:53','2019-07-25 19:25:32'),(62,21,3,'2021-05-14 18:43:04','2021-04-06 18:54:41','2021-05-14 18:43:04'),(62,71,3,'2019-06-25 14:38:03','2017-08-24 18:31:01','2019-03-29 18:26:49'),(63,31,3,'2021-05-14 18:43:04','2020-05-27 09:07:07','2021-05-14 18:43:04'),(64,57,3,'2015-06-30 12:02:03','2014-05-06 02:46:30','2021-05-14 18:42:33'),(64,86,3,'2021-05-14 18:43:04','2020-03-21 05:39:21','2021-05-14 18:43:04'),(65,11,2,'2018-08-15 18:33:05','2016-02-21 11:49:30','2021-05-14 18:42:33'),(65,21,1,'2017-01-23 19:14:07','2013-01-31 10:55:34','2013-03-04 05:08:01'),(65,31,3,'2021-05-14 18:43:04','2020-05-17 09:09:44','2021-05-14 18:43:04'),(65,33,3,'2016-09-22 07:16:45','2012-10-13 15:06:21','2020-08-17 13:51:53'),(65,60,2,'2021-05-14 18:43:04','2020-02-10 13:09:32','2021-05-14 18:43:04'),(66,12,3,'2021-05-14 18:43:04','2018-03-11 01:35:02','2021-05-14 18:43:04'),(66,75,1,'2021-05-14 18:43:04','2016-11-03 12:55:10','2021-05-14 18:43:04'),(68,68,1,'2021-05-14 18:43:04','2017-10-11 10:30:35','2021-05-14 18:43:04'),(70,1,2,'2014-09-19 09:43:05','2011-06-02 16:01:04','2020-04-23 11:37:34'),(70,5,2,'2020-11-14 22:45:35','2012-02-12 06:37:33','2018-08-30 03:54:53'),(70,44,2,'2021-05-14 18:43:04','2014-07-14 02:11:33','2021-05-14 18:43:04'),(73,4,2,'2018-05-24 08:01:55','2012-09-22 20:22:49','2017-03-06 23:25:49'),(73,43,3,'2015-02-05 13:30:39','2014-05-06 20:20:59','2021-05-14 18:42:33'),(73,49,3,'2018-10-22 02:10:39','2017-03-13 23:13:17','2021-05-14 18:42:33'),(73,97,1,'2021-05-14 18:43:04','2018-04-15 08:14:02','2021-05-14 18:43:04'),(74,10,1,'2021-05-14 18:43:04','2014-09-06 15:45:30','2021-05-14 18:43:04'),(74,20,2,'2021-05-14 18:43:04','2014-11-26 04:36:28','2021-05-14 18:43:04'),(75,7,2,'2016-11-10 01:53:32','2012-05-27 00:00:13','2013-03-03 18:29:41'),(75,84,2,'2021-05-14 18:43:04','2016-04-22 06:39:58','2021-05-14 18:43:04'),(75,93,1,'2021-05-14 18:43:04','2017-03-24 19:16:15','2021-05-14 18:43:04'),(77,97,1,'2017-12-11 20:03:07','2014-07-16 01:53:12','2016-12-08 23:03:38'),(78,49,2,'2021-05-14 18:43:04','2019-11-08 15:08:43','2021-05-14 18:43:04'),(79,34,1,'2021-05-14 18:43:04','2018-02-13 15:14:23','2021-05-14 18:43:04'),(80,44,2,'2014-09-04 23:44:23','2013-03-30 05:41:49','2015-03-15 03:06:43'),(80,68,3,'2021-05-14 18:43:04','2017-01-15 02:57:41','2021-05-14 18:43:04'),(81,21,2,'2020-10-14 17:14:06','2017-10-04 18:17:16','2021-05-14 18:42:33'),(81,86,2,'2016-11-03 19:33:42','2014-11-14 02:40:42','2014-12-06 08:00:22'),(82,3,1,'2016-02-29 06:41:44','2014-05-21 15:49:29','2021-05-14 18:42:33'),(82,10,3,'2018-11-03 09:12:20','2017-01-07 00:17:10','2021-05-14 18:42:33'),(82,70,1,'2014-01-23 10:09:50','2014-01-18 01:47:38','2018-02-13 03:50:59'),(82,92,1,'2016-11-11 23:01:10','2014-08-26 09:26:09','2021-05-14 18:42:33'),(82,99,1,'2020-02-19 10:41:24','2015-11-09 08:05:52','2019-02-09 18:12:03'),(83,72,2,'2021-05-14 18:43:04','2014-06-20 04:24:01','2021-05-14 18:43:04'),(84,11,2,'2021-05-14 18:43:04','2019-07-20 08:17:05','2021-05-14 18:43:04'),(84,18,1,'2021-05-14 18:43:04','2020-06-17 08:28:09','2021-05-14 18:43:04'),(84,48,2,'2021-05-14 18:43:04','2016-06-30 03:39:14','2021-05-14 18:43:04'),(85,54,3,'2014-08-05 01:09:04','2011-07-21 12:39:28','2017-03-24 12:42:00'),(86,9,1,'2020-09-16 01:00:08','2014-02-22 06:05:49','2019-07-06 18:19:21'),(87,56,2,'2021-05-14 18:43:04','2020-05-10 09:56:59','2021-05-14 18:43:04'),(87,68,3,'2017-07-29 05:01:50','2013-11-14 21:38:48','2021-05-14 18:42:33'),(88,33,3,'2020-04-25 18:40:54','2019-08-04 06:45:44','2021-05-14 18:42:33'),(88,34,2,'2020-04-06 22:46:02','2013-12-19 21:28:39','2017-01-08 21:38:58'),(88,36,2,'2015-09-08 02:45:55','2013-03-23 11:30:43','2017-08-15 14:58:25'),(88,40,2,'2021-05-14 18:43:04','2017-07-08 01:28:13','2021-05-14 18:43:04'),(88,41,1,'2018-01-30 14:48:45','2013-10-07 09:05:48','2021-05-14 18:42:33'),(89,62,2,'2017-07-15 14:38:41','2013-06-12 20:05:37','2015-04-16 06:49:26'),(89,79,3,'2020-07-15 02:26:04','2016-07-28 11:58:42','2021-05-14 18:42:33'),(89,90,3,'2021-01-28 14:56:14','2012-03-25 14:15:14','2015-08-15 08:02:29'),(90,3,1,'2021-05-14 18:43:04','2017-10-19 03:58:56','2021-05-14 18:43:04'),(90,94,3,'2021-05-14 18:43:04','2018-09-30 14:37:16','2021-05-14 18:43:04'),(91,21,3,'2021-05-14 18:43:04','2019-03-25 19:37:30','2021-05-14 18:43:04'),(91,23,2,'2021-05-14 18:43:04','2016-01-01 20:57:03','2021-05-14 18:43:04'),(92,1,2,'2021-05-14 18:43:04','2020-05-16 18:00:25','2021-05-14 18:43:04'),(92,86,1,'2021-05-14 18:43:04','2015-02-05 08:12:41','2021-05-14 18:43:04'),(93,60,1,'2021-05-14 18:43:04','2021-02-16 10:15:08','2021-05-14 18:43:04'),(93,96,1,'2020-10-25 10:42:46','2020-07-24 16:28:25','2021-05-14 18:42:33'),(94,69,1,'2019-03-31 05:36:12','2017-03-26 03:22:36','2021-05-14 18:42:33'),(95,76,1,'2014-12-25 09:44:53','2013-07-30 05:09:17','2019-07-02 10:08:04'),(96,67,3,'2021-05-14 18:43:04','2021-02-01 14:49:38','2021-05-14 18:43:04'),(97,28,3,'2021-05-14 18:43:04','2019-08-31 12:54:24','2021-05-14 18:43:04'),(98,30,2,'2018-08-09 16:32:34','2011-12-15 08:00:41','2013-11-20 05:51:54'),(98,32,2,'2019-02-13 11:38:31','2017-06-24 12:09:34','2021-05-14 18:42:33'),(98,54,2,'2021-05-14 18:43:04','2020-06-27 14:08:11','2021-05-14 18:43:04'),(99,15,3,'2021-05-14 18:43:04','2019-09-11 16:02:25','2021-05-14 18:43:04'),(99,20,3,'2021-05-14 18:43:04','2017-12-20 11:29:26','2021-05-14 18:43:04'),(99,27,1,'2021-05-14 18:43:04','2019-07-19 15:35:36','2021-05-14 18:43:04'),(99,36,1,'2019-08-06 10:44:09','2018-11-03 12:19:19','2020-05-18 18:11:43'),(99,77,2,'2021-05-14 18:43:04','2012-03-15 23:34:30','2021-05-14 18:43:04'),(100,73,3,'2021-05-14 18:43:04','2019-03-04 01:02:42','2021-05-14 18:43:04'),(100,74,3,'2021-05-14 18:43:04','2020-12-20 22:30:00','2021-05-14 18:43:04');
/*!40000 ALTER TABLE `friendship` ENABLE KEYS */;
UNLOCK TABLES;

--
-- Table structure for table `friendship_statuses`
--

DROP TABLE IF EXISTS `friendship_statuses`;
/*!40101 SET @saved_cs_client     = @@character_set_client */;
/*!40101 SET character_set_client = utf8 */;
CREATE TABLE `friendship_statuses` (
  `id` int(10) unsigned NOT NULL AUTO_INCREMENT COMMENT 'Идентификатор строки',
  `name` enum('Requested','Confirmed','Rejected') COLLATE utf8mb4_unicode_ci DEFAULT 'Requested' COMMENT 'Название статуса',
  `created_at` datetime DEFAULT current_timestamp() COMMENT 'Время создания строки',
  `updated_at` datetime DEFAULT current_timestamp() ON UPDATE current_timestamp() COMMENT 'Время обновления строки',
  PRIMARY KEY (`id`)
) ENGINE=InnoDB AUTO_INCREMENT=4 DEFAULT CHARSET=utf8mb4 COLLATE=utf8mb4_unicode_ci COMMENT='Статусы дружбы';
/*!40101 SET character_set_client = @saved_cs_client */;

--
-- Dumping data for table `friendship_statuses`
--

LOCK TABLES `friendship_statuses` WRITE;
/*!40000 ALTER TABLE `friendship_statuses` DISABLE KEYS */;
INSERT INTO `friendship_statuses` VALUES (1,'Confirmed','2013-09-16 10:13:15','2017-08-31 06:51:53'),(2,'Requested','2018-12-19 09:49:41','2019-04-21 17:59:43'),(3,'Rejected','2017-02-08 10:36:57','2018-06-27 23:02:48');
/*!40000 ALTER TABLE `friendship_statuses` ENABLE KEYS */;
UNLOCK TABLES;

--
-- Table structure for table `genres`
--

DROP TABLE IF EXISTS `genres`;
/*!40101 SET @saved_cs_client     = @@character_set_client */;
/*!40101 SET character_set_client = utf8 */;
CREATE TABLE `genres` (
  `id` int(10) unsigned NOT NULL AUTO_INCREMENT COMMENT 'Идентификатор строки',
  `genre` varchar(200) COLLATE utf8mb4_unicode_ci NOT NULL COMMENT 'Жанр',
  PRIMARY KEY (`id`),
  UNIQUE KEY `genre` (`genre`)
) ENGINE=InnoDB AUTO_INCREMENT=21 DEFAULT CHARSET=utf8mb4 COLLATE=utf8mb4_unicode_ci COMMENT='Жанры';
/*!40101 SET character_set_client = @saved_cs_client */;

--
-- Dumping data for table `genres`
--

LOCK TABLES `genres` WRITE;
/*!40000 ALTER TABLE `genres` DISABLE KEYS */;
INSERT INTO `genres` VALUES (12,'a'),(5,'cum'),(18,'est'),(8,'et'),(6,'fuga'),(17,'nobis'),(9,'non'),(15,'nulla'),(11,'odio'),(16,'officia'),(7,'quasi'),(4,'quis'),(3,'ratione'),(10,'reprehenderit'),(14,'sit'),(20,'temporibus'),(2,'ut'),(1,'velit'),(13,'voluptas'),(19,'voluptatem');
/*!40000 ALTER TABLE `genres` ENABLE KEYS */;
UNLOCK TABLES;

--
-- Table structure for table `genres_movies`
--

DROP TABLE IF EXISTS `genres_movies`;
/*!40101 SET @saved_cs_client     = @@character_set_client */;
/*!40101 SET character_set_client = utf8 */;
CREATE TABLE `genres_movies` (
  `genre_id` int(10) unsigned NOT NULL COMMENT 'Ссылка на жанр',
  `movie_id` int(10) unsigned NOT NULL COMMENT 'Ссылка на фильм',
  `created_at` datetime DEFAULT current_timestamp() COMMENT 'Время создания строки',
  PRIMARY KEY (`genre_id`,`movie_id`) COMMENT 'Составной первичный ключ',
  KEY `genres_movies_movie_id_fk` (`movie_id`),
  CONSTRAINT `genres_movies_genre_id_fk` FOREIGN KEY (`genre_id`) REFERENCES `genres` (`id`) ON DELETE CASCADE,
  CONSTRAINT `genres_movies_movie_id_fk` FOREIGN KEY (`movie_id`) REFERENCES `movies` (`id`) ON DELETE CASCADE
) ENGINE=InnoDB DEFAULT CHARSET=utf8mb4 COLLATE=utf8mb4_unicode_ci COMMENT='Связь между жанрами и фильмамиё';
/*!40101 SET character_set_client = @saved_cs_client */;

--
-- Dumping data for table `genres_movies`
--

LOCK TABLES `genres_movies` WRITE;
/*!40000 ALTER TABLE `genres_movies` DISABLE KEYS */;
INSERT INTO `genres_movies` VALUES (1,20,'2020-06-28 23:36:14'),(1,46,'2019-06-28 02:23:59'),(1,49,'2019-06-10 11:28:58'),(1,158,'2014-01-31 06:57:34'),(1,174,'2016-09-11 01:56:53'),(1,199,'2017-11-07 02:37:12'),(1,228,'2015-08-18 16:39:24'),(1,239,'2013-04-20 01:30:40'),(1,299,'2013-05-12 12:47:30'),(1,300,'2018-11-27 18:22:16'),(1,315,'2015-11-19 15:01:54'),(1,341,'2013-11-29 21:19:25'),(1,345,'2011-06-21 11:30:55'),(1,395,'2013-08-07 17:35:32'),(2,30,'2017-12-17 04:47:43'),(2,57,'2016-08-09 04:12:34'),(2,103,'2019-02-21 21:14:35'),(2,120,'2017-05-12 02:25:38'),(2,132,'2019-11-19 04:21:21'),(2,154,'2017-08-30 19:48:58'),(2,169,'2019-09-16 01:00:44'),(2,174,'2020-08-03 23:53:50'),(2,199,'2018-03-05 21:48:27'),(2,212,'2019-11-27 22:42:47'),(2,218,'2012-04-16 23:21:07'),(2,238,'2013-10-02 13:24:20'),(2,270,'2016-08-21 15:24:16'),(2,328,'2011-06-25 23:31:49'),(2,369,'2012-05-21 22:46:48'),(2,399,'2012-05-24 00:26:20'),(3,21,'2015-10-29 21:23:11'),(3,56,'2017-06-29 14:24:29'),(3,198,'2017-10-01 17:35:08'),(3,230,'2012-09-14 02:09:02'),(3,284,'2021-01-18 06:54:09'),(3,322,'2019-04-20 08:18:04'),(3,353,'2018-08-02 15:05:04'),(3,368,'2017-08-02 08:38:17'),(3,389,'2014-12-26 21:45:11'),(3,391,'2014-03-16 07:15:36'),(4,14,'2016-09-22 03:32:08'),(4,57,'2012-02-16 03:54:42'),(4,127,'2018-07-09 12:21:14'),(4,192,'2016-01-15 14:26:24'),(4,302,'2011-12-27 01:21:27'),(4,361,'2015-12-04 12:24:25'),(4,365,'2016-01-27 06:02:57'),(5,3,'2016-07-09 18:08:04'),(5,20,'2018-09-21 23:59:34'),(5,50,'2012-09-07 01:20:18'),(5,82,'2016-11-02 11:12:22'),(5,100,'2015-07-24 00:12:44'),(5,122,'2019-10-15 11:12:08'),(5,142,'2014-08-17 01:26:56'),(5,220,'2019-12-03 08:39:51'),(5,221,'2014-06-25 03:03:06'),(5,283,'2011-07-03 14:25:59'),(5,306,'2015-05-18 01:50:41'),(5,316,'2017-04-10 02:41:32'),(5,338,'2014-10-02 17:31:40'),(5,388,'2020-12-30 05:03:21'),(5,394,'2013-05-22 03:41:28'),(6,2,'2017-04-21 18:23:27'),(6,32,'2013-09-17 02:19:50'),(6,44,'2012-04-07 11:18:55'),(6,86,'2015-08-31 05:52:50'),(6,105,'2015-08-25 15:49:14'),(6,126,'2014-08-15 15:21:16'),(6,135,'2020-12-22 20:27:29'),(7,81,'2016-06-09 20:34:34'),(7,97,'2012-06-04 10:19:15'),(7,127,'2016-04-04 16:14:59'),(7,166,'2014-04-16 17:01:06'),(7,339,'2018-06-08 09:40:16'),(7,367,'2014-04-24 15:10:23'),(7,380,'2012-08-25 01:27:38'),(8,2,'2020-03-07 22:29:04'),(8,23,'2021-02-16 21:51:05'),(8,28,'2017-06-19 11:49:00'),(8,92,'2013-07-29 16:14:57'),(8,110,'2014-04-14 05:23:45'),(8,201,'2015-04-02 23:54:32'),(8,206,'2012-04-01 18:16:05'),(8,209,'2017-12-01 20:51:02'),(8,245,'2017-02-19 02:46:44'),(8,284,'2019-07-11 23:29:50'),(8,303,'2014-12-04 21:40:30'),(8,319,'2019-10-23 21:34:22'),(8,336,'2016-05-28 02:53:13'),(8,337,'2011-08-17 07:13:24'),(9,54,'2012-04-12 02:18:09'),(9,81,'2014-01-29 08:49:24'),(9,115,'2014-10-13 06:52:42'),(9,162,'2019-12-16 16:23:12'),(9,242,'2015-06-01 04:02:43'),(9,293,'2011-07-26 20:40:10'),(9,306,'2013-06-12 21:26:08'),(9,327,'2013-11-21 18:44:33'),(9,343,'2018-01-21 03:37:56'),(9,345,'2013-02-28 17:59:11'),(9,349,'2018-11-23 10:49:07'),(9,383,'2011-11-30 09:37:24'),(10,14,'2015-07-21 01:35:07'),(10,21,'2019-10-07 05:47:26'),(10,92,'2012-03-28 08:33:05'),(10,116,'2016-12-05 19:32:33'),(10,136,'2013-08-24 05:28:37'),(10,187,'2011-11-30 15:19:28'),(10,200,'2011-11-07 09:25:46'),(10,253,'2016-01-27 12:36:20'),(11,15,'2012-05-21 21:58:17'),(11,194,'2020-09-23 18:56:22'),(11,229,'2018-02-07 01:05:51'),(11,244,'2011-11-19 23:05:04'),(11,268,'2011-12-12 19:41:10'),(11,338,'2017-11-18 19:19:36'),(12,29,'2015-01-23 21:57:04'),(12,53,'2015-05-24 18:16:38'),(12,91,'2012-08-02 22:05:43'),(12,114,'2020-08-20 03:26:50'),(12,158,'2015-07-18 19:22:33'),(12,169,'2014-08-17 15:02:31'),(12,219,'2014-09-02 06:36:58'),(12,227,'2015-01-31 09:52:04'),(12,292,'2016-10-08 23:31:33'),(12,349,'2019-04-09 13:19:33'),(12,358,'2017-04-01 14:42:37'),(12,387,'2011-10-07 02:06:29'),(13,58,'2018-01-04 02:54:45'),(13,73,'2012-02-17 02:21:14'),(13,110,'2020-02-02 05:38:41'),(13,118,'2019-03-10 00:22:14'),(13,228,'2016-11-29 17:24:20'),(13,297,'2020-08-26 22:39:16'),(13,310,'2019-08-31 07:05:19'),(13,366,'2017-01-02 03:01:38'),(14,51,'2019-07-30 19:42:04'),(14,60,'2018-03-18 07:40:45'),(14,71,'2019-12-09 16:57:08'),(14,143,'2021-04-16 01:46:26'),(14,183,'2021-03-08 12:41:43'),(14,184,'2018-04-30 17:02:38'),(14,210,'2019-10-02 23:50:45'),(14,215,'2015-09-21 16:27:29'),(14,227,'2012-09-18 22:15:24'),(14,283,'2015-10-22 16:08:56'),(14,299,'2018-12-09 09:34:22'),(14,357,'2016-10-07 16:39:55'),(15,12,'2019-09-06 05:31:31'),(15,79,'2016-09-07 23:34:18'),(15,83,'2016-07-21 22:48:44'),(15,233,'2015-10-27 01:11:39'),(15,277,'2017-01-18 04:50:05'),(15,285,'2017-02-14 16:23:41'),(15,357,'2016-06-15 14:44:44'),(15,373,'2018-09-20 20:19:22'),(16,18,'2015-01-24 22:35:33'),(16,138,'2012-03-10 00:58:56'),(16,148,'2020-02-04 07:31:24'),(16,155,'2016-05-02 06:01:47'),(16,200,'2020-01-14 13:41:31'),(16,206,'2020-07-26 08:42:45'),(16,234,'2011-10-09 12:03:19'),(17,23,'2019-08-19 14:10:17'),(17,199,'2014-06-23 07:28:43'),(17,239,'2020-09-10 14:15:43'),(17,292,'2018-08-14 13:11:59'),(17,354,'2013-09-12 06:31:00'),(17,367,'2020-06-08 20:57:29'),(18,37,'2016-12-14 11:29:05'),(18,70,'2020-10-13 10:42:52'),(18,93,'2014-10-18 01:17:55'),(18,190,'2012-10-21 10:02:20'),(18,254,'2019-04-08 00:35:42'),(18,257,'2012-01-08 21:47:23'),(18,313,'2020-11-18 22:37:03'),(19,28,'2013-05-22 21:21:21'),(19,51,'2014-06-02 20:56:23'),(19,52,'2016-03-23 14:09:28'),(19,71,'2013-06-12 00:48:23'),(19,72,'2019-04-18 13:33:00'),(19,100,'2011-10-30 01:31:57'),(19,103,'2011-10-10 05:26:07'),(19,115,'2016-06-11 22:49:00'),(19,119,'2016-07-14 05:18:38'),(19,175,'2014-02-01 12:08:50'),(19,297,'2011-06-06 20:13:59'),(19,303,'2013-08-21 05:22:09'),(19,359,'2016-02-05 19:58:18'),(19,366,'2012-03-05 11:35:21'),(20,20,'2016-04-01 09:52:13'),(20,41,'2011-05-20 23:02:31'),(20,47,'2020-11-02 19:14:41'),(20,70,'2013-04-02 12:29:21'),(20,253,'2012-02-28 00:43:01'),(20,267,'2014-09-26 20:21:39'),(20,333,'2019-08-04 11:34:24'),(20,342,'2019-08-10 22:08:13'),(20,352,'2017-09-23 15:58:04'),(20,380,'2017-07-02 17:53:21');
/*!40000 ALTER TABLE `genres_movies` ENABLE KEYS */;
UNLOCK TABLES;

--
-- Table structure for table `messages`
--

DROP TABLE IF EXISTS `messages`;
/*!40101 SET @saved_cs_client     = @@character_set_client */;
/*!40101 SET character_set_client = utf8 */;
CREATE TABLE `messages` (
  `id` int(10) unsigned NOT NULL AUTO_INCREMENT COMMENT 'Идентификатор строки',
  `from_user_id` int(10) unsigned NOT NULL COMMENT 'Ссылка на отправителя сообщения',
  `to_user_id` int(10) unsigned NOT NULL COMMENT 'Ссылка на получателя сообщения',
  `body` text COLLATE utf8mb4_unicode_ci NOT NULL COMMENT 'Текст сообщения',
  `is_delivered` tinyint(1) DEFAULT NULL COMMENT 'Признак доставки',
  `created_at` datetime DEFAULT current_timestamp() COMMENT 'Время создания строки',
  PRIMARY KEY (`id`),
  KEY `messages_from_user_id_fk` (`from_user_id`),
  KEY `messages_to_user_id_fk` (`to_user_id`),
  CONSTRAINT `messages_from_user_id_fk` FOREIGN KEY (`from_user_id`) REFERENCES `users` (`id`),
  CONSTRAINT `messages_to_user_id_fk` FOREIGN KEY (`to_user_id`) REFERENCES `users` (`id`)
) ENGINE=InnoDB AUTO_INCREMENT=401 DEFAULT CHARSET=utf8mb4 COLLATE=utf8mb4_unicode_ci COMMENT='Сообщения';
/*!40101 SET character_set_client = @saved_cs_client */;

--
-- Dumping data for table `messages`
--

LOCK TABLES `messages` WRITE;
/*!40000 ALTER TABLE `messages` DISABLE KEYS */;
INSERT INTO `messages` VALUES (1,1,20,'Minima et laudantium qui est natus numquam. Libero non quae reprehenderit et qui fugiat voluptatem animi. Dolores esse esse incidunt dolores aperiam et nesciunt. Voluptates aut unde labore voluptatem dolores rerum soluta.',0,'2015-11-20 19:32:50'),(2,2,51,'Unde dolores deserunt placeat dolor pariatur optio expedita. Atque ullam mollitia illo. Omnis et minima sit quis nam.',0,'2012-04-07 09:55:09'),(3,3,49,'Accusantium officia ut quam vel impedit officia qui. Ipsum velit quaerat molestiae. Tempora et corporis in et. Adipisci ab rerum id tenetur error voluptas necessitatibus.',0,'2011-10-02 05:54:57'),(4,4,41,'Rem ut consequuntur voluptas voluptas. Est architecto in nemo alias nam. Velit aut dignissimos magnam magni dignissimos. Est dolor qui laudantium.',1,'2021-03-30 02:06:12'),(5,5,20,'Eos ut eos eligendi hic accusantium laborum. Commodi consectetur cupiditate provident quia quis. Accusamus voluptatem minus aliquid eos eligendi. Quae animi soluta facilis quo itaque quod.',1,'2014-12-22 12:59:01'),(6,6,74,'Debitis modi facilis et laudantium beatae. Minus iure quam sint nihil cumque. Nemo atque culpa repellat perferendis porro. Impedit atque porro hic ut dolorem architecto.',0,'2014-04-12 01:34:57'),(7,7,73,'Sequi quas qui porro animi enim asperiores. Consectetur rerum eius quasi doloribus ipsum sint. Cum architecto sed ut incidunt.',1,'2020-01-10 23:51:04'),(8,8,99,'Possimus labore nesciunt hic molestiae maiores exercitationem dolores. Enim autem officiis aut sequi voluptatem. Quia voluptatem velit quidem et nihil qui commodi.',1,'2018-09-11 23:44:40'),(9,9,33,'Omnis eum quos fugiat itaque voluptas. Accusantium et impedit quia placeat. Cupiditate deleniti dicta sunt tenetur qui eos exercitationem.',1,'2014-08-11 19:11:21'),(10,10,18,'Sed sit reprehenderit id praesentium perspiciatis ut molestiae. Iure reiciendis pariatur qui quis minima. Aperiam ut est blanditiis quae ratione et adipisci.',0,'2015-10-01 03:17:27'),(11,11,10,'Quia eum molestiae quia et. Ea libero voluptatem tenetur excepturi ea. Deserunt eius eum qui est sint vero. Officia deleniti expedita voluptatibus consequatur amet. Sapiente omnis aspernatur porro itaque dolor impedit.',1,'2015-01-20 16:00:49'),(12,12,18,'Praesentium aut similique corrupti explicabo voluptas. Et similique et unde labore dolore excepturi similique. Eligendi quod in perspiciatis quia alias atque. Reprehenderit reprehenderit iste dolorem eos.',0,'2020-11-12 18:29:23'),(13,13,20,'Est eos qui modi explicabo illum et quia. Delectus similique possimus qui nihil magni. Est id ipsa vel beatae modi reprehenderit. Voluptates saepe ut iusto ad.',1,'2013-12-30 07:44:33'),(14,14,16,'Inventore quaerat sit voluptatibus eius. Cum reiciendis unde libero amet debitis accusamus. Enim officiis qui qui aut.',0,'2014-11-18 19:17:32'),(15,15,50,'Et perspiciatis at labore. Rerum et facilis libero ut nesciunt repudiandae impedit sit. In expedita quo iusto sunt expedita corporis esse ut. Id sunt molestiae similique et debitis culpa minima maxime. Porro nulla expedita non dolores.',0,'2015-09-09 16:14:57'),(16,16,8,'Tempore deserunt ea dolorem error placeat sequi molestiae. Sint odit recusandae omnis iste. Aut non dignissimos ut dolorum quia ipsum.',0,'2014-05-29 00:35:38'),(17,17,93,'Blanditiis fugit et aliquid. Voluptatum et dolorem expedita eaque est ex. Sequi repellat aut tempora. Et nobis esse expedita harum eligendi maxime assumenda.',1,'2015-04-04 22:07:10'),(18,18,32,'Hic adipisci dolorum aut. Magnam possimus nesciunt maiores sit consectetur. Consequuntur sed enim sunt distinctio quidem labore.',1,'2017-10-14 01:10:28'),(19,19,3,'Aut suscipit quae aut reiciendis laborum qui. Maxime eum eos omnis doloribus. Fugiat doloremque non dolore omnis autem. Ut vitae assumenda dolorem quis. Quam omnis nulla dicta tempore voluptates.',0,'2016-01-25 14:18:43'),(20,20,40,'Id harum est repellendus aperiam sunt. Consequatur quae architecto consequatur nesciunt consequuntur quos. Quia aspernatur id at omnis. Quis nobis voluptate provident consequatur fuga corporis illo.',0,'2011-12-14 04:58:44'),(21,21,57,'Aperiam vitae reprehenderit sint qui quis dolores qui. Natus ut consequuntur temporibus ducimus illum autem dolores. Ipsum qui quis velit dolores temporibus.',1,'2013-06-13 07:28:40'),(22,22,81,'Animi ut libero nesciunt dolore consequatur sunt. Quidem facere adipisci aliquam consequatur quidem. Doloremque eius fuga quia delectus.',1,'2020-11-09 10:49:48'),(23,23,31,'Aut animi aliquid vero cumque sit. Delectus recusandae cumque velit reiciendis corrupti eaque veniam dolorem. Natus a repellendus dolorem sunt.',0,'2017-02-19 17:15:49'),(24,24,12,'Neque maiores minus quae omnis. Sequi distinctio in sed facere omnis qui.',1,'2015-04-17 07:21:28'),(25,25,51,'Dolorum et sed quisquam repellendus quas optio commodi iure. Nihil cumque ut dolores dolores optio velit saepe. Velit aut a qui eaque cum ad. Porro et illo enim culpa.',0,'2011-10-12 05:32:30'),(26,26,88,'Non nihil delectus exercitationem exercitationem velit in eligendi. Rerum eaque velit numquam nihil ullam. Non est corporis qui aut nesciunt sint aut. Quia omnis sit dignissimos sunt non suscipit quo.',0,'2017-11-13 09:39:18'),(27,27,46,'Id vitae molestiae porro sapiente in. Dolores voluptates eligendi dicta eligendi et. Facere debitis exercitationem quasi doloribus.',1,'2017-01-09 05:12:04'),(28,28,54,'Ex eveniet eius quod sunt. Et corporis corrupti officiis non. Cupiditate vero eveniet ipsum voluptas odio totam qui.',0,'2011-12-02 17:20:41'),(29,29,70,'Et et at dolore dolores laborum. Enim non illum libero possimus et magnam sit minus. Voluptatum deleniti dolor nulla aut.',0,'2014-11-17 17:33:34'),(30,30,78,'Voluptas eum voluptates ducimus occaecati deleniti repellat doloribus. Est minus qui unde rerum nulla. Minima doloribus et esse molestiae. Sunt quia suscipit laboriosam mollitia.',1,'2019-04-10 02:58:12'),(31,31,85,'Aliquid explicabo enim non earum quod maiores. Aspernatur quisquam qui eum. Quas quaerat inventore dignissimos minus enim ex cum.',1,'2012-04-07 21:46:29'),(32,32,89,'Quam officia voluptas molestias incidunt iste id necessitatibus. Veritatis ut explicabo ullam consequatur exercitationem voluptatem. Magnam dolorum sapiente hic quis. Sed occaecati distinctio sit nam dolor. Quod commodi rerum aut id animi dicta.',0,'2017-06-28 21:56:20'),(33,33,28,'In est enim aperiam tenetur. Nihil ullam hic reprehenderit asperiores.',0,'2018-08-17 11:39:26'),(34,34,33,'Mollitia est est dolorum culpa. In perferendis perspiciatis perspiciatis saepe. Alias harum reprehenderit modi nemo.',0,'2013-06-26 04:06:46'),(35,35,30,'Debitis error id ipsam sit quia. Ab impedit nesciunt ab aut a officia ab velit. Et autem architecto repellendus aliquid qui dolorem ullam.',0,'2018-11-01 04:29:20'),(36,36,47,'Quos non repellendus et illum consequatur animi ea. Distinctio nemo voluptas molestiae est consequatur voluptate. Cumque qui repellendus inventore eos ipsam quidem doloremque in. Voluptas quo provident nisi sequi dolorum dignissimos quo.',0,'2019-07-25 11:23:33'),(37,37,7,'Exercitationem atque quia omnis fuga et eos dolorem. Illum qui voluptatem temporibus incidunt. Qui quis doloremque dolorum voluptates. Et eius fuga quam. Voluptas culpa debitis dignissimos porro.',0,'2013-02-26 23:08:39'),(38,38,2,'Dolor sequi aut et facilis facilis. Enim eius quos dolorum at. Aliquam ipsum eum architecto commodi facere. Error cupiditate nisi nesciunt eos cupiditate cupiditate.',0,'2018-01-27 05:23:44'),(39,39,46,'Doloribus asperiores sit corrupti dolorem aut officia. Nisi corporis nesciunt sit unde quas sed dolor. Sit molestias ex quaerat nesciunt ut.',1,'2012-03-27 02:35:27'),(40,40,39,'Debitis voluptate eaque nesciunt ut. Aut ut alias nesciunt consequatur. Et esse sint tempora aspernatur est id itaque atque.',0,'2016-04-03 17:34:37'),(41,41,20,'Nihil quod sunt odit quia illum quam. Rerum dolorem dolores impedit. Excepturi a iste aliquam deleniti magni natus. Quo eos minus incidunt voluptate ab animi. Eligendi animi fuga libero velit.',0,'2015-10-16 04:30:38'),(42,42,55,'Ut unde autem dolorem sed odio. Distinctio omnis quaerat quaerat harum sint libero harum. Tempore ex temporibus quisquam dignissimos minus. Dolore est fuga at iste.',1,'2014-09-13 06:59:27'),(43,43,56,'Possimus blanditiis possimus recusandae dolores repellendus voluptas molestiae. Sunt ipsam velit dicta enim. Distinctio harum non illo eveniet voluptate. Non consequatur et alias doloribus exercitationem sit consequatur.',0,'2015-07-03 00:33:51'),(44,44,39,'Animi doloremque veritatis at modi deleniti ut. Omnis cumque est omnis reiciendis minima. Ad maiores nostrum alias assumenda. Quis non animi quos consequuntur aliquam reprehenderit ut molestias.',0,'2018-03-17 16:51:27'),(45,45,71,'Vel ipsa a quibusdam quis. Cumque totam officiis veniam et dolor quibusdam eos. Accusantium veniam sit eveniet voluptatum.',0,'2017-01-03 04:45:20'),(46,46,6,'Porro pariatur aut non consequatur eum et eaque. Cumque recusandae non unde maxime est qui. Nesciunt unde iste eum ad quia non. Nam necessitatibus aut corrupti voluptas quis.',0,'2013-09-19 21:38:55'),(47,47,46,'Voluptatem qui dolorem quaerat et. Assumenda eos similique facere non et quasi. Quo rerum cum deserunt quibusdam. Et saepe laborum esse. Ratione delectus cupiditate sit omnis aut aut.',0,'2012-05-21 13:53:07'),(48,48,63,'Corrupti et repudiandae neque velit excepturi quod aperiam. Non architecto quo quae a facilis.',0,'2019-08-18 16:17:47'),(49,49,37,'Et quo provident distinctio eaque. Voluptas et hic voluptatem ea aliquid. Qui voluptatem nihil occaecati fugiat perferendis id sunt sunt. Magnam corporis voluptatem ea sunt velit consequatur.',0,'2013-10-04 12:52:39'),(50,50,49,'Rerum possimus et nemo reprehenderit impedit ipsa nihil. Debitis saepe nihil voluptatibus velit voluptates non veritatis.',0,'2012-07-25 19:37:19'),(51,51,3,'Reiciendis accusantium tempora rem doloremque et. Impedit ea rerum est consequatur nesciunt cum odit. Mollitia quia sit dolorum velit nemo enim et. Omnis repudiandae ipsa enim.',1,'2018-10-04 03:13:53'),(52,52,93,'Fugiat voluptatum qui aliquid. Ut iusto minus consequatur iusto expedita placeat quod quo. In quia fugit quisquam nihil. Ratione est id esse quaerat sunt quis. Quia non aspernatur ut consequatur error vel.',1,'2015-05-21 18:22:47'),(53,53,29,'Labore et quaerat et vitae itaque consequatur. Minus saepe sunt dolorum et quis velit voluptatem. Dolores aut velit dolorem consectetur ipsam beatae et. Ea et iure ipsam voluptas laudantium incidunt illum quo.',0,'2018-05-31 11:21:07'),(54,54,33,'Qui quos officiis aperiam porro perferendis itaque. Quis consequatur voluptatem dolorum mollitia vel vitae tempore. Eveniet distinctio provident inventore impedit eum deleniti veniam. Sapiente ex saepe facilis dolores quae maiores fugiat.',1,'2018-09-10 18:55:57'),(55,55,5,'Non et temporibus voluptatem suscipit eum. Voluptatibus inventore nam quasi eius. Voluptatem sed voluptatibus corporis quia aut ipsum.',1,'2020-02-03 01:25:56'),(56,56,79,'Minus officiis tempora aut officiis dicta expedita. Et eum doloribus maxime enim quo et qui. Eos eos sit aspernatur nesciunt eum.',0,'2013-05-30 00:20:04'),(57,57,21,'Voluptatem quos voluptate tempore quos quis. Voluptate nesciunt cupiditate atque voluptas voluptate ad et. Qui deleniti maiores consequatur hic qui quisquam ratione. Est dolores iure ipsam totam molestiae fugiat.',1,'2017-11-23 07:49:23'),(58,58,51,'Cupiditate blanditiis eligendi veniam magni corrupti. A et fugiat velit deserunt blanditiis molestias. Velit dolore porro illo voluptatibus quibusdam.',1,'2015-12-07 21:03:09'),(59,59,32,'Dolorem nihil et dolores error vitae iusto facilis. Recusandae repellendus quasi consectetur pariatur ut. Rerum fugit et alias consequatur quaerat aut id.',1,'2015-11-16 05:47:35'),(60,60,90,'Sed quas dolorem consequatur fugiat in eum laudantium. Rem omnis qui ut ut. Et provident ab quae et aliquam aut fugiat. Inventore modi amet autem nemo aspernatur repellendus. Voluptas soluta aut aut rem.',0,'2012-09-15 10:16:36'),(61,61,28,'Tenetur similique quia ea in voluptatem qui hic. Voluptas molestiae temporibus voluptatem aut doloribus dolorum quos. Et voluptas quia aut. Molestiae rerum quaerat aliquid iure dolores voluptates. Non amet quia enim neque dolore.',1,'2011-09-18 16:49:09'),(62,62,17,'At cumque consequuntur esse modi recusandae corporis. Et perspiciatis et quos sint. Molestias nisi quos deleniti consequatur. Unde non temporibus soluta est voluptas consequatur.',0,'2015-11-10 00:41:55'),(63,63,79,'Eos quia quia iusto molestias non. Nostrum praesentium eum nihil ab sit.',0,'2012-01-19 08:59:38'),(64,64,56,'Blanditiis et qui corrupti nemo. Molestias quisquam sit odio id qui ut. Occaecati ut id non aut culpa. Blanditiis aut quia excepturi.',1,'2018-02-10 18:00:21'),(65,65,49,'Nobis ducimus aliquid cumque dolore dolor. Voluptatem inventore nam rerum harum et. Et alias fuga numquam debitis explicabo. Iusto officiis laboriosam qui fuga aut explicabo blanditiis explicabo.',0,'2018-08-27 13:19:07'),(66,66,8,'Aut necessitatibus est earum et in aut. Ipsam ad et repudiandae ut. Consequatur sint sint et at officia sunt alias.',0,'2016-01-23 23:02:54'),(67,67,3,'Quo sint quae libero veritatis. Iste et qui ratione.',0,'2019-07-27 18:11:49'),(68,68,55,'Incidunt eligendi reprehenderit nemo impedit occaecati est impedit. Animi reiciendis atque eveniet. Aliquam non nam velit voluptate sit eos. Qui harum deserunt quis ut ipsa numquam.',0,'2014-08-02 20:56:07'),(69,69,10,'Deleniti et vel qui quo suscipit tempora ut. Omnis officiis est aut quis fugit dolor.',0,'2020-12-03 04:17:07'),(70,70,48,'Ut consequuntur ex eius quo id dolorem. Natus maxime incidunt harum ut. Ea et beatae rerum provident exercitationem corrupti.',1,'2021-01-20 07:36:55'),(71,71,94,'Impedit est quis voluptas nostrum. Deserunt fugit qui dolorem saepe officia. Voluptatem nisi quis laboriosam velit laborum quis eaque.',0,'2012-06-27 04:22:34'),(72,72,29,'Corporis reprehenderit aut magni sequi. Quo quia beatae nihil. Voluptatum explicabo et aut consectetur. Corrupti accusamus est ut quas vero atque deserunt.',0,'2018-03-04 11:31:47'),(73,73,2,'Aliquid ducimus quo optio excepturi blanditiis. Accusamus laudantium minus quo veritatis aut omnis voluptas. Labore harum quas veniam temporibus.',0,'2011-11-09 18:49:01'),(74,74,50,'Voluptatem maiores amet consequatur at accusamus laboriosam. Rem ipsum eum deleniti earum beatae sit. Eum quia ullam corrupti. Rem delectus nulla autem quidem aliquam ipsam deserunt.',0,'2018-06-23 23:46:59'),(75,75,68,'Sit sed facere quia tempore autem libero delectus. Ipsam totam quas sapiente nam.',0,'2013-02-28 18:51:12'),(76,76,73,'Consequuntur adipisci aut ad fuga officia repellat voluptatum. Ullam autem voluptatem est magnam. Cumque omnis modi esse dolorem laudantium ad autem.',1,'2012-01-07 19:07:05'),(77,77,55,'Et omnis ut ea at ut. Ut ut maiores dicta expedita explicabo consequatur sapiente assumenda. Beatae porro labore facilis.',0,'2014-12-17 06:17:54'),(78,78,14,'Commodi illum aspernatur ea consequatur harum non. Delectus perferendis sit qui officia voluptates tenetur rerum. Neque et non molestiae nihil ullam. Corrupti aperiam ut rerum perferendis inventore et. Aut aliquid velit suscipit et temporibus iusto.',1,'2021-02-20 09:40:15'),(79,79,36,'Ut repudiandae aliquam nisi molestiae. Laboriosam ut id ab autem vitae odit.',0,'2011-06-21 02:29:10'),(80,80,91,'Nemo quia magni non libero eveniet. Ut saepe voluptate sed tempora sed fugiat. Enim laborum perferendis ex vitae.',0,'2015-06-21 09:04:41'),(81,81,62,'Sint aliquid fugit aspernatur blanditiis vero. Numquam harum ab architecto quaerat in qui. Fugiat est quo provident quia.',1,'2013-08-02 03:30:58'),(82,82,38,'Ut deleniti incidunt soluta veniam libero omnis. Voluptatem possimus quia aut placeat ea in cupiditate. Quam minima sed necessitatibus mollitia non ratione voluptatem nesciunt.',0,'2020-04-05 07:26:57'),(83,83,83,'Est sed voluptas officia voluptatem quo quidem nam. Alias unde est numquam incidunt illo quia dolore. Minus itaque sequi veritatis odio quidem voluptas. Eos ut sed et iusto libero repellat laboriosam.',0,'2016-07-07 01:54:54'),(84,84,91,'Quasi dignissimos reiciendis exercitationem nostrum debitis. In voluptatem veniam velit dolore voluptatem est sequi. Odit explicabo sit et eum ratione.',1,'2020-12-20 05:08:19'),(85,85,71,'Eius quo vero facere eligendi. Temporibus quis consequatur est excepturi tempora quibusdam culpa consequatur. Ut aut dolor neque quae nostrum sint quia deleniti. Ipsa id placeat est quis.',0,'2012-06-15 04:00:24'),(86,86,87,'Est et asperiores voluptatem molestiae molestiae. Consequatur est quia enim consequuntur. Eligendi et qui molestiae numquam.',0,'2021-01-05 14:27:26'),(87,87,70,'Eligendi dolores aut aperiam impedit explicabo. Nemo voluptatem sequi maxime eius velit. Voluptas at quia molestiae.',0,'2021-02-16 14:57:33'),(88,88,91,'Numquam distinctio repellendus magni nemo explicabo harum. Maiores debitis debitis a harum facere veniam doloremque in. Facere qui libero consequuntur voluptatibus officiis.',0,'2013-11-27 21:34:05'),(89,89,37,'Libero reprehenderit inventore ut dolorem ad necessitatibus. Voluptatum dolores voluptates et autem consequatur. Fugiat tempore eum error quia. Voluptas officiis consequatur necessitatibus quod et repudiandae ex.',0,'2011-08-06 19:13:46'),(90,90,1,'Corporis mollitia ut distinctio blanditiis. Doloribus sint eaque porro. A maiores consequatur ut ad iure velit a non.',0,'2013-06-15 04:36:22'),(91,91,81,'Adipisci consequatur perspiciatis culpa excepturi et totam magnam. Architecto quia temporibus rerum quam ut reiciendis excepturi. Velit id non cumque fuga explicabo. Consequatur nesciunt accusamus voluptatem laboriosam sint reiciendis aliquam consequatur.',0,'2012-11-09 05:10:25'),(92,92,65,'Nemo quis distinctio aperiam sequi maxime illo voluptatum. Illo quod pariatur ut est quibusdam. Ut explicabo praesentium distinctio dolores illum quis. Doloremque rerum ratione molestiae odio ut.',0,'2018-11-15 15:50:57'),(93,93,18,'Facere sit voluptatibus sit harum velit necessitatibus eligendi. Illum ullam adipisci assumenda repellat. Suscipit totam tenetur quaerat sed eaque. Aut iusto non eum repellendus sunt ab aut.',0,'2019-07-16 15:05:47'),(94,94,60,'Autem est dolore quia. Dolorem repellendus et itaque dolore est rerum voluptas nam. Voluptatem animi aliquam eos quis est qui sint commodi. Similique et quas provident deserunt.',1,'2017-10-27 19:31:25'),(95,95,21,'Itaque quae doloremque et voluptate. Eos est itaque soluta asperiores ut in. Consequatur deserunt aliquid tenetur et sint.',1,'2014-09-02 12:55:37'),(96,96,66,'Qui tempore deleniti ducimus dolore dolorem. Aut placeat in molestias iure blanditiis distinctio. Totam ut molestiae sint omnis.',1,'2015-03-28 05:37:04'),(97,97,68,'Ipsam numquam ea nesciunt quidem quidem. Totam rerum voluptas aut ea in porro eligendi. Beatae est aut et est.',0,'2017-06-21 11:10:11'),(98,98,23,'Qui voluptatem vero dolor id eveniet porro. Nihil ad in nostrum ut voluptas corporis. Nesciunt ad sunt dolor iste porro adipisci harum suscipit. Aut voluptas est accusamus ea.',1,'2020-08-13 14:25:39'),(99,99,21,'Tempora aut laboriosam occaecati voluptatibus dolores explicabo. Dicta id exercitationem qui sunt quia et dolore excepturi. Ad autem distinctio voluptatem qui sit.',1,'2018-08-10 19:53:25'),(100,100,78,'Odio magnam ea itaque modi. Illo inventore eum qui sunt aut ab sit dolor. Molestiae nesciunt quis facilis nihil fugit consequatur.',0,'2018-02-08 13:16:17'),(101,1,70,'Ipsum ipsum ipsum aut. Temporibus est minus neque omnis suscipit nobis. Quod dolores sint quisquam corporis. Non quasi excepturi voluptatem qui.',0,'2018-05-03 13:48:14'),(102,2,14,'Architecto aut et quod id officiis repellendus. Nobis id quidem assumenda consequuntur voluptas. Quam libero ipsa et et placeat non voluptas.',0,'2019-02-23 01:51:34'),(103,3,6,'Porro quis quia pariatur ipsa sed tempore. Recusandae voluptatibus cum enim laborum quam ut. Earum reprehenderit quibusdam cum illo eos vel. Modi sed qui nihil. Ratione quisquam doloremque magnam non a.',1,'2020-12-17 05:44:00'),(104,4,72,'Nobis est nesciunt impedit et voluptas numquam ad ut. Assumenda qui impedit quis. Consequatur aliquid qui voluptas ipsum suscipit debitis quia quis. Vitae voluptates sit cupiditate et. Amet cumque molestiae magnam rerum odio aut.',1,'2017-03-10 19:10:17'),(105,5,63,'Veritatis quia aut commodi quia odit. Rem a ipsum sint ipsam itaque pariatur laudantium. Ex soluta quaerat sit consequatur iure nam pariatur. Vel aut dolor illum.',1,'2019-05-01 20:20:19'),(106,6,74,'In voluptatem corporis quam quis. Consectetur aut ducimus eos illo dolorem.',0,'2012-08-09 22:48:57'),(107,7,44,'Unde voluptatibus omnis saepe. Ipsum suscipit hic qui accusantium aperiam soluta expedita. Necessitatibus provident consequatur nisi aspernatur.',1,'2015-01-13 09:12:22'),(108,8,18,'Ad voluptate odio necessitatibus dolorem quidem atque. Asperiores qui quis earum unde velit rerum. Quia fugiat atque labore enim architecto non. Qui natus non vel et ea omnis esse voluptate.',1,'2017-12-04 01:59:37'),(109,9,87,'Quasi rerum quam ipsa inventore. Assumenda consequatur culpa facere non. Esse voluptatem quis sit dolor iste ratione et.',1,'2016-12-26 17:30:09'),(110,10,79,'Ut placeat iste accusamus eveniet dolorum fugit illum et. Eos voluptatibus odio rerum ut quo est. Qui et perferendis quia mollitia sint consequatur. Exercitationem laboriosam laborum officia tempora dolores explicabo quidem.',1,'2016-07-24 06:17:49'),(111,11,8,'Laborum voluptatem aut id cumque et dicta in quia. Perferendis quidem et qui aperiam est. Vel enim esse doloribus possimus omnis voluptatem sint.',0,'2011-07-26 04:15:01'),(112,12,49,'Cupiditate nihil praesentium quia qui. Quia accusamus odio nihil aspernatur non cumque mollitia. Id voluptatem rerum autem eligendi soluta.',0,'2019-11-17 10:21:44'),(113,13,17,'Ut aut voluptatum aliquid totam eius in sit nobis. Voluptatum et consequatur quasi. Sunt non suscipit quis quod debitis quo. Amet earum consectetur nam alias dolorem.',1,'2021-02-28 10:44:37'),(114,14,91,'Et sit illo placeat voluptatem. Repellendus quod voluptatem blanditiis culpa aliquid similique. Veniam ut quam quis.',0,'2019-04-19 14:00:37'),(115,15,39,'Nulla iste expedita vel incidunt quia. Non soluta quo aut est consequatur perferendis. Natus ipsa et placeat maxime ipsam. Pariatur possimus nesciunt consequatur provident similique eligendi aspernatur. A aperiam velit est quis incidunt.',0,'2012-04-27 12:25:15'),(116,16,88,'Cupiditate tempora autem sed natus. Consequatur ex dolores modi laudantium dolorum at. Soluta aut odit voluptatem et cum. Eum assumenda vitae totam rem quas.',0,'2020-08-20 16:49:25'),(117,17,78,'Itaque sunt voluptas deleniti laboriosam quo quas. Debitis molestiae recusandae sed. Sit id sequi asperiores autem ut voluptas asperiores. Placeat nihil vitae ab.',0,'2013-01-29 07:57:12'),(118,18,8,'Nam culpa enim sunt consequatur quia ad. Dolore quis est ea quam est aspernatur. Qui laboriosam eius quod ab amet.',0,'2012-10-07 06:31:18'),(119,19,79,'Est sit facere nihil est quidem quia omnis est. Pariatur sint sit voluptatem rerum omnis ipsam neque. Natus et quidem est velit tempora.',1,'2014-11-04 02:55:33'),(120,20,14,'Nobis totam quis dolorum quia. Aliquam doloribus alias dicta aperiam. Nemo esse qui quis iste itaque. Et numquam dolorum nobis repellat est ut eligendi.',0,'2017-10-17 07:30:50'),(121,21,9,'Distinctio sed expedita ut cumque ab. Debitis eius libero voluptatum quia.',0,'2012-04-30 04:07:25'),(122,22,59,'Vero consequatur hic dicta id. Ut illum cum numquam. Iusto architecto id et sit aspernatur placeat.',1,'2016-05-09 19:16:27'),(123,23,79,'Reprehenderit numquam ratione neque esse reiciendis nobis. Deserunt ut non excepturi placeat. In impedit molestiae eos error omnis iusto. Expedita tempore minima veniam quaerat corrupti.',1,'2011-09-30 22:52:00'),(124,24,26,'Aut temporibus numquam id. Est perspiciatis adipisci pariatur qui qui. Non eos numquam illum.',1,'2018-12-19 22:00:22'),(125,25,18,'Itaque consequuntur ex dolor. Quasi quia vero porro voluptatem. Perferendis earum voluptas ducimus. Maiores quas nam et sed nesciunt et nisi quia. Consequatur modi molestiae est molestiae distinctio quis non laudantium.',0,'2019-03-14 18:08:38'),(126,26,99,'Officiis illum omnis eos quidem eligendi nostrum. Eos aperiam et ut quas repellat ipsa atque. Consequatur laboriosam qui velit harum quo eum est. Ea repellat quisquam voluptatem deserunt quasi vel nihil.',1,'2015-11-24 21:44:09'),(127,27,92,'Nam eligendi consequuntur voluptate autem. In voluptas iste quia voluptas dolor voluptates.',1,'2018-10-04 07:17:16'),(128,28,86,'Aliquam est non voluptatem iusto eos quae iure impedit. Fugiat enim repellendus voluptatem omnis aut enim aspernatur nobis. Voluptatem quia eveniet id quaerat eum molestiae qui officiis.',0,'2016-02-13 14:39:44'),(129,29,22,'Consequatur sunt alias reiciendis eius ad neque. Ut amet itaque est in voluptate. Aliquid minus est reprehenderit ab molestiae.',0,'2019-03-10 00:34:46'),(130,30,12,'Dolorem in facere voluptatibus dolorem quaerat. Sunt sit voluptas aut tenetur facilis magnam. Ipsa recusandae ipsam porro sapiente. Ullam dolorum quo aut et et.',0,'2013-04-18 19:25:28'),(131,31,63,'Illo labore maiores unde dignissimos. Quidem numquam consequatur totam velit. Voluptatem enim praesentium dolores nihil.',1,'2016-11-06 13:42:21'),(132,32,91,'Repellat est quisquam velit. Mollitia ut ipsa quidem quaerat voluptatem atque consequuntur. Nemo praesentium non dicta amet eos non. Repudiandae adipisci consectetur dolor dicta id quas. Ab sequi molestiae qui iste non temporibus voluptates.',0,'2017-08-10 02:06:19'),(133,33,26,'Eos a aut accusamus sunt. Ducimus maxime molestiae blanditiis ullam aut. Omnis expedita delectus ut.',0,'2012-09-05 02:07:25'),(134,34,69,'Illo alias omnis enim velit aut quo eum. Inventore sit cupiditate ut impedit necessitatibus qui. Tempore odit error neque optio architecto id fuga. Velit fugiat iure vel est.',1,'2015-06-17 09:31:21'),(135,35,63,'Est eos et perferendis vero optio. Et iste laboriosam exercitationem rerum et autem et odio.',0,'2014-05-22 01:04:08'),(136,36,89,'Rem magnam aut at molestias omnis quia. Magnam ipsa sed incidunt magni. Atque officiis voluptatem voluptatem qui nulla voluptatum. In commodi aut ut eum facere aperiam.',1,'2021-04-13 15:13:51'),(137,37,42,'Tempore et sed sed aspernatur. Dignissimos fugiat est similique nihil et harum. Aliquid qui accusantium molestiae incidunt. Aperiam est numquam esse odit labore ducimus hic. Debitis cum voluptatem eligendi et aut aut.',0,'2020-07-04 19:11:53'),(138,38,7,'Consequatur pariatur reiciendis odit culpa et ex. Fugit veniam aut animi neque error autem inventore mollitia. Tenetur est officiis cumque architecto recusandae rem maiores.',1,'2011-11-27 07:27:13'),(139,39,6,'Placeat est et ut quaerat corrupti voluptatem officia earum. Adipisci ab temporibus eum sed ut neque explicabo eius. Molestiae provident vel dolorum quis vel impedit. Consectetur quasi ut dolorem voluptatem est maiores.',0,'2015-02-23 01:54:12'),(140,40,29,'Assumenda atque voluptatum iure. Minus qui saepe autem ut dolor sit. Dicta architecto dolorum nulla facere exercitationem asperiores et et.',1,'2020-10-14 04:40:22'),(141,41,86,'Necessitatibus vitae dignissimos itaque quo dolores corporis eum. Ut non atque eos qui necessitatibus libero. Sint ipsam qui et. Consequatur et maiores molestiae sunt nostrum eos rerum magni. Odit excepturi provident non doloribus rerum corporis.',0,'2012-10-14 15:18:43'),(142,42,14,'Vitae dolorem quaerat vel voluptatem. Fugit magni commodi velit non. Nesciunt odio rerum velit aut est. Maiores delectus dignissimos pariatur voluptatum eligendi. Iste consequatur error quasi dolores.',0,'2014-01-16 19:35:32'),(143,43,78,'Tenetur ipsam inventore aliquid sed. Quidem dolores molestiae molestias provident perferendis mollitia. Nihil nulla modi deserunt est quidem sit est.',1,'2012-02-24 05:25:57'),(144,44,3,'Voluptates ab voluptate iure sint consequatur possimus tenetur. In expedita corrupti reprehenderit perferendis quis accusantium. Soluta sunt natus aut sint omnis. Velit dolor nesciunt explicabo quo molestiae odit ut. Perspiciatis suscipit eaque qui molestiae sapiente.',0,'2020-08-08 06:21:35'),(145,45,4,'Error dolores dolores dicta neque laudantium. Optio esse ab dolorum nisi illum ullam.',1,'2015-05-18 10:20:37'),(146,46,17,'Officia beatae consequatur excepturi non a omnis. Occaecati eaque saepe et possimus saepe. Earum praesentium beatae earum ut. Rem est explicabo quia sed consequatur earum consequatur.',1,'2015-12-02 20:07:57'),(147,47,90,'Quod impedit quia facilis iusto explicabo ad tempora. Sed eos est ex dolor eos. Nulla ducimus adipisci velit in consequuntur vel aliquid. Omnis accusamus veniam dolorum aut et qui omnis.',1,'2014-01-20 03:24:36'),(148,48,81,'Expedita rerum aut ut quia nam. Et aut similique quidem natus eligendi in similique qui. Qui esse impedit et nostrum soluta aperiam. Molestias sit sunt debitis veritatis esse repellat quae.',0,'2020-05-04 08:32:24'),(149,49,24,'Consequatur harum culpa aut corporis excepturi animi et laudantium. Rerum molestiae ut commodi aut. Deserunt ea in aliquid enim eum autem ullam. Quo nulla eos molestiae voluptate dolorem voluptatum. Aut ut alias beatae sapiente.',1,'2013-10-13 15:48:01'),(150,50,68,'Debitis iste quisquam voluptatem aliquam libero. Est officiis tempore magnam nam. Aut veniam officiis tempore molestias sit. Odit pariatur necessitatibus voluptatem facere dolor. Ea ratione magni odio aut illo.',0,'2015-04-25 16:02:14'),(151,51,95,'Sit ut vel molestiae assumenda ut. Quia ea non doloremque dolores vel fugiat sed. Et non dicta commodi tempore ipsa veniam.',1,'2017-11-02 09:11:25'),(152,52,33,'Culpa labore quas illum sapiente cupiditate. Ut a et quisquam voluptates eligendi quisquam. Voluptatem vero qui nihil mollitia. Et dolores tempora molestiae laborum minima corporis.',1,'2021-01-11 15:28:31'),(153,53,27,'Sed et asperiores voluptatem non culpa. Amet accusamus sit quidem quis voluptatibus esse aspernatur.',1,'2012-06-26 19:38:02'),(154,54,73,'Nobis sint beatae unde excepturi. Qui ipsa neque illum dolorem sed. Beatae ut ducimus consectetur voluptatem molestiae. Voluptatibus blanditiis possimus eveniet.',1,'2014-04-12 12:41:14'),(155,55,59,'Quis perferendis dicta veniam rerum. Est iure et ducimus perspiciatis. Est vel voluptatibus hic reiciendis voluptate et expedita.',1,'2013-08-06 21:08:06'),(156,56,45,'Vero eligendi enim dolore dolore. Non est molestias quam quaerat quo laudantium. Qui totam commodi adipisci ut.',1,'2014-02-03 04:50:08'),(157,57,72,'Maiores perspiciatis ipsam velit eaque eos consequatur. Enim incidunt et nihil vero optio quia. Assumenda veniam quas laudantium et error.',1,'2018-10-18 02:21:50'),(158,58,51,'Eos asperiores amet est tenetur nemo est. Explicabo quidem blanditiis architecto eos placeat eaque. Officia mollitia nesciunt est minima recusandae architecto. Voluptatem ad necessitatibus soluta porro laboriosam.',0,'2015-06-02 03:58:59'),(159,59,30,'Vitae in id aliquid consequatur. Voluptas quam officiis voluptas repellendus vero ut. Harum molestiae animi suscipit omnis labore officiis quia.',0,'2020-12-04 11:14:15'),(160,60,93,'Voluptate officia sint earum ab atque. Ut laboriosam cumque aut aperiam aut excepturi cum. Repudiandae rerum aut velit alias. Cupiditate molestias sit enim adipisci quisquam.',1,'2013-04-22 01:32:25'),(161,61,63,'Dolores provident qui reiciendis facere accusantium dolorem. Dolore beatae quia quas. Ipsa dolorum sit accusantium cum.',1,'2014-06-25 04:29:41'),(162,62,92,'Earum nobis rerum nulla tempora fuga nemo iste. Nam facere quae voluptas. Voluptatibus consequuntur sed ut maxime. Deserunt amet molestias cumque consequuntur itaque eveniet voluptates.',0,'2016-04-30 19:48:49'),(163,63,84,'Molestias sit maiores dolores explicabo corrupti molestiae quod. Ullam debitis deserunt quibusdam voluptatibus ut. Est qui et consequatur facere.',0,'2017-03-01 04:15:41'),(164,64,88,'Asperiores occaecati iure dolor aut commodi ea nihil. Earum fuga quasi omnis accusamus eos numquam. Cum esse minus perspiciatis. Esse saepe et fuga qui sit.',1,'2016-11-26 04:52:33'),(165,65,60,'Labore praesentium nulla molestias aliquam. Quod eos temporibus similique sed. Nostrum modi dolorem aut ad sint maiores. Exercitationem ut nobis consequatur quos aliquid.',0,'2019-04-15 23:31:13'),(166,66,47,'Et maiores qui consequatur vel eius placeat reprehenderit. Consequatur sit amet autem odio autem vel animi inventore. Error iste quibusdam beatae qui minus enim.',0,'2020-02-06 23:48:50'),(167,67,77,'Maiores modi amet deleniti officiis quia sed quasi. Culpa nostrum aut recusandae officia. Nisi non iusto autem ut. Ut asperiores rerum a ullam quo omnis.',0,'2016-12-24 10:53:04'),(168,68,2,'Nihil quod culpa fugit velit. Reiciendis voluptatem minima non. Quae voluptatem impedit delectus at rerum placeat perferendis. Earum doloribus earum aspernatur pariatur ad dolorem voluptas quasi.',0,'2012-04-03 23:06:34'),(169,69,53,'Aut laborum nobis est est nobis omnis iusto. Maiores sed necessitatibus sunt amet quis quia voluptatem doloribus. Nostrum nesciunt aspernatur odit dolore voluptate ipsam.',0,'2017-05-17 23:10:05'),(170,70,82,'Omnis voluptatem omnis recusandae sequi doloribus. Veritatis quia suscipit est sed alias ducimus dolores. Iure harum cum expedita recusandae corporis sed consectetur.',1,'2018-03-19 21:30:38'),(171,71,31,'Molestias consequuntur est quae vitae nulla. Facere fuga qui est sed debitis autem. Incidunt amet et est deserunt aliquid ipsam in.',1,'2016-01-26 19:15:00'),(172,72,39,'Est ut libero quisquam accusantium officia minus. Blanditiis ut laudantium qui corporis alias. Adipisci doloribus officiis provident rerum officia vero ea laboriosam. Ea saepe cumque sunt voluptatum.',1,'2021-01-08 21:53:26'),(173,73,95,'Et quaerat reprehenderit tempore voluptatem. Facilis accusamus omnis tenetur quia nulla. Facere praesentium deserunt maiores eos quos amet fugiat velit. Temporibus est consequatur mollitia dignissimos excepturi.',1,'2011-12-08 04:00:33'),(174,74,8,'Sequi dignissimos voluptatibus perferendis quia in eveniet aperiam voluptatem. Et atque officia accusamus ut. Maxime odit quod ut accusamus consectetur.',1,'2018-09-21 12:09:20'),(175,75,41,'Explicabo nihil dolorem non voluptatibus explicabo minima non. Asperiores soluta maxime corporis qui dolores sit. Id accusamus mollitia non animi. Id aspernatur magnam perspiciatis autem.',1,'2016-05-31 17:43:51'),(176,76,99,'Doloremque vitae et ea ut deserunt ducimus. Autem repellendus reiciendis asperiores quas vel esse eligendi. Reprehenderit quae totam consequatur dolore voluptates. Est soluta doloremque nihil molestiae deleniti quis exercitationem dolores.',0,'2016-05-28 20:30:14'),(177,77,24,'Ea nostrum ut nihil. Ipsam iure sed voluptatem hic. Sapiente tempora molestiae nisi doloremque. Cupiditate et voluptatem voluptate quas.',0,'2018-05-01 00:41:22'),(178,78,31,'Sint occaecati sed error libero aut ut repudiandae eaque. Blanditiis cum consequatur ullam illo. Incidunt sunt harum totam aut harum iusto deserunt.',0,'2012-09-05 00:50:29'),(179,79,79,'Sit sit ratione a ut. Blanditiis veritatis eaque et in. Hic ea ab debitis mollitia suscipit. Et animi et sunt nihil fugiat quae consequatur.',0,'2013-04-02 07:44:02'),(180,80,48,'Non voluptas et necessitatibus eum est. Voluptatem fugit veritatis dolore labore omnis voluptatem. Sint blanditiis et omnis aut.',1,'2014-12-06 04:46:18'),(181,81,98,'Sint voluptatem dolor enim quis cupiditate molestias cum. Totam veniam ratione tempora iusto autem quas aliquid. Optio aut esse cum necessitatibus dolor alias. Nobis deserunt accusantium aspernatur molestias.',0,'2019-01-02 12:07:15'),(182,82,73,'Facilis sint dolores officiis quas qui saepe. Ullam est facilis cupiditate ut ab assumenda. Repellendus minima provident aut qui. Deleniti porro est eum fugiat ut voluptates et.',1,'2018-04-11 15:53:19'),(183,83,80,'Tenetur laboriosam maxime aut error. Id in sunt aliquam. Asperiores quibusdam qui ipsa impedit sunt aspernatur ea. Cupiditate accusamus reiciendis hic aut ut perspiciatis itaque.',0,'2020-05-19 21:50:08'),(184,84,25,'Aspernatur sit unde delectus nobis id velit voluptatem. Quo necessitatibus culpa fuga similique eum rem esse. Sed asperiores consectetur aliquid explicabo. Sit illo ut aperiam. Ut et porro corrupti.',0,'2020-10-26 06:01:33'),(185,85,46,'Vitae quia vero facilis ab. Eligendi sed ex accusamus voluptatibus ut saepe ipsum. Magnam alias voluptatem et. Nisi omnis alias et quae voluptas.',1,'2018-06-16 15:56:56'),(186,86,39,'Praesentium soluta illo et sit porro. A perferendis animi dignissimos et eos. Neque et sequi ea.',1,'2015-03-23 04:17:51'),(187,87,69,'Facere autem consequatur aut inventore minima vero atque. Vel fugiat ducimus eos. Voluptas enim culpa ut error consectetur delectus asperiores eveniet. Incidunt tenetur aperiam incidunt quae enim omnis.',0,'2015-02-19 08:46:59'),(188,88,17,'Nobis eaque molestiae veritatis soluta sunt id eius. Facere qui nulla et sit.',0,'2020-06-11 17:18:19'),(189,89,89,'Nostrum ex ea ea voluptatum quis. Sit impedit veniam exercitationem nulla molestiae aut aperiam. Consequuntur quibusdam rerum quo quidem sint.',1,'2015-10-15 19:55:27'),(190,90,98,'Et consectetur rerum et et placeat. Culpa eum tempora vel. Ad magni nisi soluta et assumenda sit. Dolores ut autem facilis quo hic eligendi optio.',0,'2014-04-05 00:06:40'),(191,91,10,'Incidunt eveniet sed voluptatem atque eius exercitationem. Quia sunt dolor repudiandae quibusdam dolor. Exercitationem quaerat magni velit voluptas pariatur tempore enim. Doloribus velit adipisci sint consequuntur repellat voluptas.',1,'2012-12-27 04:19:22'),(192,92,51,'Eius beatae qui eius quisquam consequatur. Incidunt sint illum voluptatem est. Illo earum in culpa.',0,'2014-03-30 18:31:23'),(193,93,90,'Non aperiam tempore accusantium enim nostrum adipisci eveniet mollitia. Assumenda nulla incidunt voluptas. Optio nihil omnis aut sit. Ipsa molestias atque aut nihil. Dignissimos et hic dolorem error sunt corporis magnam.',1,'2011-05-19 17:34:53'),(194,94,93,'Quisquam optio nesciunt et molestiae ullam. Aliquam est aut qui. Est consectetur sit reprehenderit. Odio aperiam eum in qui perferendis.',0,'2013-07-13 02:19:16'),(195,95,39,'Occaecati voluptatem non eum neque iure tempore eaque. Voluptas et non et odit veritatis debitis officiis. Repellat mollitia ipsa iste sint voluptas. Accusamus ut pariatur magnam blanditiis. Ad ut nostrum eos voluptatem dolor.',1,'2011-09-03 10:24:25'),(196,96,50,'Sed et molestias provident cumque. Voluptatem incidunt ratione numquam impedit ullam autem aliquid accusamus. Excepturi omnis est labore illum facere praesentium.',1,'2020-06-30 04:20:57'),(197,97,39,'Laudantium laudantium maxime ex sed. Rerum unde distinctio recusandae consequuntur quas aut. Itaque nihil consequatur et. A repellat ea quidem in et pariatur occaecati. Totam ut velit molestiae minus ea quam non.',0,'2014-04-06 03:05:37'),(198,98,15,'Aliquid quia non libero accusamus sapiente sapiente aut. Voluptatibus amet aspernatur et excepturi qui praesentium quasi. At eos sit voluptas nulla.',1,'2017-09-15 19:21:43'),(199,99,51,'Sit et consequuntur laborum animi fuga. Qui optio adipisci rem nobis tenetur. Assumenda dolor in earum corrupti eum. Qui in sapiente nobis aut repudiandae occaecati et et.',0,'2013-01-25 19:41:26'),(200,100,92,'Autem et modi eius occaecati et. Sunt explicabo unde voluptas porro dolorem dolorem ea.',1,'2013-08-06 09:40:51'),(201,1,97,'Rem incidunt id provident velit porro beatae exercitationem. Qui quo voluptatum cupiditate officia autem provident suscipit. Sunt repellat iusto minima atque. Aspernatur quidem nobis enim eos eius.',0,'2019-07-10 16:42:12'),(202,2,81,'Consequatur consequatur recusandae sunt itaque dignissimos aut. Dolorum ut libero voluptas dolorum qui. Praesentium impedit quasi labore voluptatem. Cupiditate et maxime natus corrupti.',1,'2018-08-20 11:01:11'),(203,3,30,'Fuga praesentium praesentium ut sequi nemo et est non. Ratione eaque perspiciatis expedita vel. Voluptatem praesentium porro nulla quis molestias.',1,'2013-04-18 12:09:41'),(204,4,92,'Odit eos voluptates similique minus et cum. Asperiores repudiandae dolorem est dolores maiores nemo. Doloribus vel aliquid eos dolores qui ipsa quas distinctio.',1,'2019-12-10 09:03:57'),(205,5,89,'Necessitatibus provident consequuntur at tempore eius rerum rem. Libero voluptas et reprehenderit natus voluptatibus. Eaque consectetur molestiae id est non.',0,'2019-09-30 19:21:25'),(206,6,71,'Itaque aut consequatur eos sunt. Deserunt qui iusto aut ut. Fuga eos aspernatur magni nihil. Corrupti deleniti qui aperiam ad ad exercitationem.',0,'2015-04-23 16:03:01'),(207,7,90,'Molestiae maiores illum inventore. Aut aut voluptatum voluptatum culpa consequatur. Beatae minima in suscipit dolores ullam et atque. Magni ut sed facilis at praesentium aperiam.',1,'2014-02-12 15:41:45'),(208,8,12,'Numquam nisi quos repellat ipsum sed minus vel. Est corporis ut aut. Nisi recusandae distinctio nobis vero quisquam qui.',1,'2021-05-06 05:00:40'),(209,9,2,'Debitis labore quibusdam corporis velit aut commodi nihil est. Quia vero alias illo. Aliquid et odit quasi rerum earum.',1,'2012-10-01 13:02:43'),(210,10,68,'Repudiandae tempora porro fuga quas sit eveniet iusto. Aut suscipit debitis aperiam voluptas velit. Illo et molestias itaque id qui rerum.',1,'2020-09-29 01:55:29'),(211,11,60,'Perferendis dignissimos excepturi et numquam aut a. Quibusdam provident dolores quae perspiciatis assumenda sit sit. Magnam et consequatur voluptatem ab ducimus sed. Ex quos vero corporis est laborum vel praesentium totam.',0,'2013-03-22 18:29:24'),(212,12,99,'Excepturi sit quos et praesentium repellendus. Tenetur nobis nemo facilis ullam neque debitis. Est veniam hic quisquam laboriosam nam aut voluptatem.',0,'2013-04-05 23:30:44'),(213,13,41,'Aut id voluptatem labore ut cumque id. Quibusdam maiores quaerat est est a. Id dolorem rerum ut aspernatur similique culpa provident.',0,'2020-02-09 22:21:51'),(214,14,40,'Qui dolores et quibusdam culpa sint autem. Ipsam culpa minima quia voluptatem quas fuga aliquid. A inventore dolorum dolores quos quae quia. Nihil qui aperiam et ratione provident.',0,'2020-11-12 19:16:16'),(215,15,24,'Officia et cupiditate cumque et sit et quia vel. Vel quia aut fugit ipsa qui atque sapiente. Accusantium recusandae facilis unde. Facere quasi quo voluptas dicta.',1,'2016-05-02 07:00:32'),(216,16,87,'Aliquid expedita laudantium velit voluptas fugit. Iusto voluptate sit inventore aliquam accusamus mollitia distinctio. Nihil ducimus ipsa in sit.',0,'2013-03-29 03:34:11'),(217,17,78,'Quia facilis excepturi rerum illo eveniet. Reiciendis ea in velit occaecati.',1,'2019-06-03 08:11:01'),(218,18,92,'In et voluptatum deserunt est nemo vitae sed. Et velit quibusdam et minima. Explicabo non fugiat sit in nam qui quos dignissimos.',0,'2016-05-14 13:43:55'),(219,19,4,'Adipisci nemo ab tenetur iusto omnis eveniet et. Et impedit fugiat illo non. Quae in distinctio nemo numquam. Ut excepturi nesciunt nulla.',0,'2017-09-23 21:40:16'),(220,20,67,'Corrupti doloribus corrupti nulla labore est enim recusandae necessitatibus. Aut optio consectetur excepturi et qui. Beatae et inventore et. Nam ipsam praesentium provident reprehenderit autem.',1,'2019-03-17 09:02:52'),(221,21,90,'Alias assumenda unde dolor at ratione. Quo itaque quidem et aut explicabo. Qui quia cumque magnam et dolores nemo. Non quia qui quis consequatur quaerat pariatur est.',1,'2016-09-14 09:47:16'),(222,22,13,'Nesciunt dolore expedita voluptatem est consequatur eum est velit. Est voluptas perferendis dolor reiciendis aut reiciendis. Et mollitia rerum mollitia quis accusantium modi id.',1,'2014-06-07 08:30:58'),(223,23,18,'Ea et officiis ex sunt. Nobis pariatur neque nobis perferendis. Eaque voluptas quasi id dolore et porro labore. Quis sequi culpa ipsum commodi repellendus delectus quia distinctio.',0,'2016-12-09 02:42:58'),(224,24,79,'Suscipit voluptatem dolorem voluptas itaque sapiente id totam. Repellat id fuga nobis aut. Enim fuga ea ea sit voluptatem labore.',0,'2013-10-14 17:20:17'),(225,25,5,'Aut cum magnam quos voluptatibus dignissimos enim dolores et. Ipsa similique nihil eius neque. Qui aut perspiciatis culpa asperiores laboriosam ut laborum. Occaecati maiores est sint in magnam veritatis ea temporibus.',0,'2020-05-19 12:07:12'),(226,26,56,'Voluptas ut et mollitia. Qui in et magni inventore nobis dolorem. Harum maiores veniam accusamus voluptas. Consequatur dolorem inventore incidunt iste.',1,'2012-10-22 22:35:44'),(227,27,28,'Vel explicabo nihil ad repudiandae. Incidunt architecto a est qui sint ad. Consequuntur et voluptatibus non hic. Dolores est nihil libero eum consequatur.',1,'2017-10-27 00:39:30'),(228,28,44,'Est sint omnis rerum qui placeat soluta et. Qui magni adipisci iure eaque cupiditate nobis. Aut officia dolore in molestiae quod voluptatibus. Laudantium distinctio aut voluptas ex.',1,'2012-07-06 11:37:43'),(229,29,70,'Reprehenderit quas deleniti ea quia nulla aut. Molestias dolore magnam debitis deserunt voluptas. Neque atque laborum aut. Numquam mollitia adipisci quis esse quis possimus officia itaque.',0,'2019-07-30 05:18:20'),(230,30,79,'Assumenda qui aliquam ut et corporis placeat nesciunt. Eum maxime consequatur nostrum est et pariatur officiis. Explicabo nihil ea est eos porro. Excepturi ducimus et dolorem aut dolores reprehenderit earum.',1,'2011-07-27 08:27:02'),(231,31,35,'Et aliquam dolorem officia reiciendis debitis laboriosam. Exercitationem dolorem ea dicta ipsa odit necessitatibus incidunt. Perspiciatis est voluptas dolorem eligendi rerum qui officiis et.',0,'2015-08-22 08:19:04'),(232,32,66,'Quia molestiae porro iste autem aut. Delectus voluptas placeat quibusdam soluta necessitatibus provident. Deserunt aut maxime consequatur quae error. Aut reiciendis eos et molestias.',1,'2013-06-05 14:34:51'),(233,33,60,'Occaecati soluta omnis exercitationem earum tenetur. Similique nesciunt error aut.',1,'2016-06-15 02:51:16'),(234,34,65,'Et culpa nulla et consequuntur ad. Reprehenderit tenetur sed quasi possimus. Vitae cum ipsum earum tenetur quis soluta. Nostrum iusto expedita voluptatum voluptatem ratione.',0,'2019-11-01 15:39:10'),(235,35,57,'Aliquid hic soluta labore velit incidunt. Error accusamus ut hic. Voluptates explicabo nesciunt odit et saepe. Dolorum reprehenderit quod est ipsa et.',1,'2019-07-22 08:45:02'),(236,36,48,'Iure fugiat iste aut non. Inventore architecto inventore similique in. At alias sed sed nulla.',0,'2016-03-02 16:26:56'),(237,37,36,'Cupiditate sapiente saepe est voluptas rerum. Occaecati rerum rem quas cum eum. Exercitationem voluptatem illum voluptatum porro accusamus.',1,'2018-09-01 23:59:40'),(238,38,47,'Nihil soluta consectetur accusamus. Quidem dolore dicta iusto corporis enim exercitationem. Qui tempora odit voluptas eos. Expedita nihil non mollitia aut sit.',1,'2015-03-17 16:44:06'),(239,39,60,'Rerum sint non omnis repudiandae id. Minima amet voluptatibus consectetur ducimus modi porro deserunt. Possimus aut aperiam fugit maiores.',0,'2020-08-02 15:20:38'),(240,40,37,'Minima in repellendus reprehenderit deserunt omnis temporibus. Aliquam delectus sapiente qui ipsa perferendis molestiae. Repellendus sunt sunt sed neque hic enim consequatur.',1,'2020-10-18 19:08:12'),(241,41,15,'Praesentium voluptas debitis autem voluptas. Voluptas rerum animi corrupti itaque cum. Inventore et tempore ex dicta ullam.',0,'2012-07-20 12:33:01'),(242,42,19,'Nostrum repellendus voluptas est modi sed. Accusantium corrupti dolores enim rerum. Dignissimos qui maxime voluptas aut nemo non doloribus.',1,'2013-05-30 06:38:32'),(243,43,36,'Vel nesciunt quod accusamus est error. Laborum architecto nobis nisi est. Nihil non omnis aut.',1,'2012-08-06 09:09:05'),(244,44,56,'Dolorum quia sed eaque fugit doloribus nulla. Id temporibus et perspiciatis facilis. Voluptas et recusandae perferendis repudiandae amet itaque. Odio assumenda mollitia reprehenderit delectus minus quos et.',1,'2017-09-29 14:41:48'),(245,45,58,'Molestiae exercitationem ipsam repellat expedita. Quidem eius rerum ducimus recusandae eum consequatur necessitatibus odio. Id occaecati error tempora.',1,'2015-07-11 15:07:13'),(246,46,59,'Rerum occaecati et esse dolorem magni ut eveniet. Placeat dolores voluptas molestias dolor ut eligendi eligendi neque. Aut sit sunt velit nobis beatae illo. Dolores doloribus doloremque asperiores officia omnis.',0,'2013-10-05 20:36:56'),(247,47,42,'Dolore consectetur a eos reprehenderit et. Id eos et nihil rerum nihil. Iure distinctio nemo laboriosam vitae consectetur. Est quia fuga cupiditate qui quas molestiae quia quo.',1,'2012-09-28 16:31:47'),(248,48,36,'Dolores in placeat maxime et nisi eius distinctio. Veritatis exercitationem officiis a. Sunt possimus doloribus non recusandae est ut incidunt.',0,'2014-03-14 04:35:33'),(249,49,51,'Nostrum saepe quidem harum voluptatem dignissimos alias doloremque. Quod minus et vero voluptatum dolores cupiditate eum. Molestiae provident ut recusandae perferendis molestiae. Perferendis laudantium occaecati quia accusamus commodi magnam cum.',1,'2018-03-30 01:27:26'),(250,50,45,'Quasi reiciendis non tenetur omnis molestiae dolor assumenda. Dolorem eum omnis est fugiat qui non nobis. Omnis omnis aliquam impedit dicta et alias est. Ut et eos ut consequuntur illum reprehenderit.',1,'2019-07-24 04:58:48'),(251,51,2,'Dolor tempore amet libero. Corrupti expedita dolores libero inventore. Eos quibusdam earum ab ratione et. Optio magnam ut expedita commodi et accusantium possimus.',0,'2017-08-13 18:49:15'),(252,52,40,'Corrupti voluptatibus est soluta velit. Dolorum iure quo molestias ratione nulla et. Autem mollitia esse qui.',1,'2018-12-19 15:50:27'),(253,53,57,'Voluptatibus labore earum consequuntur delectus magnam. Quibusdam aperiam quis aliquid quis. Voluptas architecto ut soluta harum pariatur.',1,'2012-10-25 14:07:01'),(254,54,19,'Dignissimos sit hic exercitationem commodi eveniet et sunt. Reiciendis molestiae ipsa praesentium cum aut amet. Voluptatem nemo explicabo eum.',0,'2020-10-03 12:43:23'),(255,55,18,'Minima libero reprehenderit nemo. Similique sint sed debitis culpa exercitationem eaque. Eligendi totam esse qui eius dolor eligendi placeat.',0,'2014-01-19 04:45:44'),(256,56,62,'Optio placeat excepturi id animi officia. Quia rerum vero sint vero pariatur. Voluptatem eum eveniet pariatur sint sit quas.',1,'2015-02-25 07:46:29'),(257,57,75,'Rerum id nihil modi quis. Omnis quam et autem suscipit et officia iure. Voluptas modi velit consequatur est.',0,'2017-04-17 04:44:54'),(258,58,46,'Aliquid eaque totam suscipit atque. Labore cumque nobis maiores. Hic enim earum a impedit. Ab doloremque assumenda incidunt distinctio qui ea.',0,'2012-07-06 01:13:45'),(259,59,6,'Amet aspernatur sapiente quo maxime. Et tenetur qui voluptatem ad dicta. Sequi unde voluptatibus modi rerum veritatis vel.',0,'2019-12-08 02:30:06'),(260,60,45,'Maiores et in velit consectetur. Aut sed ipsa et ratione. Et culpa commodi ducimus quia ipsa. Vel qui ducimus nostrum iusto.',0,'2019-02-07 11:24:48'),(261,61,24,'Amet libero id eveniet et alias. Vitae ea id non asperiores rerum modi dolorem accusantium. Earum non reprehenderit fuga facilis. Debitis sint est repellendus.',0,'2011-09-04 15:52:55'),(262,62,40,'Beatae quo et qui. Odio odio natus vero sint voluptatibus molestias soluta. Dolor sint voluptatum totam at qui voluptas est. Facere libero sit itaque id quae consectetur.',1,'2017-06-12 10:54:20'),(263,63,10,'Magnam voluptas quis exercitationem eos molestias quod. Iste debitis sed quo tempore. Aut voluptatem quas omnis quisquam consequatur. Autem recusandae non eaque cumque.',1,'2016-12-16 06:41:58'),(264,64,83,'Voluptatem sint molestiae dolor possimus non laborum vero. Sed fugit id molestiae culpa voluptas magnam. Ut aut suscipit dolores esse.',0,'2013-05-04 03:43:14'),(265,65,5,'Rem sed cum inventore quia. Ut optio laboriosam consectetur illum dignissimos explicabo. Non animi corrupti doloremque. Consequatur nisi ad fuga.',1,'2016-04-07 04:42:13'),(266,66,67,'Sed est dolorem qui ipsam omnis a enim. Sed occaecati possimus ut iure aliquid eum et. Sunt ut eos labore voluptatem ex reprehenderit ea.',1,'2016-05-29 16:58:14'),(267,67,31,'Rerum eveniet quia sed deserunt nam culpa. Suscipit et facere incidunt. Suscipit voluptatibus neque et odit itaque.',0,'2019-03-04 20:30:41'),(268,68,41,'Ex magnam et tempora. Amet enim aut aut culpa. Sunt deserunt expedita dolore tenetur quae sed reiciendis. Rem itaque perspiciatis nesciunt voluptatem est dicta.',0,'2012-08-04 08:02:41'),(269,69,14,'Qui sint perferendis quam aut. Sapiente qui nulla magnam pariatur reprehenderit magnam. Ea fuga possimus et voluptas ipsam ex. Totam dolorum occaecati nostrum fuga.',0,'2013-10-31 15:06:02'),(270,70,90,'Ipsum repellat aut quidem odio. Consequatur excepturi quis vero laudantium et eum dolor. Distinctio tempora doloribus ut provident.',1,'2020-07-12 01:02:33'),(271,71,78,'Reiciendis iusto in dolorem sunt atque debitis. Distinctio explicabo numquam iusto nobis nostrum. Ex illo odio minus sed. Rerum aut rem corporis sapiente autem est.',0,'2019-07-25 04:51:54'),(272,72,28,'Pariatur velit quod sunt quisquam et et qui quasi. Quia ab mollitia iste. Distinctio maxime accusamus expedita.',1,'2015-02-27 03:51:53'),(273,73,9,'Facere esse dolores expedita iure sit animi. Sequi eum soluta fugit quis facilis fugiat animi. Nostrum velit hic beatae sint.',1,'2013-12-13 09:57:53'),(274,74,13,'Sunt labore sapiente aut inventore ea quibusdam doloremque deserunt. Alias et ab corporis nobis dolores est ut. Accusantium sunt vel et tenetur dolores deserunt.',0,'2018-08-01 17:33:25'),(275,75,83,'Ad laboriosam qui sit iure dolore et quo. Non tenetur sint eius cumque ullam consequatur maiores. Voluptatem dolores architecto sit et voluptates et harum. Ab et labore ea laborum.',1,'2013-12-15 05:53:54'),(276,76,67,'Vel officia odit dolorem aut ut aut. Est natus enim magnam pariatur. Quidem soluta adipisci illo labore et. Eligendi quibusdam magnam aut ut omnis ut culpa.',1,'2012-06-19 20:03:00'),(277,77,72,'Ex quia id nihil neque qui aut officia. Sint accusantium sint aspernatur magni ad qui esse. Est quae iusto corporis ullam tenetur.',0,'2015-05-07 12:04:58'),(278,78,24,'Provident assumenda ea magni. Suscipit suscipit vitae corporis cum quia consequatur voluptatibus. Nisi non corporis qui aut laboriosam. Ducimus ducimus eveniet beatae ratione ad iste molestiae. Ipsa asperiores voluptatem voluptas voluptatem eum dolores.',1,'2011-09-26 18:16:21'),(279,79,2,'Excepturi maiores cupiditate dolores nihil et. Earum id voluptatem asperiores reprehenderit sapiente consequatur. Et veritatis expedita modi modi repellendus nostrum illo. Ex voluptates enim earum quasi numquam esse pariatur.',1,'2020-05-04 21:32:45'),(280,80,22,'Laborum est ratione voluptate sit voluptas. Magni delectus omnis commodi modi repellat. Eveniet ut doloremque in rerum debitis inventore. Et aliquam quia et tempora quisquam laboriosam vitae.',1,'2016-03-01 17:27:46'),(281,81,69,'Accusamus architecto qui repudiandae. Sunt facere libero autem accusamus et modi voluptas eveniet. Quae sed possimus et debitis illum eius numquam illum. Autem perferendis velit molestiae pariatur illum veniam natus.',0,'2020-10-07 16:45:38'),(282,82,4,'Est repudiandae et omnis. Suscipit necessitatibus vero est ab ea est voluptate. Est dolor temporibus rerum qui sint corrupti corporis.',0,'2015-01-04 20:54:03'),(283,83,61,'Consectetur et itaque praesentium recusandae repellendus. Exercitationem non maxime sed aperiam ut enim ducimus. Enim veritatis sit maiores et minima qui expedita.',0,'2018-10-25 14:34:48'),(284,84,26,'Eius et dolore quod deserunt. Illo necessitatibus sunt omnis veritatis vero quia. Molestias architecto dolor ab sit id sequi et. Et nesciunt occaecati laudantium optio impedit amet.',1,'2012-01-18 07:52:37'),(285,85,23,'Voluptate aut et et asperiores illo et. Omnis in animi impedit non et. Quod esse numquam rerum iste id impedit. Omnis facere dignissimos commodi reprehenderit repudiandae nostrum.',0,'2016-11-29 09:19:48'),(286,86,79,'Optio libero veritatis unde omnis quae. Non sunt itaque et minus totam eaque quia vitae. Repellendus porro explicabo in tenetur. Qui ea qui repudiandae reiciendis voluptatem ratione.',0,'2012-01-23 23:35:59'),(287,87,88,'Dolores molestiae qui aliquam optio. Facere adipisci velit eveniet sed. Deleniti harum molestiae ut animi.',0,'2021-03-06 01:04:20'),(288,88,98,'Deleniti ipsum quisquam quae quia ut et magnam. Consequatur sit dolore id explicabo perspiciatis. Velit consequatur praesentium ut. Earum repellendus ratione commodi saepe.',1,'2011-10-26 03:54:39'),(289,89,24,'Et aliquam possimus officiis dolore aut natus eum. Neque et blanditiis optio quisquam incidunt doloremque dolore. Ut dolorem repellat et non nesciunt quia voluptatem ut. Occaecati vel amet quo recusandae facere. Eveniet ut qui sit et dolorum fugit cupiditate.',1,'2019-01-20 11:03:50'),(290,90,93,'Quidem aspernatur ea rem eum et. Natus ut voluptatibus voluptas et nisi illo qui ut. Enim ut ipsam consequatur amet eum in expedita nostrum. Vel labore dicta impedit aut quas.',1,'2021-03-09 10:06:17'),(291,91,42,'Nesciunt aliquid ipsam commodi blanditiis esse mollitia. Quasi at corporis minus soluta velit autem. Officiis optio accusamus ratione. Fugit architecto commodi at nisi asperiores est mollitia.',1,'2016-06-14 10:38:00'),(292,92,47,'Odit quam excepturi consequuntur maiores et sit aut est. Perferendis vel et qui eaque. Quaerat blanditiis temporibus dignissimos. Vitae et qui voluptatem aspernatur fugit perferendis voluptatem consequatur.',0,'2019-02-18 04:23:16'),(293,93,33,'Adipisci voluptatem molestias laboriosam id sequi perferendis facilis. Aliquam omnis et dolorem error. Repellat hic delectus facilis et ipsa optio.',0,'2013-11-12 07:32:49'),(294,94,52,'Aut fuga minima ut vitae aliquid. Fuga aliquam facilis aliquam tenetur unde.',0,'2016-09-25 10:36:46'),(295,95,30,'Illo harum voluptate et incidunt. Velit omnis temporibus quas suscipit et quam. Suscipit quis ut voluptatibus magnam delectus sit quaerat. At veritatis velit id alias.',1,'2020-02-23 19:03:44'),(296,96,37,'Assumenda consectetur saepe dolores ut ea. Nobis aut delectus eos omnis minima quos. Molestiae autem sequi porro ut commodi ratione ducimus.',0,'2018-08-29 22:44:52'),(297,97,18,'Dolor at nihil ullam voluptatem dolores exercitationem qui. Assumenda numquam hic ex vitae itaque architecto dolorum aut. Enim illo quod et ut soluta ut.',1,'2013-05-17 04:36:34'),(298,98,60,'Nesciunt quasi est ut nobis molestiae magni molestiae exercitationem. Magni minima quia labore repudiandae et. Aliquid voluptas ut beatae nihil voluptatem quo in. Vero dolores temporibus voluptas cumque aut ut earum ullam.',1,'2014-05-01 08:53:20'),(299,99,78,'Ut quas sunt nihil autem velit debitis corrupti voluptatem. Maxime veritatis placeat aut deleniti sint nemo qui.',0,'2012-08-01 18:38:56'),(300,100,32,'Et voluptas molestias qui velit harum aut. Architecto dolores sint possimus maxime. Expedita ab mollitia eligendi.',1,'2012-07-25 23:46:36'),(301,1,50,'Quia similique ducimus nemo cum fugit facilis. Porro blanditiis id vel harum. Error repudiandae omnis consectetur voluptatum. Maiores ut repellendus repellat architecto est vel.',1,'2016-01-20 09:07:56'),(302,2,55,'Quia quos sit veritatis voluptate atque placeat ipsam. Nulla et aliquam at laudantium voluptatibus et. Ullam deserunt et ea mollitia autem porro possimus fugit. Fugiat optio explicabo nihil ipsa.',0,'2012-09-22 22:20:44'),(303,3,59,'Qui quaerat eligendi impedit sit. Velit quo vel iure veniam eos numquam sed. Nisi quaerat dolor rerum voluptas sint. Id fugit velit nemo dolorem aperiam ab.',0,'2019-03-03 03:58:53'),(304,4,58,'Sed molestias nisi sed qui et voluptas illum. Quos distinctio dolore quasi debitis est. Rem explicabo nemo repudiandae provident.',0,'2015-07-10 04:52:10'),(305,5,67,'Veritatis recusandae ut soluta eaque rerum blanditiis quaerat. Ullam ut minus optio occaecati est. Qui iusto voluptatem magni ut. Et aut iste aspernatur minima.',0,'2014-02-28 07:34:28'),(306,6,42,'Magni quam error quis maxime natus. Nulla voluptas iure distinctio distinctio distinctio quaerat. Animi ut assumenda enim ab at doloribus laborum iusto.',0,'2014-11-06 16:20:29'),(307,7,25,'Molestias accusantium aliquid repellat veniam mollitia. Temporibus praesentium vero veniam eius.',0,'2014-08-23 05:11:21'),(308,8,39,'Ducimus magnam provident maxime ut vero libero distinctio. In esse quod praesentium esse iste occaecati voluptatem voluptas. Similique quis ut adipisci explicabo alias. Itaque sed tempora inventore sed aliquam nesciunt ea.',0,'2018-06-12 03:33:33'),(309,9,66,'Quia dolores ad ipsam. Nam consectetur eos ut excepturi fugit vel. Ut ut cumque velit voluptatibus fugit sequi ut. Dolorum quod non quo.',1,'2017-12-21 17:20:10'),(310,10,27,'Corrupti sed accusantium molestiae repellat voluptatem provident. Et ea deserunt quia. Dolor sapiente voluptates et neque possimus. Corrupti excepturi corrupti earum eius quis.',1,'2011-06-10 21:56:27'),(311,11,61,'Ducimus ad ut sapiente tenetur nemo vel ut. Qui placeat nulla vero autem accusantium reprehenderit voluptatem. Vel eum quasi rerum et voluptates. Sit sapiente quia et explicabo hic.',0,'2011-05-20 20:45:40'),(312,12,34,'Eaque dolor cumque officiis odio. Eum quod non est velit assumenda ut nesciunt. Mollitia ut dolor unde quam officia. Vel iure facilis aut natus quia.',1,'2011-10-27 05:43:20'),(313,13,30,'Necessitatibus omnis sunt distinctio id facilis corporis eius. Eaque aut aperiam accusantium temporibus cumque voluptas. Totam iusto eos tempora iure quod.',0,'2020-02-02 07:26:35'),(314,14,21,'Sunt aut dolor consequatur autem sed. Voluptatem voluptatibus voluptatem ut officia aut ab. Vero quaerat illum et et voluptas vitae sed.',1,'2019-04-28 23:58:53'),(315,15,60,'Ut neque voluptas nulla tempora harum dicta et. Veritatis beatae sint odit neque voluptas aliquid ut. Ipsa quo perspiciatis pariatur accusantium consequuntur nisi. Dignissimos nemo omnis asperiores vitae voluptates.',0,'2017-05-07 23:11:25'),(316,16,53,'Iure quas optio exercitationem aut voluptatum. Sapiente officiis ullam id ut illo ea. Ducimus commodi ipsa doloribus est non est.',0,'2015-03-12 13:09:58'),(317,17,100,'Rerum non cupiditate maxime qui voluptates dolorem totam omnis. Quisquam quasi voluptas non occaecati. Temporibus nulla vel earum est accusamus quia. Error est illo quam aut.',0,'2015-11-02 02:04:35'),(318,18,47,'Error hic molestias commodi dolores et nihil. Omnis molestiae sit deleniti laborum ut tenetur. Expedita perferendis dolore praesentium est dignissimos. Quasi voluptatem error ut architecto.',0,'2013-09-27 07:23:55'),(319,19,50,'Id voluptatem corrupti possimus consequatur. Ab architecto sed totam aut adipisci non voluptatem doloremque. Odio facere libero suscipit. Eveniet et asperiores repellendus aut soluta.',0,'2014-04-10 03:40:10'),(320,20,23,'Quibusdam accusamus aut vel expedita qui omnis repellat. Quasi ut vel corrupti animi nihil laboriosam. Perspiciatis et vitae est rem.',0,'2011-11-15 02:47:21'),(321,21,39,'Soluta vel ullam omnis eum qui alias laborum. Est nisi qui ullam doloremque. Et voluptatibus quibusdam provident expedita natus. Quasi reprehenderit quis corrupti quas voluptas ut.',1,'2018-04-26 19:56:04'),(322,22,91,'Commodi est rerum totam sed impedit. Non officiis nemo modi aut consequatur commodi. Vel excepturi eum natus officiis provident sunt. Hic occaecati explicabo quaerat distinctio eveniet enim aut. Quisquam adipisci quo ut quae deleniti id.',1,'2011-09-27 23:10:57'),(323,23,70,'Officiis id cupiditate aut voluptate. Accusantium officiis minima quia.',1,'2019-09-04 05:51:50'),(324,24,71,'Corporis asperiores perspiciatis perspiciatis consequatur laboriosam voluptas qui expedita. Dolores ex beatae et rerum alias assumenda quos optio. Facilis amet laboriosam tempora suscipit blanditiis. Dolores occaecati explicabo qui et provident odit.',0,'2012-08-14 05:44:24'),(325,25,42,'Pariatur eum voluptas neque vero blanditiis reprehenderit. Quia quod nobis commodi nulla. Est est quia optio amet. Repellendus dolore minus quos enim minus non est.',0,'2018-02-13 13:19:44'),(326,26,99,'Fugit praesentium et quas ea vel. Quia doloribus ut blanditiis molestiae. Id dolor consequatur illo et excepturi. Libero qui cupiditate aliquam atque qui ab.',1,'2019-05-25 20:24:52'),(327,27,8,'Esse ad sed est recusandae aperiam quae iusto sapiente. Esse saepe officia saepe maiores itaque non aut. Ipsa aut nostrum nostrum repellat nam libero fugit. Et sed dolorem mollitia est eaque voluptatum. Pariatur dolor nihil non dicta maxime deleniti.',1,'2017-12-31 13:14:02'),(328,28,60,'Ducimus quisquam hic non architecto numquam ducimus. Id enim a enim est. Est sed aspernatur quia in consequatur.',0,'2020-01-21 13:03:58'),(329,29,58,'Veritatis ea natus laborum voluptate aperiam quasi quas. Placeat quo velit assumenda autem nemo. Architecto repellat non nesciunt consequatur repudiandae. Ad molestiae et quia fuga reiciendis debitis.',1,'2012-08-20 23:31:13'),(330,30,85,'Reiciendis numquam aut excepturi veniam aut modi. Qui quam est quam et provident est saepe. Et eum quae dolor est non ea.',1,'2017-01-30 21:36:41'),(331,31,92,'Reiciendis molestiae eum eos praesentium rerum possimus saepe. Ipsum veniam quo repellat sed sunt. Et omnis veritatis id velit.',0,'2015-07-03 20:47:45'),(332,32,7,'Vel voluptates doloribus repellat quis repudiandae aliquam. Voluptatem non voluptatem qui exercitationem. Non corporis quia qui. Illo velit est et atque voluptatem.',0,'2012-11-08 00:10:10'),(333,33,39,'Temporibus aut aut non aut perspiciatis placeat ea quos. Natus quia cupiditate nobis fugit minus. Dolor rerum et explicabo laboriosam qui voluptates. Quo facilis saepe voluptatem quis alias et.',1,'2012-06-07 02:36:40'),(334,34,50,'Omnis blanditiis ut eos. Reprehenderit vitae molestiae natus eius non fugiat voluptates non. Officiis aspernatur ut quae impedit et aspernatur in. Et recusandae consequatur deleniti non.',1,'2015-07-13 01:00:03'),(335,35,65,'Delectus minima et necessitatibus odit. Quod ex quis voluptas cupiditate sunt. Repellendus voluptas non provident.',0,'2016-07-23 06:41:01'),(336,36,6,'Numquam exercitationem repellendus et quia ex et consequatur. Voluptatem non et illum saepe sint id sunt. Qui assumenda impedit incidunt et.',1,'2012-11-16 05:25:56'),(337,37,92,'Suscipit voluptatem nam temporibus dolores odio. Quam incidunt aliquam nemo voluptatem aspernatur deleniti ut non. Molestias et ab voluptatibus aliquam.',1,'2019-11-09 00:45:33'),(338,38,89,'Quod officiis accusamus quibusdam totam aut quidem ut. Minima tempore quam eum ut labore. Maxime velit voluptatem alias quis magnam nisi. Atque sequi placeat voluptates non. Eveniet nihil sint est aut sit dolorum totam nisi.',1,'2014-05-17 10:40:25'),(339,39,44,'Vel enim voluptates totam voluptatem temporibus velit non quod. Aperiam voluptas repellat quod dolore. Sint assumenda praesentium amet fugiat. Et nesciunt quo illum autem.',1,'2019-12-17 04:11:53'),(340,40,57,'Nihil sed aperiam pariatur sunt. Quisquam optio dolore nesciunt harum repellat deserunt consequatur. Error sunt perferendis molestiae perferendis enim id et. Voluptatibus aut sequi consectetur.',1,'2018-08-01 15:00:33'),(341,41,15,'Iure eos corporis omnis non ab eius consequatur. Ut culpa facere dolores quidem consequatur recusandae veniam.',0,'2018-01-31 23:37:22'),(342,42,5,'Debitis ut quia possimus voluptate blanditiis non. Magni labore omnis qui at sed voluptas odio. Magni iusto ad voluptatem mollitia quas. Corrupti aspernatur corporis ea sequi incidunt ex esse.',1,'2014-11-30 01:08:52'),(343,43,91,'Sit dolor aliquid debitis dolore. Maiores sint ut consequatur sit consequatur nam aliquid. Est itaque consequatur praesentium sed.',0,'2013-02-08 01:25:04'),(344,44,45,'Sit sed sequi et quia. Tempore et aut voluptatem et optio debitis et. Saepe possimus quas incidunt nihil praesentium rerum laboriosam omnis. Quasi id eum quia eius aut.',0,'2016-06-06 01:14:24'),(345,45,26,'Aut totam saepe provident aut repellat et expedita. Quis facere minima omnis. Nihil consequatur mollitia vel et cum dolorum exercitationem. Et magni sit ratione.',0,'2014-12-25 00:15:58'),(346,46,50,'Porro iure dolores occaecati magni aperiam maiores sapiente. Praesentium delectus deserunt nisi voluptas. Incidunt quia deserunt eaque iure.',1,'2014-02-05 18:10:37'),(347,47,98,'Deserunt non eum facilis. Qui expedita quam corporis id dolore voluptatem sed.',1,'2019-12-29 13:23:06'),(348,48,25,'Maiores sequi aut nam ut exercitationem aspernatur animi. Assumenda id aut quod similique qui culpa. Sed quo labore odio et quae magnam. Facilis veniam consequatur molestiae dolores alias.',0,'2016-05-29 01:50:52'),(349,49,96,'Sint quia neque voluptatem eum non recusandae. Voluptas et doloribus possimus voluptate. Facilis mollitia eius perferendis voluptatem. Est non qui odit accusamus.',0,'2015-04-04 01:28:47'),(350,50,48,'Voluptatum rerum recusandae est. Soluta voluptatem dolorem neque quia ipsum. Et quas nostrum est rem numquam veritatis sunt. Tenetur quis in cupiditate aut consequatur quia numquam. Ipsam nihil magnam temporibus quidem.',1,'2014-03-30 11:15:29'),(351,51,47,'Ut aut vel vero ut. Perspiciatis consectetur ut delectus sunt culpa. Eligendi ad eligendi et voluptatibus perferendis veniam atque cumque. Qui consequatur molestiae voluptas tenetur eum modi consequatur dolorum.',0,'2019-01-29 21:31:57'),(352,52,34,'Et neque et velit et cupiditate. Enim occaecati autem et nesciunt aut laboriosam. Beatae necessitatibus quas et neque illo nobis.',1,'2016-09-11 16:06:58'),(353,53,38,'Ipsum animi inventore cum explicabo. Porro molestias voluptatem dolores dignissimos excepturi vel. Voluptates cumque quia corporis quia quibusdam.',0,'2016-02-20 17:51:07'),(354,54,16,'Necessitatibus vel consequuntur ipsum qui minima ipsum. Eligendi porro autem dicta. Corporis eligendi quibusdam quisquam aut. Doloribus ex ea blanditiis aut tempora.',1,'2012-01-05 20:24:42'),(355,55,4,'Quas pariatur iusto qui id natus tempora. Voluptate eveniet occaecati vel nisi aut. Rerum assumenda numquam ut non ut ratione. Officiis nisi similique quaerat ut sit dolorem itaque ducimus.',1,'2019-10-18 17:09:59'),(356,56,80,'Totam temporibus maxime error fugiat consectetur aut voluptatem. Velit dolore quos delectus sed. Eum voluptas nulla et beatae est et.',1,'2019-10-11 07:57:01'),(357,57,15,'Temporibus totam omnis mollitia ut. Consequatur quia assumenda unde sed. Et ut ut et exercitationem.',1,'2012-06-22 17:06:05'),(358,58,11,'Veniam accusantium ut quibusdam cum. Animi et necessitatibus ducimus consequuntur est ullam mollitia. Odit aliquam cum molestiae dolorem.',0,'2013-03-10 08:30:58'),(359,59,40,'Quos natus quisquam aut ab reprehenderit perspiciatis. Aliquid velit ipsa aperiam modi quod enim qui. Hic enim perspiciatis dolore quia eum inventore.',1,'2016-12-17 12:44:59'),(360,60,72,'Repellendus provident aliquam nihil vel. Ut temporibus iusto impedit numquam accusamus ut. Ipsum repellat vero possimus officia eum dolorem.',0,'2012-11-18 10:14:52'),(361,61,95,'Praesentium harum quisquam mollitia voluptatem. Nulla omnis veritatis dolore amet. Qui autem et adipisci pariatur amet ipsum adipisci saepe. Aliquid et praesentium rerum ullam nulla hic omnis.',1,'2015-05-04 07:57:31'),(362,62,31,'Doloribus dolores ratione numquam blanditiis quaerat saepe. Consequatur earum magni adipisci est excepturi voluptatum. Officia adipisci ducimus ut officiis maiores quis doloremque vitae. Non quam omnis molestiae quisquam aut delectus sunt.',0,'2021-03-26 17:27:18'),(363,63,79,'Et saepe assumenda aperiam reiciendis mollitia veniam velit. Error architecto hic recusandae veniam est labore amet et.',0,'2021-02-26 07:10:00'),(364,64,34,'Cupiditate quam placeat sunt a voluptates autem. Incidunt sed exercitationem ipsa sequi occaecati. Voluptatem maxime quo dolorem reiciendis quam est tempore. Animi eveniet sint non id.',0,'2016-09-27 15:57:52'),(365,65,81,'Exercitationem repellendus repellendus odio provident. Ipsum rerum quibusdam provident sint. Mollitia illo eum qui aliquid non animi atque. Dolorem ea et quas delectus natus.',0,'2015-09-03 20:30:37'),(366,66,44,'Eaque ab ut dolorem. Tempora quis est omnis consequatur nemo animi. Tenetur dolores impedit et et.',1,'2012-09-24 13:37:30'),(367,67,39,'Quo error voluptatem id quo ea voluptas quisquam quia. At voluptate quo voluptatem aut optio ipsa. Dolor consequatur inventore sit ut quibusdam alias.',1,'2014-03-18 07:58:39'),(368,68,72,'Quaerat earum ut iure natus magnam earum delectus a. Delectus et magni nesciunt debitis quaerat.',1,'2019-11-28 01:29:08'),(369,69,32,'Officiis fugiat nobis molestiae. Quidem id sequi veniam ut. Rerum dolorum dolorem ea repellat sed in aliquam. Aperiam et mollitia sapiente enim explicabo.',1,'2016-04-17 05:53:06'),(370,70,83,'Omnis qui sequi nobis tempora. Et veniam beatae soluta. Placeat corporis qui totam sint assumenda doloremque.',1,'2015-11-25 14:03:12'),(371,71,29,'Quisquam natus sapiente ullam sint. Odit quia amet voluptatibus eveniet aut doloribus ut. At et enim mollitia consequatur alias.',1,'2018-06-04 10:38:13'),(372,72,47,'Sint excepturi aliquam vel ratione quia. Esse rem ducimus officia quia. Qui ut dolorem doloremque rem temporibus. Et aut commodi et esse et aut voluptatibus sed. Id pariatur distinctio incidunt rem ducimus ipsa iste.',0,'2014-01-21 00:39:32'),(373,73,87,'Et sit ut ut possimus accusantium. Ipsa molestias iste iure vel. Consectetur aut magni consectetur nihil repellat necessitatibus eum. Et culpa et nobis explicabo.',1,'2019-11-22 10:03:27'),(374,74,19,'Nesciunt quaerat molestias sunt eius dolores. Sed cum itaque nulla voluptatem doloremque fuga voluptatem ipsum. Explicabo assumenda totam voluptate tenetur necessitatibus inventore.',0,'2011-11-07 04:36:48'),(375,75,92,'Nihil ea rem sequi soluta architecto dicta. Mollitia aut molestiae non soluta sint. Similique omnis quaerat sed aspernatur. Incidunt ea qui est quidem.',1,'2012-10-27 03:17:24'),(376,76,12,'Quibusdam voluptas tempora est voluptatem ab enim. Consequatur aspernatur velit ad delectus quas debitis. Qui cumque quam id corporis.',0,'2014-04-28 03:34:39'),(377,77,68,'Necessitatibus aut autem quis reiciendis vel omnis soluta. Sed ea odio cupiditate. Et ducimus aut consequatur exercitationem itaque et non quis.',0,'2016-10-06 17:18:42'),(378,78,89,'Voluptatem ullam maiores error voluptas explicabo animi. Sit exercitationem sed necessitatibus iure et. Modi eum earum voluptatibus enim sunt. Quibusdam praesentium fuga distinctio voluptates reprehenderit nostrum dolorum.',1,'2014-10-07 02:03:15'),(379,79,36,'Rerum voluptatum dignissimos distinctio doloribus quae vel dicta quam. Voluptas voluptatum voluptatem ut mollitia qui rem quam. Nisi sint et in dolor animi voluptas similique provident. Maiores soluta expedita voluptate sit ut culpa voluptatem.',1,'2011-07-08 03:58:30'),(380,80,63,'Consequatur voluptatem tenetur voluptas sunt repellendus alias ipsam. Et unde vero illo sequi quia vitae atque. Nostrum at ipsa ut cupiditate reprehenderit.',0,'2020-07-20 16:56:27'),(381,81,36,'Dignissimos et recusandae ut atque et quia quaerat. Rerum quas sit laboriosam rerum est.',0,'2020-11-07 19:23:51'),(382,82,83,'Ea ut ut voluptas perspiciatis error dolorem. Non et qui nihil voluptas tempore delectus sit vero. Rem deserunt et asperiores nisi ea qui. Et perspiciatis reiciendis necessitatibus.',1,'2017-01-14 21:56:29'),(383,83,96,'Ea voluptatibus ipsa fugit veniam. Quia aut dolor aperiam quaerat dignissimos recusandae velit. Eos eius fuga fugit dicta non aut voluptates.',0,'2012-08-23 03:03:52'),(384,84,74,'Voluptatem sed et aut facilis est repudiandae. Occaecati sed voluptatem et sunt ea quam at et. Assumenda rerum harum cumque fuga delectus.',1,'2015-08-20 02:41:04'),(385,85,99,'Ad ratione magni possimus deserunt officiis dignissimos. Quia quis natus rem quam voluptas. Consequatur voluptate sunt fugiat enim ea eaque aliquid. Et quia fugiat dolores asperiores.',1,'2015-06-05 05:15:17'),(386,86,100,'Consectetur et fugit corporis qui. Nulla qui tempore atque. In culpa est tempora ut quibusdam explicabo vero. Facilis praesentium eius eligendi incidunt et architecto velit eveniet.',0,'2014-11-11 11:59:30'),(387,87,54,'Asperiores ullam quis tenetur aliquam. Dolorem sunt ipsa saepe quod cumque molestiae. Velit et magni similique sequi. Velit officiis aliquam eos dolore.',0,'2016-08-02 10:55:11'),(388,88,13,'Sunt sint eligendi est hic fuga perferendis sunt. Quod mollitia totam dolores laboriosam sunt. Eveniet sit velit dolorem ipsa incidunt eligendi.',1,'2019-11-05 21:08:15'),(389,89,10,'Sapiente aliquid qui consequatur quibusdam voluptas expedita eos. Ut debitis quam porro tempora sint nihil maxime voluptatem. Dolorem aut cumque iste reprehenderit qui magni omnis. Voluptas labore aliquid iure dolorem.',1,'2017-01-29 00:46:18'),(390,90,94,'Quia ut maxime quod. Maiores nihil doloribus quia at repellat eaque.',1,'2021-04-21 05:02:45'),(391,91,85,'Nam voluptas quo voluptas sit dolor ullam. Corporis et et est tempora. Fuga excepturi adipisci ut atque a.',0,'2021-03-04 01:11:45'),(392,92,5,'Sed quam nostrum odio voluptas omnis odit. Sed eius laudantium deserunt a nostrum. Ullam quia nobis quam. Ut ex nisi voluptas beatae possimus consequuntur.',1,'2013-11-14 18:48:36'),(393,93,24,'Amet id omnis ut dolor repudiandae. Eos assumenda voluptatum esse optio. Rerum dolorem modi dignissimos aliquid dolores est ea. Reiciendis numquam dignissimos enim et veritatis mollitia.',1,'2014-01-11 09:54:24'),(394,94,63,'Nemo est dolore itaque exercitationem et ratione. In nulla ipsam voluptatem quaerat praesentium qui saepe enim. Ducimus sit et quisquam enim consequuntur exercitationem.',0,'2021-03-18 01:13:51'),(395,95,38,'Vel natus iste aut rerum. Officia nemo soluta eligendi quis non quis voluptas. Maxime voluptatem natus possimus iusto magni expedita sapiente.',0,'2012-04-06 08:54:25'),(396,96,5,'Eum eaque numquam nisi eum quos itaque laborum. Libero ad voluptatibus aut possimus sed. Suscipit accusantium quod blanditiis in.',1,'2018-03-08 22:02:05'),(397,97,6,'Quia accusantium atque facilis ex. Voluptates qui saepe quis qui. Itaque quaerat impedit quam ea qui rerum possimus magni. Facere veniam beatae suscipit dolor perspiciatis omnis.',0,'2016-01-03 18:22:08'),(398,98,77,'Laudantium a praesentium nemo aliquam. Alias totam dolore et. Corrupti sequi at aut animi. Ipsum vero sequi animi dignissimos ea non repudiandae.',0,'2013-05-29 06:27:58'),(399,99,77,'Unde aut et iure consequatur. Neque id ea omnis doloremque fugiat nemo eos in. Aut qui odit modi dolorem beatae.',1,'2014-08-11 23:10:57'),(400,100,38,'Eum recusandae omnis libero rerum. Et et quod expedita officia laborum in et et. Voluptates voluptatem et vel dolorem consequuntur eligendi sit.',1,'2018-02-10 19:36:27');
/*!40000 ALTER TABLE `messages` ENABLE KEYS */;
UNLOCK TABLES;

--
-- Table structure for table `movies`
--

DROP TABLE IF EXISTS `movies`;
/*!40101 SET @saved_cs_client     = @@character_set_client */;
/*!40101 SET character_set_client = utf8 */;
CREATE TABLE `movies` (
  `id` int(10) unsigned NOT NULL AUTO_INCREMENT COMMENT 'Идентификатор строки',
  `title` varchar(100) COLLATE utf8mb4_unicode_ci NOT NULL COMMENT 'Название фильма',
  `short_description` varchar(250) COLLATE utf8mb4_unicode_ci NOT NULL COMMENT 'Короткое описание фильма',
  `description` text COLLATE utf8mb4_unicode_ci NOT NULL COMMENT 'Описание фильма',
  `movie_link` varchar(255) COLLATE utf8mb4_unicode_ci NOT NULL COMMENT 'Путь к файлу',
  `image_blob_id` varchar(250) COLLATE utf8mb4_unicode_ci DEFAULT NULL COMMENT 'Идентификатор картинки фильма',
  `release_date` date NOT NULL COMMENT 'Год выпуска фильма',
  `created_at` datetime DEFAULT current_timestamp() COMMENT 'Время создания строки',
  `updated_at` datetime DEFAULT current_timestamp() ON UPDATE current_timestamp() COMMENT 'Время обновления строки',
  PRIMARY KEY (`id`)
) ENGINE=InnoDB AUTO_INCREMENT=401 DEFAULT CHARSET=utf8mb4 COLLATE=utf8mb4_unicode_ci COMMENT='Фильмы';
/*!40101 SET character_set_client = @saved_cs_client */;

--
-- Dumping data for table `movies`
--

LOCK TABLES `movies` WRITE;
/*!40000 ALTER TABLE `movies` DISABLE KEYS */;
INSERT INTO `movies` VALUES (1,'Libero aut laboriosam minus voluptas tempore vel architecto.','Consequatur quam pariatur beatae doloribus. Rem aut aut quisquam minima. Voluptates consequatur perferendis necessitatibus molestiae dignissimos officia numquam.','Atque occaecati temporibus cupiditate quasi. Inventore omnis quos quae reprehenderit reprehenderit suscipit. Illo voluptatem nemo rerum possimus ea tempore. Amet est itaque reiciendis qui exercitationem quae dolorem ea. Autem illo voluptatibus et non delectus quis et.','http://www.thielreichel.com/','fd36a8e8-1161-30bc-a43f-76bf609689d0','2015-10-04','2018-08-20 22:28:05','2021-05-14 18:46:33'),(2,'Occaecati laudantium consequatur fuga consequatur aliquam delectus magnam non.','Excepturi sed quidem labore in quis rerum aut aut. Voluptatem ratione dicta omnis fuga. Eveniet ea aspernatur quia dolor itaque odit accusamus. Ut soluta facere ipsum ab.','Eos hic ut culpa. Et fugit pariatur dolores sit nemo. Ipsam et error in assumenda. Saepe et harum porro praesentium. Deserunt vel eum nisi veniam earum voluptatem molestiae.','http://schuster.biz/','0803e735-edae-3a8a-b955-e7010e92e260','2017-02-03','2019-08-26 07:32:00','2021-05-14 18:46:33'),(3,'Quam porro qui non officiis velit.','Nihil quia dolorum eos quos sed. Quia laborum dolores vero sed sequi quia. Voluptatibus et architecto iste modi.','Ut ea vel id aliquid veniam reprehenderit ab. In aut error dolores vitae. Et ipsa non mollitia. Et sed numquam atque qui porro vel facere. Molestiae quidem tempore cum ut.','http://www.gusikowskishields.com/','ae2a1f12-08f3-384f-8a05-9cacd6cc5095','2014-02-20','2020-02-17 02:46:19','2021-05-14 18:46:33'),(4,'Tenetur sequi aliquid libero ut labore.','Necessitatibus et quasi explicabo quo. Ut minima iste non tempore quos explicabo et. Magnam ut praesentium sint id cupiditate non est. Ipsum et iste exercitationem cupiditate quidem ut vel fugit.','Voluptatum officia sed sed quis est ut repellendus. Eum nisi expedita expedita architecto tenetur assumenda. Tempora repellat doloribus rerum molestias rerum odit reiciendis. Et magnam unde et et impedit reiciendis.','http://www.torp.com/','0ce6fbc7-d048-38fd-9825-af7c7249c536','2017-08-26','2017-05-16 17:19:32','2021-05-14 18:46:33'),(5,'Velit repudiandae aut qui voluptas doloremque.','Iste ducimus error odit sint dolores voluptatem quia. Voluptatem velit consequatur rerum qui omnis.','Perferendis maiores quia delectus et repudiandae officia. Necessitatibus voluptatem facilis omnis tenetur odit distinctio quidem. Ipsum ipsa repudiandae aspernatur esse similique. Sapiente voluptatum qui accusantium quia dolor velit.','http://www.brakus.com/','2fff73b0-b016-33df-acd6-37c4bc698615','2018-07-04','2020-05-14 06:20:33','2021-05-14 18:46:33'),(6,'Consequuntur aliquid aut optio ut qui vitae.','Accusantium reprehenderit aliquam dolorem neque aut omnis. Rerum minus qui architecto et.','Recusandae voluptatem quidem optio suscipit dolores ut aut. Molestiae maiores quod fugit. Pariatur voluptatem perferendis assumenda veritatis ea voluptas. Non provident et autem cum sit omnis.','http://www.gloverlang.com/','c17270da-b4ed-37da-8c05-45b9baa67810','2013-12-15','2020-03-20 17:46:01','2021-05-14 18:46:33'),(7,'Voluptates facere error quasi odio officiis ut dolores corrupti.','Vitae illo perferendis porro porro saepe. Amet qui possimus voluptas quisquam vel eos. Et molestiae iste harum magnam. Quaerat porro consequatur eaque ipsa vitae.','Quod eligendi ea aliquam sunt. Repudiandae eos dolore cum.','http://lind.com/','690c9650-cddf-36fc-b19e-bb6475199b80','2015-07-05','2019-09-19 23:30:58','2021-05-14 18:46:33'),(8,'Vitae voluptatem impedit consequatur nulla quis magnam.','Similique omnis et omnis perferendis est non et. Molestiae voluptatem a ea et eum. Voluptatem cum ipsum nihil optio. Placeat inventore facilis id non quidem necessitatibus quia.','Corporis quam quia eos alias voluptas delectus. Reiciendis ullam ex dicta qui repellat aut assumenda. Quis dolorum dolor in qui. Adipisci magni et quas assumenda consequatur ut excepturi mollitia.','http://www.hessel.org/','1c2977ac-3b1a-391b-b85f-e9dbfcaa2a13','2016-08-12','2012-05-02 21:26:26','2020-11-28 10:16:58'),(9,'Et tempore ut laborum unde quia qui asperiores.','Accusantium vel ut ut sit nihil assumenda et. Ratione mollitia expedita quia molestiae dolores fugit. Voluptatem ut rerum deserunt omnis.','Consequatur quia quaerat voluptas veritatis corrupti. Error sapiente autem maxime eligendi quibusdam et. Ut debitis fugiat sit molestias laboriosam minus a nisi.','http://padberg.net/','37cadffe-f7ae-3e30-a4a2-e70b9d67cb91','2014-08-22','2017-05-07 18:29:03','2017-08-10 01:00:04'),(10,'Quidem earum autem vel quod.','Explicabo placeat sit ea id facilis eos. Labore soluta temporibus rerum harum dignissimos reiciendis repudiandae. Consequatur a facilis eius perferendis. Laborum perferendis non recusandae illum. Dolore eaque est laudantium cumque.','Autem aperiam suscipit architecto distinctio omnis. Voluptates rem pariatur officia ut perspiciatis animi delectus. Ab aut id voluptates odit earum et. Est et consectetur in temporibus ipsum fuga veritatis soluta.','http://hudson.org/','2cb786f8-57e4-3108-9d09-55969233504c','2020-09-22','2013-08-18 06:42:36','2021-02-21 03:52:16'),(11,'Exercitationem velit hic praesentium sequi.','Non maiores quia et amet eos eos. Sed perspiciatis nisi ut earum atque occaecati aliquam nemo. Rem quos quos quasi laborum. Omnis id vero quae.','Cumque consequuntur consequatur veniam eaque non aut. Quasi aliquid ipsam id architecto id commodi. Repellat nostrum rem consectetur hic voluptas earum neque.','http://halvorson.com/','0951bcf8-d0c4-3a99-9b00-faceb483f421','2019-12-29','2017-04-05 12:46:33','2021-01-16 15:26:45'),(12,'A consequatur minima labore a sunt iure accusantium doloribus.','Quis qui consequatur rerum. Dolor eum tempora quae vero nostrum cupiditate animi. Aut voluptate nihil molestias expedita nihil voluptates blanditiis eum.','Accusantium rem odio quod magni. Dolorem omnis et rem qui. Qui sequi perspiciatis reprehenderit blanditiis accusamus dolores.','http://baumbachbaumbach.org/','0af5f789-dfa2-342a-97dc-4289ac93ad8f','2012-10-12','2016-02-07 14:25:10','2018-10-05 15:04:37'),(13,'Sequi at ut itaque nisi.','Suscipit repellendus quibusdam minima ipsum tempora eos quia. Provident et nemo perspiciatis voluptates ea molestiae eligendi.','Non aspernatur ipsum non quia tempora architecto ea. Sunt non non velit reiciendis. Quaerat reiciendis et quo sed quidem. Quaerat ducimus aut aut voluptate.','http://satterfield.biz/','317ba864-6601-347a-a718-2a0e69886e1f','2016-07-07','2017-08-21 20:11:05','2021-05-14 18:46:33'),(14,'Consequatur officia minus beatae earum ut dignissimos dolorum.','Et temporibus est ut quam. Rerum hic aut quaerat nobis.','Laudantium voluptatem voluptas ipsum laudantium consectetur. Hic omnis ducimus voluptatum corrupti quis cumque qui. Ut ex ex eos ex optio nulla.','http://torp.com/','494c669e-c075-3826-be2d-006b2421319c','2011-08-06','2019-06-05 05:16:04','2021-05-14 18:46:33'),(15,'Maiores maiores iusto et dolor natus repudiandae facere porro.','Quas necessitatibus sint qui animi commodi et. Possimus soluta aut nemo labore sint non. Odit dolorum sint suscipit neque nihil quo sunt. Culpa magnam officiis nam id quis provident libero et.','Tempore sit inventore cum ut perferendis. Sequi deleniti autem perferendis quo. Laborum ipsa non et non et quidem aut.','http://www.wiza.com/','619f7ec8-b559-3dff-8ba7-d0b2705ff80c','2017-04-07','2020-02-10 20:49:59','2021-05-14 18:46:33'),(16,'Voluptates magni quos magni assumenda repellat.','A voluptas in ut aut quam sint. Repellat et et et ut. Ex voluptates laudantium quos porro suscipit est. Molestias harum maxime quaerat consequuntur.','Quis autem mollitia aut odio enim nisi quisquam. Voluptatem et incidunt consequatur voluptas repellendus atque architecto. Itaque non impedit aliquid.','http://brakuswilkinson.com/','4282268e-696f-34b1-ac3c-957bcccd8038','2011-06-27','2013-01-10 12:53:17','2014-01-02 23:18:58'),(17,'Iure qui quas et omnis cum doloribus maiores.','Officia aut ea cum dolor. Accusamus neque officiis nostrum blanditiis. Ad quia neque vero maxime voluptates.','Qui itaque consequatur id et nihil natus. Autem eos et temporibus consequatur dolores voluptate adipisci beatae. Dicta consequatur quibusdam non voluptas.','http://www.wintheiser.com/','c8166e1c-7e2e-3de2-aa2a-5054dda5f17a','2020-08-13','2014-03-21 20:42:42','2016-06-23 15:02:32'),(18,'Vel est id ullam hic dolores beatae.','Quasi omnis necessitatibus in consequuntur. Autem sunt molestiae fugiat dolores velit aperiam minima. Dolores dolores non quaerat est.','Aspernatur est delectus quos. Nesciunt rem placeat minus cupiditate et consequuntur vitae. Eaque voluptates atque quibusdam quos. Quisquam quis aut numquam perferendis debitis velit sint.','http://www.donnelly.com/','ee008d78-eac3-3941-8aa4-a90bd568c452','2017-08-14','2016-07-14 08:10:23','2021-05-14 18:46:33'),(19,'Animi omnis exercitationem ut sapiente quo qui expedita.','Rem iure voluptate suscipit aliquam error. Rerum quis molestias corrupti. Blanditiis et aspernatur exercitationem nam sit unde officia. Aut et et quam nemo provident numquam qui qui.','Est dolore sint unde. Accusantium aspernatur soluta eveniet est illum praesentium officiis. Illum sed reiciendis veniam neque et et atque.','http://wisozk.com/','35bd90c0-f29b-31ce-83a2-e833420ae0ed','2017-07-28','2017-06-16 22:14:31','2021-05-14 18:46:33'),(20,'Quam nemo quibusdam quia vitae est officia dolores.','Voluptatem vitae quia aut quas. Quisquam totam incidunt quis voluptate provident. Libero velit dolor sed voluptatibus et optio molestiae.','Dignissimos at magnam dolorem reiciendis laboriosam enim qui. In rem ea dolore vero necessitatibus. Neque suscipit magni odit magnam et. Asperiores inventore ea iure omnis suscipit non nemo eos.','http://www.schultz.biz/','0d35d74d-f9c8-36b1-910d-e59626230967','2018-08-17','2018-06-27 15:48:41','2021-05-14 18:46:33'),(21,'Sed hic ea explicabo amet.','Quia eum occaecati ullam quaerat. Et inventore aut ipsam nostrum laborum eveniet molestiae.','Sunt dignissimos laboriosam illo nostrum consequatur aliquam. Fugit nobis adipisci et laborum quo omnis alias. Et iure nesciunt eos blanditiis.','http://www.heidenreichkoepp.com/','261f4f24-64e3-3c4d-8522-a0507ba03808','2019-02-28','2017-04-15 06:43:56','2021-05-14 18:46:33'),(22,'Quod sit et ut adipisci.','Rerum iure officiis ea est. Voluptas qui aut repellendus qui voluptatem dolor ut. At repellendus consequatur accusamus quod voluptas nam quibusdam tempora. Iure consequatur consequatur ut velit sed quaerat.','Nesciunt et qui omnis est velit quia. Et deserunt molestiae voluptas ullam. Dolorem ut et quo et. Vel labore commodi et minus.','http://kunde.com/','f3f066a9-9134-39b7-bad6-399740feb9e1','2015-08-29','2017-08-31 19:08:45','2021-05-14 18:46:33'),(23,'Sunt enim voluptate ullam non.','Nesciunt et fugiat doloremque autem harum explicabo ut. Consectetur sunt esse vel qui. Aut non voluptatem dolore illum qui qui sapiente.','Aliquid dolorum et et ut qui. Ad dolore quo possimus enim porro et. Ad atque vero sit tempore. Ratione accusamus eos autem in vitae est animi veniam.','http://www.harvey.com/','705f8c7e-b515-3207-8efc-0e50ee0777d6','2021-02-23','2015-12-10 06:06:44','2020-07-05 22:08:32'),(24,'Consequatur eveniet sint natus voluptatem.','Ullam sit quae modi adipisci voluptas. Id ab qui reiciendis voluptas qui ut quidem. Magni et omnis est nihil molestiae ea. Deleniti autem sed dolores vitae eum occaecati est.','Doloribus tempore corrupti consectetur nihil doloremque facere. Ad qui molestiae mollitia rem natus sed earum. Et sit tenetur dolorem sed autem. Eveniet sed explicabo repellendus enim modi.','http://spinka.org/','429ba7bf-d0ff-304b-b139-6aa2bcd166f2','2018-08-25','2014-08-22 14:14:00','2016-09-26 05:49:04'),(25,'Pariatur velit velit iste.','Velit quaerat perspiciatis esse minus autem dolorum et neque. Et sed autem modi sit quo. Qui sed illo deleniti.','Qui nihil sint et quia doloremque eius. Ut reprehenderit quae repellendus ut et ea.','http://borer.com/','360c9e95-e0dc-37e5-ab36-a52daf746ed3','2017-01-18','2017-05-04 18:49:50','2020-11-25 14:12:28'),(26,'Id quaerat eum perferendis eligendi odit qui.','In id ratione aut qui. Mollitia fuga vitae sint odit odio voluptatem natus. Impedit et omnis maiores voluptates recusandae voluptate iure.','Sit atque eaque corporis eos et est ut. Inventore doloremque repellat deleniti ut. Nam aut aliquam sit et maxime et. Voluptatibus voluptatum dicta perferendis minus.','http://www.kuhncarroll.com/','fbee5853-4675-3dfb-ada4-7ddcaef926a4','2014-06-18','2015-04-09 10:57:19','2021-05-14 18:46:33'),(27,'Aut molestiae occaecati vitae vitae quis veritatis.','Dolor molestiae nisi quod quidem laborum sit. Ea enim eligendi porro cumque eum et laudantium sed. Ipsa explicabo et assumenda non. Sed eos nesciunt numquam.','Sapiente tempore est eum. Magni esse blanditiis nihil. Iusto nihil libero at cupiditate error.','http://carrollmoen.biz/','f33a74b6-5c54-3fac-8223-e692a01b521d','2016-01-16','2014-08-11 14:00:47','2020-03-06 15:28:54'),(28,'Sequi quidem nihil quos reiciendis at totam ex.','Officiis porro et praesentium laborum impedit veritatis. Illum temporibus nihil voluptatem voluptatem ducimus in. Quo reiciendis ex explicabo minus.','Fugiat sit eos est dignissimos sint. Quos omnis ea at ut ex vitae recusandae.','http://harveybotsford.org/','b3e8ba6b-e3cf-3978-88ca-d3f64064a8b4','2016-06-18','2018-11-02 03:19:49','2020-02-07 04:03:23'),(29,'Quisquam neque consectetur numquam eligendi mollitia eos omnis.','Explicabo aliquid numquam itaque magnam. Et veritatis beatae non ad architecto quaerat. Iste aut fuga aperiam sed et sed omnis dolor.','Dolorum porro temporibus consectetur laboriosam consequatur rerum. Rerum veritatis commodi voluptas odio enim. Architecto aut aut quaerat quaerat.','http://www.johnson.info/','23c11e01-55bd-3738-96c3-0e7c236e0bb3','2016-09-29','2016-07-25 19:47:29','2020-10-21 20:05:04'),(30,'Est voluptatibus nulla magnam cupiditate.','Ad temporibus laudantium illum quos dolores. Tempora minus nam molestiae delectus. Ut dicta ut consequatur rerum.','Non qui consequatur deserunt similique mollitia dolorum tenetur. Ut nam quibusdam aliquid nisi est quis labore. Nostrum qui ratione magnam quaerat. Id et sint enim rerum suscipit cumque vel.','http://gleichner.org/','476b8bf2-f6d7-3a32-bdd1-8e9132a93160','2016-02-29','2016-07-12 00:19:46','2019-06-18 18:04:45'),(31,'Minima nihil impedit nostrum fugiat.','Commodi veritatis tenetur autem aspernatur sunt. Delectus corporis consequuntur debitis repellendus nam aut nemo. Deserunt perspiciatis neque minus quae.','Distinctio architecto et aut culpa. Assumenda dicta assumenda eum voluptatum laboriosam perferendis neque.','http://grady.com/','f2771036-bc86-3cdc-8edf-979a5eb8d888','2012-07-03','2018-06-19 04:50:35','2021-05-14 18:46:33'),(32,'Consequuntur praesentium id debitis aliquam quibusdam non aspernatur.','Enim enim non accusantium quas doloremque explicabo excepturi atque. Reiciendis voluptas error aliquam. Beatae dolor necessitatibus consequatur nesciunt earum ad.','Sapiente ipsa modi consectetur deleniti magni quisquam tempora. Totam dolor dolore aspernatur dolores sed eos ipsum. Aliquam sequi officiis sed est. Et consequuntur harum ipsa quia id id sit. Culpa praesentium voluptas labore doloremque.','http://wisozk.com/','98a777a4-0e9c-3bca-8c43-cbf3316e3c66','2017-11-22','2011-09-16 09:36:48','2019-04-28 04:11:08'),(33,'Ratione consectetur eaque nisi dolor voluptatem a quos.','Officiis magnam et aut repellat autem qui. Quia mollitia quaerat soluta. Voluptatem corrupti ut qui amet.','Natus ipsa quasi dolores quos. Debitis asperiores amet similique sunt cumque iste sit id. Possimus amet molestiae accusamus debitis expedita. Et rerum beatae in.','http://uptonhand.biz/','b92ce84f-33ca-38e2-b144-384252248eae','2017-07-08','2015-12-16 13:53:36','2017-09-15 15:09:40'),(34,'Facilis qui excepturi nihil voluptas et et odit.','Ea repellendus autem rerum ratione est natus occaecati. Incidunt quia non voluptatem illum. Aperiam quis consequatur cupiditate ut quo in.','Rem quia ut rem nobis vel earum at. Necessitatibus aspernatur iure sint non voluptatem mollitia quos. Enim ipsam eum non aut.','http://schneider.com/','e8d657ef-5bcd-3d90-86b3-b0b027247080','2018-12-18','2012-07-13 17:14:23','2021-05-14 18:46:33'),(35,'Sunt sit temporibus sed ab.','Dicta perferendis aspernatur quos pariatur facilis expedita quia. Mollitia natus et id saepe quis tenetur aliquid.','Et voluptatibus reiciendis qui fuga. Consequatur alias quia et et provident tenetur quis. Quisquam et maxime ut consequatur expedita. Consequatur fugit commodi omnis repellendus.','http://www.corwin.org/','218fd533-dc5a-3c1b-8aeb-b5f5d3d66346','2011-11-09','2012-12-16 23:27:08','2021-05-14 18:46:33'),(36,'Libero sed quo voluptatem praesentium esse aliquid.','Suscipit numquam voluptatibus inventore magni. Voluptas omnis aperiam autem beatae vitae aut fuga vitae. Maxime illo dolores impedit fugit soluta. Nihil quo sit unde ut perspiciatis.','Dolor alias fugiat placeat libero dignissimos. Consequatur tempora qui id accusamus ut dolorum expedita dolores. Dolorem veritatis aut minus. Eaque ab eum non sint dignissimos aperiam est laboriosam. Eius odio beatae saepe.','http://www.prohaskamiller.com/','9f04a106-d00d-3d76-a9c0-38f56aacf117','2015-02-19','2015-10-05 18:43:11','2021-05-14 18:46:33'),(37,'Minus id dignissimos deleniti eveniet aut error.','Rerum sunt iste in magni debitis sint. Cupiditate autem vitae similique labore. Facere voluptate corrupti omnis. Repellat rerum itaque ut vel fugit quibusdam iste.','Fugiat at accusamus eos eos sequi. Odio velit minima ut saepe mollitia molestiae ab. Debitis dolor dicta quis porro aliquid exercitationem dolorum delectus.','http://www.stokeshickle.com/','0de93af3-3ba3-37c0-a380-d37bb578ea36','2019-06-09','2014-11-02 19:28:54','2021-05-14 18:46:33'),(38,'Alias numquam ab aspernatur velit.','Voluptatem exercitationem tempora est sed est incidunt dolor. Sunt et porro qui voluptate. Dignissimos est enim nobis qui laborum. Beatae perspiciatis quae in nesciunt voluptas.','Fuga quasi quia culpa vel fuga. Exercitationem quae aut mollitia aut asperiores nobis ut. Provident laboriosam ut exercitationem nostrum et. Quasi et ut sapiente doloribus perferendis eum aspernatur reiciendis.','http://www.gottliebrath.biz/','bdea5874-1021-30ba-b5b6-d26206d62506','2011-11-23','2016-04-12 22:18:36','2021-05-14 18:46:33'),(39,'Enim sapiente sed accusamus maxime eos ipsam aspernatur.','Veniam temporibus quo qui autem amet. A alias nobis tempora sequi nulla. Sint fugiat ut quibusdam omnis iure. Placeat ut et in animi.','Aut reprehenderit quam dolores facere officia. Nesciunt eaque officiis incidunt non voluptatem minus animi. Animi adipisci autem nesciunt est voluptatum.','http://jastkulas.org/','712e97ab-1927-3d6c-bf7f-1d374a4bd999','2015-02-08','2019-12-10 04:17:30','2021-05-14 18:46:33'),(40,'Quia aut consectetur totam nobis.','Vero natus voluptas autem quis et nam illo omnis. Unde voluptatum illo doloremque qui aut voluptas rem. Nemo corporis explicabo itaque minus.','Hic quisquam at dolore. Cum dicta esse vel ut nihil ullam ratione rerum. A aut non qui fugit.','http://okon.com/','8d4cf3cd-785c-3a52-87b9-3e8f8b4f3d13','2020-12-13','2015-07-10 06:24:31','2018-06-09 09:31:52'),(41,'Repellat vero quia animi neque sunt ipsum ipsa.','Voluptate quaerat officia id cumque assumenda. Qui alias vitae corporis doloremque. Nisi reprehenderit illum earum perferendis itaque accusantium ut. Animi voluptatem dolorem deserunt culpa et vel.','Modi vel enim error ut animi itaque. Ea dolor ea quaerat doloribus tempora sed. Accusantium ea nemo debitis corrupti.','http://steuber.com/','1f246775-3511-30fe-8fe4-dccf7cfd2a52','2017-06-29','2014-04-30 03:01:51','2019-02-26 04:53:10'),(42,'Unde aut quo modi similique.','Animi qui voluptatem et tempore iste. Vitae consequuntur vero est neque enim nostrum. Illo ad aliquam dolorem dolorem alias ut molestiae.','Aut perspiciatis autem non dolores rerum provident sint suscipit. Vel et aut at nobis suscipit ex incidunt. Dolorem laudantium quas aut assumenda. Nihil unde maiores beatae optio.','http://www.gislason.info/','3bf4d7a5-2e79-3cfd-8857-f4a4131e6379','2014-08-23','2019-02-12 08:31:43','2021-05-14 18:46:33'),(43,'Adipisci quas sunt qui fugit ab.','Ducimus qui asperiores exercitationem temporibus minima. Nisi odio fugit quos enim omnis est incidunt officiis. Laudantium ea occaecati consequatur repellat voluptatem consequuntur. Inventore magni sequi autem esse.','Eos nihil porro fuga. Non sed quae fugit et in libero vitae. Adipisci accusamus quam rerum quibusdam laboriosam maiores tenetur fugiat.','http://www.lueilwitz.com/','c82cb945-a00c-3e91-ae12-4edd5ff7656e','2012-11-19','2018-02-16 19:06:27','2021-05-14 18:46:33'),(44,'Corporis ut suscipit enim dolorem.','Quod odit ratione libero nemo maxime modi exercitationem deserunt. Quas illo aperiam qui quas. Sed nihil voluptas possimus facilis laboriosam id accusamus consectetur. Perspiciatis molestiae nemo perspiciatis voluptatibus.','Sed eum modi perferendis a explicabo sequi. Eius sed animi nulla laboriosam animi consequatur. Illo iusto est illo ad consequatur sunt.','http://www.dickinson.com/','1a44d565-4ec5-37ff-9caa-a6b1938bcb18','2017-01-18','2017-08-09 16:00:29','2021-05-14 18:46:33'),(45,'Aperiam corrupti delectus dolores voluptatem ipsum.','Debitis dolor qui optio odio doloribus. Cupiditate quo ea sit. Ullam repudiandae aut odit maxime aut fuga. Enim pariatur porro est animi quia et porro.','Non occaecati dolorum sit. Fugit voluptate temporibus deserunt beatae ad illum. Et nostrum et natus.','http://upton.info/','79652ee0-d432-3c06-855f-5c57799ec74e','2017-12-11','2015-06-16 18:18:51','2021-05-14 18:46:33'),(46,'Nulla maiores consectetur et unde.','Adipisci voluptatem hic maxime. Aspernatur sed et dicta ducimus tempora. Consequatur sint et officia magnam quidem et.','Et veniam sed asperiores sint et sed. Sed ipsam ab atque et hic. Fugit unde vitae alias sequi ut rerum voluptatem.','http://prohaskabeer.com/','6cdd8b61-311d-32ee-aead-bb27bedbc00f','2014-11-11','2016-10-22 20:39:22','2021-05-14 18:46:33'),(47,'Sequi quasi et quo numquam.','Sunt eum rerum aut. Et maxime non hic est. Eligendi tempore aperiam perspiciatis qui quis rerum provident. Voluptate non dolores excepturi doloribus architecto aut.','Id in at esse vero enim perferendis fugiat. Non molestias praesentium error consequatur voluptatibus voluptatem minus et. Itaque sed illum molestias commodi et.','http://johnson.biz/','2e284345-8b4f-3025-baf7-5ad92d33ecf9','2015-09-02','2019-10-07 02:31:24','2021-05-14 18:46:33'),(48,'Iste aut quisquam culpa voluptatem est dolorum qui nihil.','Repudiandae iste sit excepturi vero quibusdam omnis ut. Culpa sit eius molestiae exercitationem nesciunt sed delectus. Sapiente sit sequi dolor voluptatem ullam.','Delectus enim veniam aspernatur atque. Doloribus in exercitationem qui. Eos eligendi aspernatur voluptas quia sunt porro. Incidunt quos cupiditate architecto dolorum est. Nam corporis accusantium occaecati numquam.','http://www.stantonruecker.com/','d10623b6-78e0-3295-82f8-c825d536cd3e','2012-08-08','2014-05-10 14:09:15','2021-05-14 18:46:33'),(49,'Quo beatae ipsa quia repellat aut id minima.','Sapiente illum voluptas laudantium adipisci saepe eos. Ducimus perferendis voluptatem non quam. At atque id expedita recusandae temporibus voluptas enim odio.','Ullam maxime facilis ducimus mollitia. Quia tenetur quos suscipit eum. Reiciendis autem aliquid provident odio id vitae iusto. Ipsum magnam eos et enim sit.','http://www.hahnsmitham.com/','928f3926-069c-3c8d-a40b-2f6a73d79da0','2021-05-05','2015-04-05 05:40:11','2021-05-14 18:46:33'),(50,'Quia recusandae voluptatum qui alias.','Voluptas commodi maiores hic neque explicabo. Est sapiente corporis eaque dolorum est. In et rerum aliquam ut quidem.','Modi voluptatem cumque autem voluptatem molestias. Itaque illo beatae laborum enim minima. Rem facilis aspernatur repellendus voluptatibus.','http://howellgreenholt.com/','6c4bd8e1-f6a4-36e6-9e1b-c2ada7a6c5af','2013-09-14','2020-01-10 23:35:05','2021-05-14 18:46:33'),(51,'Ab repellendus qui fugiat.','A voluptatem quam iure eos in laborum molestiae quia. Dolore vero at dolores consequuntur et rerum et. Harum incidunt possimus repellendus et quisquam asperiores. Et voluptas eveniet velit sed vel ut.','Optio qui omnis non dolorem neque autem. Molestiae ducimus eum unde deleniti. Consectetur corrupti fugiat ut incidunt ut.','http://www.mcglynn.com/','2561882f-8831-3f6a-b218-216cb7894457','2018-02-05','2015-08-09 17:59:07','2021-05-14 18:46:33'),(52,'Impedit ad quisquam sit voluptatem esse.','Et cum quisquam dolore consequatur repudiandae ad occaecati. Rerum est officia nam inventore. Ut velit beatae amet. Ratione debitis aut assumenda dicta molestias voluptatibus.','Voluptas commodi corporis natus rerum tempore. Ut eligendi doloribus sit unde enim quidem est. Accusamus quia vel beatae eum ducimus quae. Quae accusamus ab quod atque.','http://www.boylekovacek.com/','32c9208b-24f3-3c56-a5f1-ae0c4da40958','2012-11-15','2020-10-20 12:04:46','2021-05-14 18:46:33'),(53,'Fuga qui ab voluptatem quos.','Est asperiores est vel totam molestiae sequi. Fugit id magni rem quibusdam. Ipsa vero explicabo fugit. Voluptas sed rerum voluptate et.','Perspiciatis fugit necessitatibus in aliquam. At delectus aut at dolor molestias nisi non. Illo distinctio molestiae voluptates odit magni et. Laborum ab similique ipsam aut.','http://mayer.biz/','dc50ef00-eec3-326a-9649-53f344e41c21','2014-10-29','2019-01-28 00:14:58','2021-05-14 18:46:33'),(54,'Et qui aliquid in quia dolores et quae.','Quisquam possimus est dignissimos sed dolorum. Saepe harum et error. Qui reiciendis sit explicabo molestias adipisci consectetur earum veritatis.','Qui dignissimos velit dolorem corporis autem. Maxime labore et corrupti ut voluptas voluptatem. Modi non tenetur quasi quia qui. Minus sapiente quia numquam aut odio molestiae.','http://lemke.info/','52a95ccc-44ed-3ea2-b77f-e536dda15403','2017-06-19','2019-06-05 18:22:42','2021-05-14 18:46:33'),(55,'Sint voluptas natus earum mollitia quia eveniet recusandae suscipit.','Numquam quaerat quia perspiciatis et veritatis. Esse numquam pariatur rerum.','Atque impedit facere ipsam provident cumque. Quo amet voluptatem ab consequatur. Aut modi porro ut.','http://www.rau.com/','7ea2e5bd-48fe-35f6-ae97-91898212cf2d','2017-07-01','2016-11-21 19:51:21','2021-02-02 01:09:47'),(56,'Porro est velit id iste corporis aspernatur perferendis dolores.','Nisi iste molestiae et architecto et unde sapiente error. Eligendi repudiandae exercitationem esse odio nostrum repellendus. In unde temporibus soluta unde rerum dolor. Quia voluptas quo sit.','Cupiditate est quo repellendus corporis dolore voluptatem non. In dolorum unde illo adipisci non. Vel id placeat magni a cumque.','http://reynolds.biz/','4bab82cc-3509-39d7-a190-400f81ba4996','2018-08-29','2018-10-03 20:54:54','2019-06-03 19:54:24'),(57,'Ut quae facilis perferendis in omnis placeat enim qui.','Sed quaerat voluptatem necessitatibus ea exercitationem. Rem animi est amet labore ea cumque illum.','Eveniet quibusdam molestiae adipisci aut voluptates beatae. Cum sit quo accusamus libero voluptas. Voluptas aliquid tempora alias sint et provident facere. Unde et porro architecto consequatur.','http://www.conroy.org/','858f4ff4-d9e9-3909-a0bd-2ae2b39eab1c','2013-01-01','2019-08-03 21:33:58','2021-05-14 18:46:33'),(58,'Omnis minima eum repudiandae odio.','Ullam eos at eius beatae qui consequuntur. Esse laboriosam praesentium et numquam. Saepe voluptatem impedit deserunt natus. Asperiores tempore eos nisi ea dolor.','Aut velit consequatur est mollitia eos ratione. Dolores ducimus animi reprehenderit quia consectetur. Officiis libero asperiores beatae saepe excepturi. Ab corrupti eius porro.','http://www.ebert.net/','05c55536-aa24-3f9b-9a1c-cf9899f19ea1','2015-07-08','2017-01-20 03:37:52','2018-11-07 20:34:01'),(59,'Consequatur quo sed praesentium vel cum necessitatibus.','Officia aut quam quam atque quos quis. Neque officiis odio sunt sed debitis explicabo natus. Distinctio quasi assumenda et quia rem illum est. Accusantium harum voluptatum libero maxime ut culpa ut a.','Voluptas in placeat autem modi vero doloremque voluptates. Doloremque quia et dolorem dolor maiores ea nihil a.','http://rempeldavis.com/','c624c2b7-5b50-3757-9d25-d70375bbf943','2017-10-17','2019-12-21 16:56:27','2021-05-14 18:46:33'),(60,'Corrupti nostrum laudantium mollitia.','Assumenda eum magni consequatur adipisci aut non. Ea vel ea voluptate. Ullam magnam nisi sit. Dolores consequatur laboriosam aliquid ut et accusantium et.','Asperiores voluptatem quis voluptatem architecto consectetur in dolorem. Molestiae amet aut illum odio tempora pariatur. Repellendus praesentium quibusdam ut aliquid debitis.','http://kreiger.com/','06790190-d442-3e47-902b-ddaf95caa48e','2012-03-26','2014-07-03 17:34:37','2015-03-22 05:34:23'),(61,'Dolore nisi occaecati voluptatibus voluptates.','Autem consectetur officiis doloribus dignissimos laborum aut. Rerum totam ipsum incidunt sit cum error eligendi. Placeat sunt odio temporibus et nulla harum.','Excepturi atque harum aut deleniti sed assumenda. Quia maiores ut ratione blanditiis accusantium ratione perspiciatis. Debitis consectetur labore quis neque exercitationem nulla.','http://bayerdurgan.com/','416bc4c7-18a6-3227-a3eb-14d583f68ed2','2017-09-26','2014-01-01 12:11:47','2021-05-14 18:46:33'),(62,'Dolorum dignissimos et possimus explicabo incidunt voluptas.','Enim et fuga dignissimos non rem sit. Soluta assumenda nihil rerum amet non. Soluta asperiores dolor delectus aut. Et officiis omnis voluptates sit magnam magnam ut.','Quia voluptas vel earum accusamus. Quia voluptatem occaecati pariatur aliquam at. Similique reiciendis dolor perspiciatis vel aut itaque. Fugiat omnis id doloremque dignissimos.','http://stanton.com/','ef9f0ade-b02c-3d18-b54e-1afbb50ef452','2020-12-18','2013-04-05 14:03:34','2020-01-04 07:37:30'),(63,'Laudantium incidunt fugit quo ut.','Temporibus cupiditate accusamus quis et minima. Dicta a omnis officia. Et ut et repudiandae autem et voluptas.','Velit iusto natus at cum tempore. Sed tempora mollitia sed rerum amet quos odio. Tempora quia quis consequuntur maxime cumque possimus. Quasi optio voluptatibus distinctio sit qui officiis.','http://www.jacobson.com/','e0e3d5e2-e40d-3e55-825a-cbf339673701','2013-10-23','2020-03-04 11:28:28','2021-05-14 18:46:33'),(64,'Labore quidem deleniti accusantium iusto.','Ex quidem deserunt provident quia atque. Dolorum quia ducimus vel. Voluptates suscipit rem aperiam nostrum.','Quas et quod dolorem quia sed. Exercitationem dolorem rerum fuga officia reprehenderit culpa. Qui et aut ut quam a cupiditate. Quo ipsam nobis neque voluptates odio eum.','http://smitham.com/','a12c9d60-2051-35f4-a362-ef6fb8228acf','2020-08-10','2020-05-24 03:30:40','2021-05-14 18:46:33'),(65,'Quia sunt nesciunt doloremque at est corrupti.','Non et vel autem sequi accusamus occaecati. Natus consequuntur eveniet dolore vel et. Et architecto qui omnis voluptas perspiciatis assumenda.','Aperiam rerum cumque officia velit eum incidunt. Placeat a rerum impedit molestiae. Tempora quae commodi enim quia voluptas et.','http://www.breitenberg.info/','998b306a-2ce7-3252-a8f9-6e48f1062674','2020-11-19','2020-10-07 11:45:12','2021-05-14 18:46:33'),(66,'Qui itaque et perferendis quos.','Dolorem iste alias et voluptatem minus ullam. Similique quo et sit laboriosam omnis. Accusamus et facilis nihil non mollitia harum et.','Exercitationem voluptas neque quis. Minus eius possimus tempora totam. Tenetur et repudiandae dolor sit ut sed quia.','http://www.heller.com/','17919a55-362c-3ddc-8950-e1a338814576','2014-10-27','2020-07-21 18:41:52','2021-05-14 18:46:33'),(67,'Vel nemo ea repudiandae quibusdam ut labore.','Ea doloribus nisi nulla ut maxime. Labore sit non voluptatem commodi id ipsum recusandae. Vel omnis corrupti veniam consequuntur. Voluptatem ipsam consequuntur id aliquam ut voluptatem.','Eius corporis sed sed voluptas assumenda nostrum saepe. Blanditiis repudiandae facere sequi iusto sint modi aut. Nemo est deserunt at mollitia provident minima.','http://denesik.biz/','c98ec227-353f-3ebb-b463-d0e6fd7cd0f9','2017-05-18','2011-11-18 00:12:21','2017-11-20 17:24:47'),(68,'Reiciendis doloribus eligendi animi ut voluptates qui.','Est sed tempore enim et magnam. Rerum rerum et perspiciatis adipisci omnis fugiat delectus. Quasi officiis sunt omnis et repudiandae. Esse ipsum eius dolore et cum amet.','Numquam sapiente unde omnis non. A libero est assumenda. Officia est perferendis culpa magnam quod. Quos a qui reiciendis consequatur qui.','http://www.eichmann.biz/','2a9e81c5-f40e-3705-b7e9-2a2ed35d6a8b','2013-09-18','2018-07-22 21:41:07','2021-05-14 18:46:33'),(69,'Odio blanditiis tenetur magnam eaque.','Magnam aut natus nam quo qui sint delectus. Ut et ipsum excepturi laborum ea harum nulla. Explicabo ducimus laboriosam et. Vero ipsum molestiae aut distinctio.','Vero omnis vel quam exercitationem non. Saepe animi nulla vero soluta aut soluta. Enim beatae architecto qui repellat eveniet vel.','http://www.ferry.com/','5597c0c7-c7b9-399d-80a0-461bd0f41b96','2012-08-20','2015-11-11 09:34:44','2021-05-14 18:46:33'),(70,'Qui rerum omnis quos ducimus vel vel est.','Quidem et delectus explicabo omnis. Officia autem ex maiores. Tempore et ullam asperiores id blanditiis vel iure.','Consectetur sunt id et commodi fuga vel. Praesentium reprehenderit qui eius aliquam eaque eligendi. Aut nulla eum ut sed.','http://www.schuster.com/','c6002e03-ce8b-3bcf-8df2-7cf563537789','2015-09-01','2015-02-12 06:47:43','2020-04-11 01:54:58'),(71,'Beatae dolore labore esse aut quia repudiandae.','Dolorum ad adipisci vero atque optio voluptatem. Molestiae voluptatem exercitationem et illum nesciunt. Debitis sed ea et ut deserunt omnis. Ea quibusdam tenetur aut consequuntur consequatur id totam.','Eius hic harum omnis debitis est. Maxime ea enim qui est quidem possimus. Perferendis illum quos porro voluptatibus.','http://gleichner.com/','cfb7b4f5-2b00-3552-be7a-1250e32a600b','2017-08-27','2015-09-05 11:56:16','2021-05-14 18:46:33'),(72,'Dolor quia dicta omnis reprehenderit.','Occaecati inventore ea reiciendis aspernatur dolorem. Voluptas excepturi harum ipsum voluptas. Sint odio atque et et est.','Amet excepturi nostrum cumque atque unde. Earum deserunt provident et facere est dolores. Fuga voluptatem et qui nam exercitationem ex modi. Quia aut ut et deleniti saepe ipsum cupiditate harum.','http://tremblaymckenzie.biz/','058ccc4c-8fb5-3c18-8b38-38cc9f2f303f','2011-10-31','2017-09-08 03:02:04','2021-05-14 18:46:33'),(73,'Cumque ut reprehenderit maxime aliquid fugiat culpa quaerat.','Libero laboriosam in magni earum. Libero deserunt cupiditate et ut. Blanditiis officiis sit voluptas voluptas non.','Reprehenderit aliquid rerum voluptatem aut consectetur cupiditate explicabo. Quas nihil id vel nam consequatur non sed. Odio in doloribus dolor saepe quaerat sint. Quod nam quasi sunt atque nesciunt.','http://www.yost.com/','03712237-8189-3b54-8fd5-599de65df0bc','2020-07-16','2019-08-01 05:41:25','2019-12-08 03:48:25'),(74,'Facere nostrum sed non quae voluptas aut.','Laborum nulla quis totam sed et excepturi quia. Ut numquam animi delectus nihil tempora.','Sed delectus maiores nostrum eos maiores ad similique. Et eveniet suscipit tempora amet sed mollitia quos cumque. Numquam minima reiciendis perspiciatis voluptas praesentium. Atque debitis non eaque sed.','http://www.howeadams.com/','589d1ac4-567c-3f36-a26a-f1b8529b667f','2017-12-22','2015-06-11 19:09:33','2021-05-14 18:46:33'),(75,'Tenetur iste esse ad.','Itaque tempore quas nulla officiis quae. Neque laudantium voluptas impedit quidem qui tempore ipsum eos. At nesciunt aliquid id blanditiis enim tenetur eius.','Omnis labore illum voluptate. Et error quidem nihil similique expedita aperiam ullam. Non ab ex amet magni. Aut quia temporibus quaerat pariatur autem assumenda placeat.','http://rutherford.com/','78f0c975-41d1-32fc-b769-68c421b5d0b6','2016-02-17','2019-11-19 12:38:38','2021-05-14 18:46:33'),(76,'Voluptas et placeat quis eum quia.','Quos qui harum fugit incidunt est. Tempora illo nemo excepturi magni veritatis quisquam repellat. Maiores voluptatum consectetur vero laboriosam provident in quia.','Minima odit est at voluptatibus impedit impedit. Nulla rem sit tenetur vel voluptatem accusamus in. Rerum quas occaecati perspiciatis a explicabo illo. Ad non aut architecto sequi reprehenderit eos maiores.','http://oberbrunner.com/','fedbbf17-fb40-3431-ac24-ddb2784f0696','2018-03-10','2013-01-05 01:06:26','2020-10-15 02:41:26'),(77,'Et aliquid dolores maxime omnis illum doloribus.','Nobis corporis architecto et officiis eius eum. Dolor et rerum saepe adipisci deleniti repudiandae sed. Ducimus eos vitae dolorem quaerat tenetur.','Dolores et consequatur et atque reprehenderit ea. Sed placeat deserunt aut ad. A commodi deserunt in et reiciendis. Inventore quia nobis eius.','http://padberg.com/','79f4ddb7-40be-3498-8dd9-e6c53361888c','2015-09-04','2013-11-29 09:31:36','2019-04-09 14:47:26'),(78,'Placeat autem dolores tempore sed quibusdam molestiae.','Unde veritatis sit facilis aut voluptatem aperiam et. Excepturi perspiciatis quae aliquid ea quos et. Minima ea repellendus sequi facere rerum culpa ut. Harum tempora et qui modi quam.','Placeat et vel et ullam. Quasi nulla fugit qui vel. Molestiae ad ea praesentium consequatur.','http://www.wiza.com/','cec5b66d-4194-3d0a-876d-96f404a681ae','2020-10-07','2011-09-05 14:36:38','2017-03-08 22:28:22'),(79,'Cupiditate nesciunt enim distinctio laudantium similique.','Fugit nostrum reprehenderit ea. Et cumque ut et. Cum consequatur et quaerat at recusandae. Assumenda voluptatem optio rem.','Et deleniti sunt aut aut sapiente sunt officiis. Dolores vitae ut architecto eum ullam iste. Aspernatur animi illo magnam. Facilis nisi odio magni nostrum et beatae sit. Error esse et ut illum quae incidunt et perferendis.','http://www.rath.com/','939e3a98-fb4b-32fb-b773-6384915e7711','2012-10-07','2014-08-03 22:40:01','2020-08-07 19:04:29'),(80,'Temporibus quasi ut illo at odio.','Omnis repellat veniam debitis et cupiditate. Ut rem est id voluptatum recusandae. Assumenda aliquam dolor accusantium dolores exercitationem nemo alias. Beatae et ullam et sed rerum qui tempore.','Molestias libero est neque autem cupiditate quidem nobis. Necessitatibus quidem laboriosam aut ea. Labore asperiores et enim amet ducimus beatae voluptatibus sed.','http://www.bernhard.com/','7131dd60-84fb-3f23-92a1-41179e201580','2012-10-15','2020-07-08 05:13:28','2021-05-14 18:46:33'),(81,'Autem cum quis quia ratione.','Similique nemo magni aut eum maiores qui aut. Quasi nobis similique itaque nemo tempore excepturi ea. Repudiandae sint quae odio necessitatibus culpa reiciendis dignissimos minima. Praesentium impedit et molestiae odio voluptates doloribus aut.','In odio laudantium ut accusantium. Iure vel reprehenderit corrupti quia cumque dolore. Quod voluptas quo eaque hic corporis est.','http://www.kohlerwilliamson.com/','a2786dd9-5a9a-37fe-81df-f94375ab9f1d','2012-07-12','2015-05-31 23:13:08','2021-05-14 18:46:33'),(82,'Molestias facere saepe voluptatem tempore.','Placeat accusantium rerum quisquam occaecati autem quam. Ex ut quod sint earum. Exercitationem soluta qui perspiciatis. Ut quis itaque explicabo cum. Inventore occaecati soluta aut repellendus.','Minima ea nihil rerum voluptas. Repellendus quod quia aut et quibusdam. Culpa ut quo ex minus expedita architecto odio.','http://www.kozey.com/','0c346604-8e19-3013-9e83-cff66942e759','2012-10-04','2017-05-21 03:14:50','2021-05-14 18:46:33'),(83,'Eum beatae earum et voluptate.','Exercitationem minus ipsum suscipit molestias. Similique fugit id omnis eos adipisci in atque. Architecto sed excepturi non et quaerat cupiditate. Temporibus et aliquam voluptates aspernatur libero aut et.','Maxime numquam et ut vero. Veritatis et eligendi omnis delectus dolorem occaecati nihil molestias. Repudiandae deserunt ex vel quas cumque ut et.','http://www.kuhic.net/','40a87cd2-9307-3a38-a724-e8d75806766c','2013-07-24','2019-04-07 16:55:48','2021-05-14 18:46:33'),(84,'Aliquid voluptatem eveniet tenetur sit sit velit.','Architecto aperiam ad accusamus consequatur quo sequi. Facere est pariatur facere dolorem deleniti. Odio aliquam nisi dolor recusandae. Ea optio rem molestias dolores facilis nesciunt voluptatem. Cupiditate nostrum autem laborum inventore repellat.','Architecto necessitatibus qui est iure repellendus. Dolor sapiente deleniti rerum repudiandae natus maxime. A minima quidem perspiciatis eum laudantium eaque quo. Non illum quas sint qui aut.','http://williamson.com/','973a2c19-20ce-3a17-ad88-0a5a93831da7','2013-12-24','2018-09-28 01:21:38','2018-12-11 06:42:17'),(85,'Eaque perspiciatis beatae est aut.','Delectus id nostrum ea rerum. Et dolor corrupti at. Doloremque sapiente quia voluptatum enim magnam culpa libero. Ullam dolores omnis maiores neque eos consequatur deserunt quasi.','In magnam incidunt corrupti inventore alias consequatur et voluptates. Mollitia temporibus tenetur quasi omnis blanditiis maiores esse. Quaerat maiores quis voluptates qui et eos optio. Earum maxime corrupti voluptas voluptas et numquam. Velit blanditiis fugiat rem qui veniam dolorem.','http://cassin.com/','a55776ea-7698-3267-8189-8fc17d1f7bce','2012-06-13','2016-02-08 13:37:44','2021-05-14 18:46:33'),(86,'Et molestias necessitatibus modi consequatur.','Laborum numquam minus enim. Quam labore vel dignissimos ipsum consequatur. Nulla voluptas autem rerum et ullam enim.','Recusandae quia quo quae et. Adipisci aut consequuntur quia neque voluptatibus. Adipisci mollitia non veniam incidunt.','http://vonrueden.com/','8ff9b3ba-9b57-3ba5-a091-6efc58de464b','2014-03-02','2012-02-11 09:40:54','2018-04-27 17:45:14'),(87,'Est saepe eligendi sed nisi quidem dolores.','Sint officiis ipsa repellat cupiditate sed qui. Id quia ut soluta velit officiis ab. Suscipit rerum corrupti error dolorem.','Nihil modi et voluptates. Omnis expedita possimus sunt sit magni aliquam consequatur. Doloremque maxime ea perspiciatis quas. Veritatis dolorem autem eos id sed quia eos.','http://www.rodriguez.com/','ac1e440b-be2c-39eb-9b20-f012ac9cf552','2013-06-16','2018-06-18 04:45:04','2021-05-14 18:46:33'),(88,'Unde eaque animi quia.','Similique porro deserunt saepe architecto iste perferendis. Ea quisquam dolor in sequi animi commodi. Repellat numquam veniam aut non minima placeat.','Qui quos fuga est alias magni amet sit. Deleniti asperiores alias dolorem architecto commodi accusamus. Sequi est officiis cupiditate cupiditate sed in delectus.','http://feest.com/','0ed18a85-c5e3-3449-b268-dd7226389b27','2019-08-09','2018-10-24 07:25:04','2021-05-14 18:46:33'),(89,'Asperiores facere adipisci omnis odio tempore cupiditate.','Consequuntur distinctio amet eum. Qui consequuntur quo quod ullam perspiciatis. Asperiores esse eos explicabo dolor et non.','Nesciunt nihil repudiandae earum voluptas neque qui. Cum minus molestiae nobis expedita nulla atque labore. Quis ipsum ad repellat et deleniti minima nam. Eius beatae est ipsam error expedita explicabo.','http://www.leschturner.org/','e1f45bc7-da98-3486-a53d-863b562b31b8','2016-11-25','2012-04-04 01:51:17','2017-11-16 07:21:58'),(90,'Minima expedita quo odio occaecati voluptates delectus.','Aspernatur minima veniam vero alias facilis nam sit. Et quos vel dignissimos et rerum. Nobis minus praesentium quos rem aut amet vel.','Eos voluptatem animi sint maxime sed laboriosam et. Porro consequatur et sint. Autem doloribus consequatur blanditiis non est libero aliquam dolorum. Molestiae aperiam ut harum nobis illum inventore.','http://simonis.biz/','d0772681-8c73-3de0-aa12-8fec3553b28c','2020-10-09','2012-09-15 11:30:06','2019-01-27 21:59:05'),(91,'Unde delectus facilis enim.','Sapiente praesentium sit et natus quod. Asperiores assumenda molestiae illum veritatis.','Similique vel ut quae atque. Debitis nisi qui voluptatum eum.','http://kovacek.com/','a04e9c50-c66e-34e5-a0c4-2a34ba98ae18','2016-02-26','2020-02-12 04:09:21','2021-05-14 18:46:33'),(92,'Perferendis laudantium id odit qui quisquam consequatur.','Qui recusandae reprehenderit tempora nesciunt esse. Esse dolor officiis possimus voluptatem laboriosam iste quibusdam rem.','Enim aut et velit minus ipsam beatae quaerat. Quia ipsa eos debitis nostrum magni consectetur. Temporibus neque molestiae possimus provident explicabo. In quo blanditiis praesentium occaecati.','http://wilkinson.com/','f3d63389-b20d-382b-8e29-eb680fb0e585','2016-01-19','2012-05-16 10:38:11','2021-05-14 18:46:33'),(93,'Debitis dolor voluptas tenetur saepe.','Fugiat velit tempora totam quod veritatis et adipisci. Omnis nam et qui aut. Voluptas culpa molestias aut aut quisquam.','Impedit voluptatem natus aliquid non. Tempore ab vel voluptas fuga commodi. Reiciendis nihil enim similique sunt cumque laborum. Eum ullam aut veritatis est ratione et.','http://gutmann.info/','992cdfa5-1146-3462-be59-a9df34b302b5','2016-07-01','2014-06-27 02:28:40','2021-05-14 18:46:33'),(94,'Voluptatem quidem illum natus voluptatem sunt dolor.','Ex voluptatem ad repellat id rerum libero. Ut praesentium eum quis facilis quidem. Saepe quis voluptate culpa et.','Repudiandae sint eum officiis eum. Ducimus voluptatem error sequi voluptatem. Corporis ratione laboriosam et officiis quia laudantium.','http://runte.biz/','f58a9119-d5d1-3a71-8f9d-fc64801cee96','2020-03-20','2018-10-05 20:34:48','2021-05-14 18:46:33'),(95,'Commodi ipsam minima quod architecto dolore ipsum.','Nisi impedit sit porro qui. Consequatur animi sit quas dolores quis. Quia perferendis perspiciatis soluta ad corporis cum. Nam quia amet accusamus cum libero laborum.','Consequatur harum vero est sed voluptatibus omnis. Autem dolor officiis repellat enim aut corporis sit temporibus. Beatae dolorem sint aliquam perferendis officia. Harum aut eveniet numquam id. Esse iusto perspiciatis non et.','http://www.breitenberg.com/','d1de93fa-86eb-3fa0-9aed-83dd68258c57','2020-04-12','2020-08-27 18:04:51','2021-05-14 18:46:33'),(96,'Maiores qui sequi voluptatum.','Voluptas qui et officia nihil. Eum deleniti harum voluptatum et praesentium sit soluta quidem. Sed amet nulla neque. Voluptas dolorem ut illo maxime.','Vel facilis et praesentium harum voluptatem dolorem recusandae. Qui quibusdam maxime officia velit et. Error assumenda rerum ab aut nobis accusantium. Sint facere est molestiae explicabo praesentium.','http://www.ferryschowalter.biz/','8ed832f8-1e3e-3b01-b9a0-37f7d1e76662','2019-05-24','2015-05-26 12:09:25','2021-05-14 18:46:33'),(97,'Et sed distinctio et ut.','Consequatur et modi qui eligendi accusantium a ut. Quo asperiores perferendis deleniti quam molestiae cumque nulla. Est rerum ut fugit ut aliquam sed. Sapiente in iure illum consequatur quam.','Tempora error sapiente quos consequatur. Qui consequatur delectus sunt sapiente quo.','http://www.goodwinziemann.com/','27901af6-6ec3-348f-9376-6edbf3ef85be','2015-07-09','2012-09-10 09:41:23','2013-04-17 13:32:26'),(98,'Ea sit ut reprehenderit omnis quia tempore dolor.','Dolor consequatur nostrum recusandae quia. Sapiente minima debitis quis animi aliquam. Nobis facere voluptas quasi non. Ipsam reprehenderit ipsa sed aut.','Repudiandae porro ea atque cum assumenda. Tempore odit numquam doloremque eos. Placeat ut ea dolores eveniet quidem quo deserunt.','http://www.kohler.com/','239a75ca-4755-3087-b870-7d6a96949011','2012-09-15','2014-03-15 13:10:11','2018-01-25 13:31:03'),(99,'Ea consequatur voluptate quod autem magnam.','Earum culpa asperiores libero et nihil corrupti. Assumenda fugit quae quisquam occaecati impedit mollitia harum error. Itaque quis sequi quod dolor beatae.','Sequi sunt nostrum rerum velit harum repellat. Sequi veritatis consequatur dolore cumque. Occaecati eum voluptate sit ab exercitationem vel architecto. Voluptatem minus repudiandae quam doloribus et eos debitis voluptas.','http://www.champlin.com/','fb9926cf-b806-3747-a307-2cd7111878f0','2020-05-20','2020-08-29 08:31:57','2021-05-14 18:46:33'),(100,'Sapiente maxime velit sed minus nisi ab dignissimos.','In et nam non architecto autem qui voluptatum sequi. Accusantium in at odio aut commodi animi. Voluptas pariatur assumenda et nihil omnis commodi cum.','Delectus veritatis harum nam debitis vitae consequatur. Deleniti quam fugiat numquam reprehenderit. Error praesentium aut laborum ipsum ut dolorum. Aut harum ut et excepturi deleniti provident omnis aut.','http://www.renner.com/','c354d5fe-a957-3c0d-94e3-21b9ffd702f7','2015-03-17','2015-06-27 12:08:00','2021-05-14 18:46:33'),(101,'Dolorem iure magnam vitae ipsum sit voluptas voluptate eaque.','Consequatur commodi officiis illo mollitia explicabo recusandae excepturi eligendi. Et sint libero ipsam non consectetur. Officia eos alias eos dolore dolor.','Ad in modi culpa est. Consequatur ipsum et sed labore accusantium blanditiis. Enim corporis at rerum cum quas. Eaque necessitatibus animi perferendis qui optio recusandae vitae.','http://abshire.net/','2deebca3-ee68-3f82-a783-5f3b68039d2b','2017-01-11','2016-08-26 04:09:09','2016-10-24 04:50:49'),(102,'Sit voluptates voluptatem ut repellendus et.','Adipisci quisquam voluptas voluptatibus occaecati. Aspernatur eligendi cumque asperiores delectus quis. Consequatur aut qui aperiam modi.','Numquam dolorem eos est qui sunt nihil. Deserunt necessitatibus non iste explicabo odit quis quia nam. Ea ipsum omnis est. Ipsa voluptas est et delectus voluptates blanditiis autem fugiat.','http://www.dibbertprice.com/','175e1452-301a-3123-a0ac-3ee42bb7aba0','2020-07-11','2016-06-29 14:57:43','2021-03-03 14:30:13'),(103,'Et laboriosam perferendis velit vel.','Qui necessitatibus velit distinctio facere et alias qui. Aut distinctio quaerat veniam earum provident enim aut. Sed ipsam deserunt cumque modi.','Dolore eveniet aperiam nihil excepturi aspernatur quos. Adipisci nisi repellendus natus sunt tenetur omnis quibusdam eveniet. Magni voluptatem ut tenetur optio facilis.','http://www.klocko.net/','40d1dc29-9e40-3198-9800-9815b5398113','2017-08-28','2017-08-21 14:56:48','2018-04-20 00:29:11'),(104,'Accusantium non incidunt et dignissimos.','Doloribus iusto dicta quasi qui velit atque incidunt. Voluptatum enim est ipsam omnis. Explicabo culpa qui ad dolores excepturi dicta et.','Et esse ipsum et dolorum culpa ut. Et consequatur minima aperiam nisi molestiae a quisquam. Nam est quia deleniti consectetur.','http://pollich.com/','f6db6f6a-5989-3d33-97d4-7edd936589a2','2012-12-31','2020-09-11 08:15:56','2021-05-14 18:46:33'),(105,'Inventore aut sed minus sit temporibus ut blanditiis.','Laborum repellat delectus ab ex quia. Maiores dolores saepe qui voluptatem ad veniam reiciendis. Hic inventore beatae occaecati officia sunt ex.','Eaque incidunt tenetur assumenda voluptate voluptates temporibus. Reprehenderit rerum ipsa in id et consequatur. Assumenda laboriosam voluptatum commodi omnis quam.','http://kirlin.com/','77b046d6-e2d7-3160-a217-f96973908ea6','2017-08-10','2014-12-19 09:45:47','2017-09-27 06:01:06'),(106,'Iste beatae saepe laudantium iusto vel.','Vero quisquam amet sunt nulla iste quaerat consequuntur libero. Exercitationem quos dicta et similique et. Velit perferendis minima et.','Debitis in aut dolore. Fugiat libero nulla corrupti deleniti aut corrupti tempore. Consequatur harum blanditiis architecto illo laboriosam. Hic non aliquid illo voluptas provident.','http://roob.com/','12be955c-805d-3dfd-9749-74ee43c51def','2013-03-02','2011-10-01 19:18:28','2015-07-19 07:06:08'),(107,'At consectetur unde voluptas ad ipsam odit.','Est nemo unde impedit eum itaque eos aut. Quae voluptas saepe cumque omnis labore consequatur. Iusto ipsum qui eius repellat aspernatur minus temporibus. Nihil consequuntur cumque odit ut ex.','Natus eos nulla ut et sequi consequatur. Cumque sit rerum fugiat incidunt eos sit illo. Sunt amet quibusdam tempore excepturi. Velit maiores est aut quia perferendis. Sint esse ullam eum ipsum dolor quod consequuntur.','http://www.kling.com/','a470c4e3-6fa8-3500-a384-c6560b1dcd23','2018-01-07','2012-08-22 16:28:56','2018-05-02 12:29:35'),(108,'Blanditiis maiores consequatur mollitia exercitationem omnis incidunt nisi.','Et sit magni illo nesciunt possimus. Animi porro autem et itaque sequi sit tempore unde. Rem quo ea ad sint nisi. Repellat voluptatum odit non sit dolorum non dolorem qui. Tempora autem doloribus qui fuga a.','Architecto dolor eos facilis. Consequatur a officiis velit quia ab. Enim reiciendis perferendis numquam molestiae aut eius recusandae. Quasi cumque voluptas doloremque sit voluptatem.','http://www.jast.com/','7ebb67a1-d78e-3d47-acb7-ebf5d2237888','2019-12-06','2018-01-28 16:14:04','2021-05-14 18:46:33'),(109,'Aut voluptatibus et similique libero repellat qui.','Ea natus et ullam optio tempora saepe. Eius et expedita quas omnis dicta consectetur est. Sit et aspernatur quod nemo blanditiis repellendus libero. Dolorem consequatur totam et neque saepe.','Et aspernatur laboriosam rerum blanditiis eum praesentium. Eum maiores sequi laborum atque assumenda libero quia. Tenetur consectetur qui corrupti sint.','http://www.wolff.com/','bd558629-8c8b-3d4a-8b52-e55564037893','2015-10-07','2019-03-19 14:43:29','2021-05-14 18:46:33'),(110,'Non repudiandae autem temporibus.','Quia dignissimos ducimus aut beatae sit. Ea et sed amet quaerat. Vero et quidem soluta repudiandae quia ut.','Ad consequatur fugiat quasi animi voluptatem eaque blanditiis. Consectetur rerum et et harum nihil doloribus. Perspiciatis voluptatem quis voluptatem libero sed sunt placeat.','http://www.smithboyle.info/','441d9ed1-f798-3d29-8904-e46f74b969b0','2015-05-16','2014-02-04 19:44:40','2017-08-07 23:34:40'),(111,'Voluptatibus et officia odio vero.','Autem deserunt enim rem et consequatur veniam. Officia illo facere occaecati sunt optio omnis qui. Facilis consequuntur qui veniam et et sint reprehenderit cumque. Placeat voluptas velit ullam autem tempora.','Iste id ut impedit. Dolores totam delectus saepe. Explicabo placeat ea nisi voluptas repellat minus sed magni.','http://mraz.com/','2dc6aa13-2678-3999-9435-8050a973853f','2020-06-19','2019-10-28 08:33:17','2021-05-14 18:46:33'),(112,'Et dolorum impedit voluptas vel qui sint.','Odio sit quia saepe corrupti quidem rerum sequi. Laudantium rem provident dolores nesciunt omnis. Dolores eos expedita harum quis et repellat. Accusamus et voluptatem ut unde voluptatum et.','Voluptatem nihil est a repellendus autem et reiciendis. In qui tenetur est commodi voluptas. Necessitatibus expedita odit et repellat. A voluptas quis est et nam cupiditate. Iusto nisi et exercitationem vel velit quasi.','http://larson.com/','894e74da-43c8-3273-8379-166ce899ae33','2019-12-10','2020-12-15 00:44:04','2021-05-14 18:46:33'),(113,'Suscipit omnis rerum dignissimos inventore.','Et rerum ut nulla hic. Aut ratione ipsa rerum at saepe. Nam non quia debitis blanditiis esse ratione molestiae nulla.','Eos enim aut odio ex. Id quas sed non pariatur. Similique sunt quia fuga voluptas neque veritatis. Nobis non commodi perspiciatis facilis molestiae accusantium eius.','http://www.ferry.com/','e1d9e114-a5b3-3ff9-ad37-bb21c7d1cf1c','2013-07-01','2016-04-05 13:22:15','2016-12-29 10:41:32'),(114,'Aliquam quis explicabo et tempore corporis voluptatum quis.','Aliquid blanditiis aut et voluptatibus tempora qui quas. Dolorum veniam qui itaque voluptatem veritatis. Commodi voluptas consequatur hic officiis dolore et. Cumque dolorum magnam quo qui qui perferendis consequatur.','Dolorem quas quisquam enim nulla possimus. Et nihil molestiae rerum earum. Fuga voluptatibus aut ipsa omnis. Eligendi facilis et aut molestias laudantium in.','http://schillerlesch.net/','9ece5248-cdf0-3448-a591-2cde4204fb63','2014-01-03','2013-02-23 11:28:05','2018-12-15 13:16:53'),(115,'Deleniti voluptatem modi non ut iusto quis quae et.','Beatae est vel magni sed est voluptas. Hic non dolores odit et voluptate ad recusandae vero.','Eum cumque nulla magni optio aliquam perspiciatis fuga. Placeat expedita non soluta qui repellendus facere recusandae. Libero quo et explicabo iusto. Voluptatibus ullam laudantium iure atque expedita.','http://www.hirthe.com/','54798c27-23e5-3d3f-b973-8eb72b5f9981','2018-04-11','2013-05-04 15:09:48','2017-02-03 01:29:19'),(116,'Nihil iste ab assumenda consequatur.','Commodi at quas sunt veniam rerum porro. Impedit aut enim corporis ut necessitatibus quia ipsam.','Qui nisi iste optio ab velit rerum fugiat. Eum itaque impedit id doloribus sit quibusdam. Nam velit quam voluptatibus odit.','http://www.carter.biz/','e29bf115-540e-3d7e-a592-d46f63355b4c','2015-01-28','2019-05-14 20:49:29','2021-05-14 18:46:33'),(117,'Adipisci a porro accusantium.','Sint quae natus et eum dignissimos. Eum nihil numquam exercitationem ab aspernatur omnis. Consectetur voluptas aliquid beatae ipsam. Ipsa nam pariatur reprehenderit deserunt ea aperiam similique.','Eligendi doloremque voluptas aut soluta incidunt unde quia. Autem deserunt et voluptatem et animi qui. Deleniti repellendus incidunt doloremque.','http://www.hane.com/','03256e93-04af-357d-8b42-513106924bfb','2015-10-26','2018-04-21 20:19:29','2020-09-25 19:39:17'),(118,'Maxime iure qui magnam voluptas accusamus dicta illo et.','Modi ipsum voluptates assumenda aut. Nihil nisi ratione sit dolores ut eos.','Perferendis pariatur ut est error. Laborum optio non nisi nulla rerum sed. Repellat vero quis sunt et qui. Enim est in est exercitationem enim excepturi molestiae dolor.','http://kihn.net/','4b01bfcd-c608-30b5-986c-33f2a560d749','2015-02-02','2020-03-17 13:39:56','2021-05-14 18:46:33'),(119,'At fugiat necessitatibus qui eos enim voluptatem.','Provident accusamus expedita voluptate velit id aut. Voluptas dolorum architecto numquam explicabo provident accusamus distinctio ipsam. Nemo ut sunt cumque voluptatem. Eos qui quidem aut voluptas fugit id.','Voluptas deleniti est tempora dolorem laborum sed impedit. Dolore neque laboriosam et aut nulla ut quia.','http://jast.com/','35cdb99a-6753-3767-96fa-caff60b0ccb3','2020-03-10','2020-06-02 01:32:11','2021-05-14 18:46:33'),(120,'Velit magnam voluptatem iusto ex.','Est et omnis occaecati dicta. Dolorem expedita sed earum et non corporis et. Assumenda sunt itaque dignissimos molestiae fugiat dolorum culpa nisi. Molestias totam tempora ipsa voluptatem saepe voluptatem.','Non deleniti et repellat. Amet soluta quis fuga et quibusdam consequatur. Fugiat ducimus animi repudiandae ipsa. Architecto numquam optio ipsum recusandae.','http://www.jaskolskianderson.biz/','b9c8f5bd-529a-3e8e-9b38-5c43d7a26a7d','2019-08-23','2016-06-23 14:43:37','2021-05-14 18:46:33'),(121,'Dolor nesciunt est in placeat natus provident vitae aperiam.','Quo consequuntur amet et nemo officia ullam. Debitis non voluptas dolore sint tenetur nobis. Qui et dignissimos quis ipsa.','Earum harum dicta voluptatum nisi ratione quibusdam. Officia assumenda quae molestias officia. Eum omnis facere omnis odio beatae ipsum esse temporibus. Officia corporis vitae ad omnis ipsum asperiores error.','http://lednerpouros.com/','5e003921-6bed-3ca5-9feb-c71cea996c2e','2017-03-07','2012-05-17 13:17:54','2016-01-22 17:39:29'),(122,'Odio et blanditiis consectetur ut repellendus.','Unde temporibus placeat qui neque reprehenderit ea quo nobis. Accusamus ut nesciunt veritatis possimus. Ut expedita dolores nemo illo ipsam dolor omnis autem. Ex quae distinctio neque temporibus et ut.','Vel recusandae ea omnis voluptatem est sed. Aliquam eos deserunt a quas quia voluptatem architecto. Voluptatum doloremque atque tempora consequatur. Nihil harum repudiandae eos non qui.','http://willms.org/','f8e5deb4-3987-3311-9fe8-f48034b8a6cd','2011-05-25','2012-01-24 09:50:43','2018-09-12 09:03:07'),(123,'Dignissimos accusantium est architecto quaerat maiores ullam.','Enim dolores vero et repudiandae et ex. Cum doloremque cupiditate sunt commodi iusto perferendis. Eaque quibusdam sit quibusdam cum. Quae ullam corrupti ullam soluta qui.','Nesciunt eaque non eveniet hic voluptates quia vel. Maiores voluptatem quia repellat iste. Et quae aut autem.','http://wisozk.com/','6ff5e07e-7ffc-3bdd-9741-c1acd0e4ca75','2015-04-14','2015-07-28 03:37:46','2020-01-27 19:55:40'),(124,'Aut nobis possimus quidem consequatur.','Ullam est impedit inventore dolorum perspiciatis. Ut maxime aspernatur accusantium. Asperiores enim rerum non facere molestiae.','Qui modi itaque ut quo eveniet. Fugiat dolor est quo harum libero voluptate voluptate. Consectetur rerum in ipsam quia fugiat.','http://paucek.com/','8d14154d-f070-3122-815e-c2a0150e7fc8','2016-12-18','2012-03-20 05:55:48','2015-04-27 00:36:49'),(125,'Voluptate mollitia similique neque quod perspiciatis.','Exercitationem dicta nostrum delectus incidunt dolor dolores architecto. Expedita sint est perspiciatis et delectus nisi facere. Unde quia quidem laboriosam nemo odio eaque nemo. Voluptatem et est qui odio ut quia qui. Quo voluptates doloribus volupt','Consectetur a delectus quisquam autem. Enim ut aliquam sint consequatur. Quo minima laudantium eaque dignissimos. Quia explicabo aut dolorem laboriosam omnis ea.','http://corkeryturcotte.com/','a21d6248-e6f2-34a5-a8f9-3c7e03483817','2015-09-12','2020-06-23 08:52:22','2021-05-14 18:46:33'),(126,'Ab veniam sunt a repudiandae alias et et.','Fugiat accusantium magnam necessitatibus voluptatum quidem maxime molestiae odit. Dolorem adipisci quidem quidem consequatur aliquid labore voluptate dolores. Hic sed nostrum quis inventore rerum dolor optio.','Optio at atque minima vitae. Ipsam sed quaerat nobis dolores quo iure officia expedita. Sunt eveniet esse qui consectetur consequuntur omnis veritatis.','http://www.renner.com/','61a2744d-ed67-3006-bb0f-0d2ea18c0719','2018-12-09','2018-12-25 21:04:30','2019-10-25 21:07:40'),(127,'Dolores inventore sed nostrum eos tempora illum.','Eum adipisci architecto asperiores modi et. Dolores sapiente sint praesentium non rerum numquam. Error autem molestiae et.','Omnis voluptatem aperiam at architecto veniam quos. Quia ratione molestiae praesentium blanditiis cupiditate et aut. Numquam saepe repellat culpa eum.','http://bogan.org/','303214c3-8411-335c-a350-f13d25360daf','2012-09-30','2015-04-08 17:47:57','2018-06-17 00:46:10'),(128,'Molestias error sit et vel soluta.','Necessitatibus laboriosam qui rerum ad quas voluptatum eaque. Et nemo nam nostrum autem earum quae qui.','Nostrum fugiat ipsum amet necessitatibus rem reiciendis magni. Occaecati quidem corrupti sunt voluptates. Et accusamus odio in deleniti rerum est aut.','http://hanegibson.com/','3c7f2cb3-0bf3-33f1-935b-6bc703d5875e','2019-12-14','2015-02-14 14:22:32','2016-04-22 19:27:14'),(129,'Illum laboriosam est deserunt vel commodi.','Similique nihil vitae illum ad nam. Quae ducimus ipsam quis id aut repudiandae deleniti est. At assumenda sit vero temporibus vel. Sed qui numquam quod enim ipsum sed recusandae.','Et ut sapiente consequatur amet. Error ab at iusto. Et minus perspiciatis sed enim placeat voluptatem.','http://www.orn.info/','593ba818-0469-3a0b-bbd2-a4da7f59f158','2018-05-16','2020-04-29 13:39:31','2021-05-14 18:46:33'),(130,'Dignissimos a ea voluptatum laudantium ut.','Eius cum voluptatem laboriosam consequatur. Neque rerum et facilis corporis asperiores in ut odit. Aut numquam eius recusandae aspernatur.','Exercitationem minima explicabo dolorem magnam. Magni quis et quia eum. Dolorem hic perferendis qui dignissimos assumenda rem.','http://hamill.com/','28598f4e-718d-36e8-8a0f-429dcc0e7465','2012-05-04','2018-01-30 14:05:57','2021-05-14 18:46:33'),(131,'Voluptas quo voluptatem accusamus doloribus enim.','Perferendis doloremque quod dolorum dolores atque. Eligendi nihil architecto consequatur iusto nihil delectus reiciendis. Explicabo aut optio accusamus impedit a qui rerum.','Voluptatem veritatis maxime id quo. Exercitationem beatae quibusdam doloribus et numquam quia est. Repudiandae aut et vel consequatur pariatur.','http://www.glover.com/','51ecd240-08ac-3567-97b2-44a70a12869b','2013-08-10','2012-10-19 23:25:39','2021-05-14 18:46:33'),(132,'Sit omnis odit nostrum distinctio vitae qui possimus architecto.','Iusto cumque blanditiis sit dolor. Quaerat et mollitia a ullam vero velit eius. Est itaque aliquam dignissimos velit.','Quae id qui nemo. Aut in aut inventore delectus earum. Odio natus dicta id voluptatibus exercitationem. Non architecto nobis consectetur officiis fuga et dignissimos. Placeat officiis magnam deserunt suscipit accusantium.','http://www.muellerschumm.org/','a79eca06-aac1-3173-b0b6-ef7de18be447','2013-09-19','2017-02-09 06:27:04','2020-03-10 16:57:48'),(133,'Commodi iste pariatur hic nihil commodi quisquam est.','Sed quo error aut. Ducimus rerum expedita eveniet quis sunt neque et. Est dicta aliquam sequi nihil. Et laborum qui assumenda est autem consequatur in quo.','Quas dolor deserunt magni qui nam. Labore quasi iure ipsum accusantium optio dolorem.','http://www.marvinhoppe.biz/','c3ac11bc-302e-3370-aebc-4218f346b2b1','2018-10-10','2012-03-19 08:03:02','2016-10-11 09:22:09'),(134,'Enim rerum qui necessitatibus harum optio.','Porro sapiente itaque error modi ut nesciunt dicta. Voluptates reprehenderit perspiciatis non molestiae eum. Consequatur sed excepturi ipsam quam iste sunt consectetur.','Minima expedita non nisi. Porro in perferendis harum autem neque quia. Facilis maiores deleniti esse tempora. Laudantium aliquid laboriosam eveniet.','http://yost.info/','ea6a245f-bcff-32d3-8ce1-1b8500ae156d','2015-08-12','2015-04-03 17:13:20','2021-05-14 18:46:33'),(135,'Occaecati velit excepturi ad et culpa rerum.','Autem nihil ab quia consequatur sint praesentium. Qui iusto nobis perspiciatis voluptate porro voluptate minus. In dignissimos earum vel. Autem eius tenetur cum itaque.','Possimus et molestiae autem voluptas rerum quos ipsa. Asperiores voluptas consectetur numquam unde earum. Explicabo perspiciatis odio rem. Et unde est maiores minima et fugiat fugit.','http://schimmel.net/','8f99635c-ac1d-3948-b30c-0115fe104d74','2013-06-21','2012-03-28 14:58:18','2014-06-23 19:17:46'),(136,'Praesentium occaecati delectus dolores inventore ut ipsam sunt.','Est sint aut similique illo. Laboriosam doloremque nostrum necessitatibus animi.','Labore velit at qui hic recusandae in in. Eum dolor nam quod perferendis aperiam dolor velit cupiditate. Quia aut doloremque mollitia ut quae.','http://www.langoshoberbrunner.biz/','647b6d70-284b-3537-b92b-1a4215149f80','2018-03-26','2014-02-09 00:24:03','2017-06-28 08:49:52'),(137,'Possimus ullam deleniti voluptas iure.','Reiciendis quaerat voluptatem qui et. Culpa hic quas ab hic est. Voluptates recusandae non excepturi aperiam quis.','Aut voluptas qui minus consequatur. Ducimus voluptas quia vero laboriosam et. Consequatur mollitia enim eos sint. Aliquam asperiores soluta rerum in.','http://mcdermott.org/','2ee14097-1408-3cb6-a159-90955c02301e','2018-09-08','2016-05-08 12:23:21','2016-05-14 17:49:58'),(138,'Natus pariatur vel corporis quasi earum excepturi voluptatum totam.','Sed omnis ducimus ducimus vero nulla quo. Consequatur et est mollitia voluptas deserunt omnis eos. Explicabo eius reprehenderit quo deleniti sit molestiae sed odio. Culpa aut aspernatur sint consequatur.','Ut vitae nisi consequatur nostrum. Quae vero ab est nisi fuga eum corporis provident. Voluptas cupiditate voluptatem quidem repellat corporis dolorem dolore. Soluta odio quos cumque perferendis iste dolorem ut.','http://www.muller.com/','5807780b-aeff-3563-853b-2aaf083399e9','2018-01-13','2015-10-02 11:26:26','2016-11-11 08:17:15'),(139,'Aliquid saepe repudiandae dicta repellat odit aut enim.','In accusantium quasi voluptas amet iste. Nisi officia qui tempore. Architecto aspernatur unde ut dolore incidunt occaecati fugiat. Sed consequuntur amet dignissimos numquam voluptatem consequuntur et laboriosam.','Facilis atque excepturi dicta velit autem atque dolor voluptatibus. Eligendi aut voluptatum temporibus omnis et. Expedita voluptate doloremque pariatur necessitatibus velit.','http://www.lemke.biz/','690ce21e-cf9d-30e8-9acb-ea483fcc506f','2018-07-03','2021-01-19 00:58:08','2021-05-14 18:46:33'),(140,'Et ut ipsam repellat consequuntur aspernatur earum fuga.','Ad unde vel ipsum consequatur. Nesciunt dignissimos laborum quo ea quibusdam nisi molestias non. Est molestias deserunt est amet qui explicabo.','Illo velit molestias rerum nemo. Quia itaque eligendi voluptatibus. Quo qui et dolorem veritatis.','http://www.hickle.com/','d0328678-786a-367f-9a8a-8f754754389c','2015-02-15','2015-07-06 06:33:52','2020-01-28 01:48:35'),(141,'Non qui a quod eos quasi.','Sapiente harum et consequatur sint. Consequatur iure architecto ipsa et error impedit.','Quia sit est voluptas exercitationem expedita. Est quaerat id animi magnam. Quia omnis omnis voluptatem dicta nesciunt quis molestias architecto.','http://www.krajcik.com/','bdfe542c-a6e9-355c-bf2e-474d71bf86ac','2018-07-31','2019-05-13 16:28:28','2019-09-25 14:17:05'),(142,'Quae aperiam doloremque tempore est est ex.','Qui exercitationem aut autem tempora fuga dignissimos atque. Voluptas rerum molestiae omnis voluptas adipisci. Similique repellat ea velit.','Corporis error exercitationem officia. Repudiandae sed enim nemo eum dolorum vel ut. Reprehenderit dolor consequatur suscipit assumenda nihil ut.','http://wardwilliamson.com/','5b940f3a-e6ff-3caf-9e80-b63807070256','2013-06-07','2019-11-02 15:16:55','2021-05-14 18:46:33'),(143,'Inventore atque earum dolor dolor dicta voluptate vero laudantium.','Eaque aut est commodi assumenda a hic quibusdam. Ducimus ut omnis omnis. Sunt occaecati molestiae sequi exercitationem. Occaecati et officiis ipsam neque.','Ea cum veritatis ab officia suscipit. Laudantium est consequuntur eum quaerat aliquid aliquam ea. Molestiae ab molestias eius accusantium.','http://www.cormierkling.com/','23618da9-4644-355a-b88b-514a3921ceff','2014-11-19','2018-07-07 12:19:41','2021-05-14 18:46:33'),(144,'Explicabo excepturi praesentium illo unde qui.','Dolorem quidem laborum delectus est sit eius. Dolores vitae veniam expedita. Consequatur sit occaecati eligendi incidunt ut.','Est placeat rerum et. Suscipit aut accusantium doloribus unde vitae debitis illo necessitatibus. Odio dolorem quia nam facilis.','http://friesenruecker.net/','a29e36c8-8ae0-3fd7-8a1c-9b6a7c3fcd45','2019-12-27','2012-03-14 06:35:23','2016-11-06 20:56:49'),(145,'Sequi quia modi adipisci officiis.','Suscipit voluptas sunt non. Voluptas pariatur nesciunt reprehenderit hic aut eum. Consequatur et nam minima nesciunt.','Eum quis ducimus deleniti magni nihil non possimus. Rerum laudantium qui corrupti tempore repellat officia dignissimos. Exercitationem sed tempora eos.','http://www.thiel.net/','eeab46e0-6fc6-31f3-a3c2-3b7b4f9664f9','2018-08-20','2019-01-01 14:23:03','2021-02-25 12:05:34'),(146,'Dolorem veritatis rerum eaque.','Error nobis aut nesciunt ullam nihil minima. Vero est saepe ex autem autem praesentium. Corrupti cumque suscipit provident ratione nesciunt molestiae. Porro hic placeat consequatur laborum suscipit qui.','Omnis et aperiam officiis suscipit atque. Dolor voluptate aut necessitatibus nulla sed. Ipsam sapiente enim natus.','http://block.com/','e7902016-3100-339a-86cd-4f26226c3258','2019-03-29','2014-07-26 20:37:15','2021-05-04 01:50:43'),(147,'Et perferendis corporis ut eum qui quos at.','Est quis quia necessitatibus esse et cumque. Omnis sed in et iste iure numquam sequi. Impedit molestiae eos et sed ut maxime et quae.','Voluptate quam architecto repellat et et et. Repellendus sunt aliquid omnis aliquid nostrum repellat quibusdam nemo. Nulla at molestias quod voluptatum nesciunt et. Et in cum similique ea magni voluptatem.','http://mayertoreilly.com/','cabe3914-8ba5-3818-bd90-283ada94a73c','2019-12-27','2017-10-05 17:55:22','2021-05-14 18:46:33'),(148,'Et eos consequatur qui dolor hic earum qui.','Eligendi sint qui autem voluptatum. Autem minima qui nisi et nisi. Eius quaerat commodi quis officia non iusto. Modi ea ut quia modi.','In esse consequuntur sunt doloribus tempore eaque cumque. Officiis sed est veritatis. Eligendi sapiente ut eos rerum error quae aut nihil. Doloremque in quibusdam voluptatem modi aliquam minima.','http://www.ziemannzemlak.com/','83c11b91-2c21-3d62-832f-c54148eb923a','2016-03-23','2021-04-08 20:46:16','2021-05-14 18:46:33'),(149,'Optio enim nobis est enim.','Veritatis a voluptatum ut rerum qui accusamus laboriosam. Sapiente quasi sint corrupti odio. Explicabo harum quas dolores doloremque velit molestiae excepturi sit. Ad ex non sunt earum. Sunt ea et suscipit saepe.','Et blanditiis ut nihil voluptatem. Omnis error sit excepturi quo veniam odit saepe. Dolorum natus sint est sequi iusto. Vel inventore nihil reiciendis consequatur fuga ad voluptas iste.','http://www.moen.org/','437793ce-858c-307f-9a12-a57314b58490','2013-10-20','2014-12-23 09:49:38','2021-02-14 21:46:16'),(150,'Quod dolor autem dolor nam placeat.','Quasi iste pariatur animi similique voluptas corrupti. Tenetur consectetur quod ipsa quia. Reprehenderit temporibus quia iure harum.','Dolores aut nostrum ea pariatur omnis qui nostrum est. Vero aut odio dolorem accusantium consequatur aut animi. Aut similique est itaque dolores repudiandae. Repudiandae laudantium cumque rerum nihil.','http://www.klein.net/','080f0489-0ad4-3a42-ba33-30c49481dbba','2013-12-15','2013-11-07 03:08:27','2018-12-27 23:35:47'),(151,'Aut consequuntur officia non magni iusto.','Id dolores autem nihil dolores accusamus accusantium doloremque. Modi asperiores vitae vel distinctio. Praesentium sed ipsam aspernatur ducimus.','Velit officia vero et labore dicta consequatur velit. Accusamus optio velit autem odit corporis. Voluptas ducimus aut suscipit iure perspiciatis.','http://white.com/','2e08d1bb-4623-38e5-bc26-54d5a2c8d66e','2020-12-31','2011-09-25 04:51:48','2012-07-17 13:29:28'),(152,'Sit quo fugit sed doloribus sed dolore.','Aut aut quo et distinctio minus voluptatem quo. Quia sunt est quia eos inventore sit est. Non qui aut ipsum accusamus et minus.','Unde temporibus ex assumenda facere molestias. Inventore labore eos rem quidem id omnis. Qui tenetur sint architecto praesentium sed illum cupiditate facere.','http://www.rempel.com/','3f2ce4a6-d911-34d3-ab91-d1c75f89582b','2018-09-04','2017-07-04 04:29:52','2021-05-14 18:46:33'),(153,'Qui quia minus id.','Ut aut facilis incidunt incidunt deleniti voluptas. Ducimus sequi illum dolorem aut et distinctio eveniet. Odio minima deserunt soluta. Cupiditate ullam explicabo non quibusdam voluptate rerum.','Quia dolorem dolores recusandae magnam enim. Odit repudiandae qui magnam. Et velit ut mollitia magni enim facilis. Repudiandae error atque vel laudantium laborum dolores quisquam.','http://www.erdman.com/','852b4293-1828-34d6-8b47-0b92b0527ac7','2012-01-11','2018-05-20 21:57:30','2021-05-14 18:46:33'),(154,'Recusandae perferendis voluptatibus et dolor sit quis.','Voluptates sint tempore debitis fuga omnis. Esse occaecati perferendis saepe natus ipsa ut. Reprehenderit rerum aut soluta asperiores. Velit ut aut voluptatem in minima aliquam qui.','Harum quisquam eligendi distinctio vel quasi sequi dolor. Iste quia iste nesciunt. Voluptatem aut illo quo voluptatibus aliquam numquam aliquam.','http://lynch.org/','5fa4e504-c29e-3331-a92b-3f356d04f83f','2016-02-07','2017-11-10 09:06:11','2019-09-16 12:25:02'),(155,'Ex expedita id adipisci ducimus corrupti iste laborum.','Corporis dolor libero quam non expedita. Sint odit fugiat quisquam quod repellat voluptatum. Possimus corporis commodi assumenda sed minus.','Dolore officiis nesciunt rerum molestiae officiis nihil ut. Assumenda debitis dolor eaque et.','http://www.watersrunolfsdottir.com/','81b12c71-b3a0-32bd-87ca-e301768601c6','2019-04-13','2011-06-22 04:51:19','2017-03-23 01:28:36'),(156,'Repellat tempora eos dolores odio consequatur corporis.','Omnis praesentium cumque dolores cupiditate dolorem esse occaecati. Expedita odit et consequatur fuga consequatur. Consequatur odio suscipit velit.','Architecto assumenda ut vitae sit magni et. Ullam enim in ad est et architecto nisi necessitatibus. Labore at voluptatum iste aut optio esse.','http://nolan.biz/','122ac255-caa4-36ac-8f89-233b8174196c','2018-09-29','2016-09-21 03:51:05','2020-03-15 23:30:31'),(157,'Eveniet esse ratione consequatur quia voluptatem consequatur dolor.','Beatae harum aut dignissimos quam voluptate ipsa ea. Doloremque voluptas maiores aliquam iste perferendis enim tempora et. Voluptas voluptatum aut at quia dolorum fugiat rerum. Molestias ipsa quo dicta vel quidem dicta.','Est eveniet aut voluptatibus cumque ut delectus. Eum quod in eum. Dolor quae quibusdam deserunt cupiditate. Culpa cupiditate impedit harum a veniam.','http://www.labadiebreitenberg.com/','086edb10-ddc7-3e93-8db5-1368b2cdbd8b','2014-11-20','2012-02-17 01:46:45','2020-06-06 07:08:33'),(158,'Facilis cupiditate qui itaque quia minus aut.','Quaerat soluta odio fuga tenetur. Sit occaecati dolore deleniti veritatis a quas dolor. Rerum possimus doloremque optio.','Illum impedit ut modi in modi quis pariatur. Perspiciatis qui vel excepturi inventore animi voluptatem. Non vero consectetur distinctio ex. Deleniti in rerum est libero nihil eius.','http://smitham.info/','cb54ce7e-38b7-369d-9302-5e67a4225c57','2012-02-08','2013-11-09 12:35:01','2014-08-15 03:22:21'),(159,'Quo et quas voluptates quis iste.','Alias omnis eius asperiores deleniti sapiente unde. Aut eligendi odit et beatae voluptatem repellendus sequi. Est sequi corporis ea quam vel. Tempora in atque nobis quaerat.','Illo et et quis. Nihil ipsa voluptas consequatur quis dicta aliquid. Itaque consectetur eos expedita minus itaque vel adipisci nihil. Quia temporibus velit voluptatem cumque minus consequuntur a.','http://www.rau.com/','db6b6391-d1ff-3914-9b0d-80b09563b021','2011-10-11','2014-11-21 23:03:50','2020-11-06 08:49:34'),(160,'Eos iusto reprehenderit mollitia quo quae asperiores.','Ratione laborum tempora ea quisquam. Expedita est quas mollitia quae officia possimus. Doloremque eveniet ipsum blanditiis et sed doloribus sunt quia.','Est sunt est architecto eius. Consequuntur odio unde velit nihil. Aperiam exercitationem harum dolor vel.','http://langosh.biz/','d630825a-2fbb-3e28-9f9f-d8f7d218590e','2020-03-23','2018-02-21 23:30:16','2021-05-14 18:46:33'),(161,'Unde veniam rerum aut explicabo non officia.','Et ea tempora consequatur non esse qui. Dignissimos sit voluptas ipsa dicta quaerat et. Delectus molestiae vero maiores veritatis. Nulla aspernatur non molestiae eum.','Sint quod consequatur vitae voluptatem. Aut tempore assumenda voluptas ea. Minus cum pariatur consequatur labore nam enim.','http://www.waters.com/','c5bb9e6d-6675-3697-8819-06536a554884','2015-12-30','2017-01-12 17:54:39','2019-12-29 20:09:01'),(162,'Optio est ex facilis nobis numquam harum quae voluptatem.','Expedita cupiditate minus perspiciatis fugiat. Autem non molestias libero facilis earum. Dolor sint aut qui ea dolor omnis.','Voluptatibus ut beatae est ipsa maxime. Fugit ut non qui quasi voluptatum. Aut dolorum blanditiis qui distinctio quaerat. Cupiditate pariatur neque laudantium et deleniti sint.','http://moore.info/','eb76e02a-0211-33f0-821b-af1d7c3f853e','2013-10-01','2011-12-07 17:03:47','2019-07-11 05:33:12'),(163,'Deleniti voluptas vel laborum excepturi autem perspiciatis.','Sed nobis minima distinctio labore quisquam. Ut hic architecto aliquam. Id sit est saepe occaecati quidem quia. Nemo molestiae rerum quisquam pariatur et ipsa.','Deserunt expedita facilis cumque. Sit qui nam iste et. Corrupti laborum autem minima consequatur.','http://ritchiebalistreri.biz/','a8e384ec-7120-3c74-ac3a-a54563eb9bef','2013-11-18','2021-01-25 10:33:23','2021-05-14 18:46:33'),(164,'Fuga dicta dolor omnis est.','Repellat enim quo aliquam omnis et ipsam. Dolorum cumque omnis tempore quo minima necessitatibus blanditiis. Expedita sequi totam vel dolores nemo nostrum. Reprehenderit soluta ullam voluptas.','Sit quaerat ad quidem neque. Autem sit maiores ea qui magnam ut vitae enim. Tenetur pariatur ducimus deserunt non maiores.','http://schumm.com/','8a78d54b-9b98-3ca6-8e6e-1b383fae2a1e','2012-11-25','2019-03-08 23:06:33','2021-05-14 18:46:33'),(165,'Blanditiis culpa porro dolorem consectetur vel.','Id et dolor vero. Nihil doloremque minus aliquam veritatis tenetur quisquam. Alias et recusandae sit adipisci. Cumque ea et aut facilis.','Voluptates et error repudiandae in velit. Cum sed eius qui labore. Ducimus magnam et temporibus quae itaque dignissimos.','http://www.legros.com/','cf74bf6b-fef7-36e3-b56b-9640bc46e159','2020-03-06','2014-03-05 08:20:07','2021-05-14 18:46:33'),(166,'Aliquid quia provident est.','Quisquam ut id reprehenderit voluptatibus. Dolorum sequi consequatur magnam ut non. Quas temporibus fugit eum. Consequatur corrupti laboriosam quo dignissimos et.','Culpa ut possimus molestiae dolore. Unde alias odit repellendus quis. Fugiat ipsa est libero et eaque quaerat nemo. Accusamus repellendus rerum velit accusamus. Itaque veniam sequi a esse cumque quaerat quod.','http://www.bartoletti.com/','139185eb-aee7-342f-836a-dfe7155fd3d4','2018-12-02','2018-02-13 22:46:47','2020-02-29 19:33:00'),(167,'Corporis ex quibusdam recusandae fugit non voluptatem.','Blanditiis doloremque aut quia dolorem eos. Suscipit harum quo nobis est quia aut odit inventore. Voluptatem nihil odit impedit voluptas debitis eveniet. Laboriosam saepe maxime natus. At labore perferendis voluptates iure amet.','Quia debitis perferendis ut velit voluptates. Perferendis ut et aperiam rerum hic possimus. Nulla omnis necessitatibus omnis aperiam consequatur debitis iusto. Ut sit magni non aut omnis eos et.','http://franecki.org/','18fa8361-467b-36c1-a02c-1a5b8f428b1b','2020-02-19','2021-03-12 16:24:45','2021-05-14 18:46:33'),(168,'Laborum cumque sed sed quam.','Voluptas voluptatem hic similique optio. Voluptate et qui aut nulla. Non aut sed unde magni et et. Quis qui beatae omnis veniam. Omnis qui odio voluptates maiores sed.','Explicabo et autem et autem. Error ad sapiente et in omnis reprehenderit. Explicabo aut neque quia. Quasi esse vel neque ea et.','http://www.rosenbaum.biz/','966de644-e278-34c2-bc08-ea2512e12d2e','2015-02-10','2013-04-20 05:44:55','2020-04-11 22:34:11'),(169,'Distinctio aut unde ut non sed.','Provident voluptatem et suscipit ut placeat. Ducimus occaecati modi et voluptatem sed dolore animi. Vel corporis delectus dolorem. Officia enim exercitationem totam sed quia cum.','Illum harum magni molestias animi omnis magni amet nihil. Enim autem consequatur iste provident est. Accusamus est repudiandae voluptatem et esse eum sunt. Cumque atque est ex eaque facere cumque.','http://www.dibbertgoyette.biz/','5ad4ab80-761a-3433-b701-a1cf9dabf8b6','2014-08-24','2014-07-08 01:56:52','2018-05-18 01:23:45'),(170,'Et sed ratione est mollitia rerum.','Possimus dolorem sit dolorem non est cum. Voluptatem voluptatum aliquam laudantium ea animi ut. Dolores beatae exercitationem explicabo voluptatibus consequatur.','Unde rerum saepe distinctio quasi. Vel dolore veritatis ut amet ducimus dolores.','http://turner.com/','fb62849d-d614-3c4d-af58-3a567e1adba4','2015-07-03','2015-03-05 21:42:33','2021-05-14 18:46:33'),(171,'Rem est consectetur a esse repellendus voluptatibus sit.','Perspiciatis assumenda aut est qui. Doloremque expedita doloribus sunt aliquid. Sunt autem atque sunt aperiam. Debitis veniam rem iusto reiciendis quo.','Aut est ipsum qui voluptates cumque dolor omnis. Quaerat eos debitis aut aut est.','http://kirlinjones.org/','6998b797-66b2-3408-9076-8d2a6119748a','2011-07-16','2017-12-01 21:03:52','2020-12-07 19:35:51'),(172,'Est ad quia cum vitae.','Quis atque tempora possimus distinctio ut enim quasi. Id odio enim qui cupiditate repellendus. Natus temporibus quam impedit eos nihil quasi.','Omnis animi libero sed dolores et laboriosam similique fugiat. Blanditiis totam repellat rerum aperiam in. Porro delectus esse laborum aut eum voluptas. Ab fugit earum illum nihil nihil enim consequatur.','http://jenkins.com/','b09e3287-bb56-30ca-bbf9-2193208f782b','2017-10-06','2014-10-18 02:07:36','2015-10-11 07:27:11'),(173,'Dolores quam ut a sit molestiae aut neque.','Explicabo voluptatibus at molestias. Quo et dolorem animi ut reiciendis. Cumque non quas est reiciendis occaecati amet quia. Sequi et qui in qui ut quos est. Harum tempore qui nostrum natus sit.','Exercitationem deserunt exercitationem distinctio delectus omnis accusantium. Neque nobis eveniet tenetur id occaecati beatae excepturi. Similique in facilis recusandae nihil aspernatur. Id architecto beatae id tenetur. Voluptates in consectetur quo ut quis nemo quasi.','http://www.miller.org/','7316d96b-7263-3f68-acaf-a71cb7d7cd01','2011-11-24','2016-08-17 08:26:50','2017-10-09 23:09:31'),(174,'Qui id fuga cumque libero magni quis qui.','Recusandae et voluptatem suscipit nulla inventore porro dolor. Aut velit necessitatibus nobis dolor. Consectetur cupiditate aspernatur atque qui doloribus incidunt. Excepturi eum similique nobis accusantium aspernatur. Est optio in nulla consequatur ','Animi culpa eum impedit nulla ipsum nihil est ullam. Consequatur quas id corporis laboriosam. Et modi molestiae inventore doloribus repudiandae. Occaecati est consequuntur sunt ea harum.','http://kirlinsmith.org/','295d8956-a1c2-302b-ae0a-501e4574dfcc','2016-12-25','2011-08-23 20:49:17','2017-10-24 13:38:50'),(175,'Eveniet maxime deleniti nam animi quaerat pariatur quia.','Est fugiat sed ut necessitatibus dolores animi voluptas dolorem. Fugit et id pariatur assumenda aperiam. Reiciendis magni alias id expedita.','Explicabo explicabo rerum repellat. Quis et debitis praesentium beatae assumenda qui.','http://gottlieb.biz/','8a296119-7da4-3d95-8414-8fa6271e827d','2013-12-28','2019-12-02 16:59:14','2021-05-14 18:46:33'),(176,'Voluptatibus et et aut consequatur eos quia.','Quod aut rerum consectetur cum praesentium aspernatur voluptas. Dolorem similique totam perspiciatis ut. Iste deleniti quas dicta error eos qui dicta.','Aperiam qui omnis fugiat pariatur repudiandae ut iure. Rerum voluptas molestias rerum et tempora et repellendus ipsum. Voluptatem dolore voluptatem necessitatibus perferendis adipisci sit quo omnis.','http://casper.com/','8f498c5e-e29f-341b-ab3d-03b326d73d36','2019-10-29','2015-02-22 02:50:16','2018-01-02 19:20:11'),(177,'Alias temporibus sit voluptas aut aut et voluptas.','Eum non modi minima est. Aut eos reprehenderit earum velit incidunt. Alias ut id rerum pariatur quo optio. Enim officia molestiae corrupti est.','Et architecto eos quos laboriosam eos. Est repellendus quibusdam qui debitis. Reprehenderit et commodi adipisci velit occaecati voluptatem quasi. Quod itaque autem est cupiditate accusantium.','http://brown.com/','ee115c86-d3b1-3b4e-a475-58f43048d59d','2013-02-17','2016-08-17 03:20:42','2021-05-14 18:46:33'),(178,'Aut impedit error doloribus voluptatem nemo aperiam ipsam.','Fugiat dolorum corrupti qui. Explicabo quia consequatur iure ullam minus eligendi modi unde. Animi illum ducimus aliquid labore dicta non est sed. Ipsa optio velit accusantium consequuntur animi recusandae.','Tenetur et fugiat necessitatibus ad assumenda. Quia totam numquam iusto ad et officiis tenetur consequatur. Quis quia deleniti neque voluptas voluptatem dolorum officiis. Et rerum nulla delectus quibusdam laboriosam voluptates. Modi officia ducimus qui voluptatem voluptates temporibus.','http://emmerich.com/','0e5af240-1165-3a06-9594-5304cb95d65f','2015-06-05','2018-02-09 06:02:44','2018-10-31 08:51:20'),(179,'Eaque et provident eveniet hic dolorum ea impedit.','Facere quia ut beatae dolore. Quis illo quidem quisquam sit eum. Et a et accusantium harum nostrum.','Molestiae et unde et et dolor sit et. Vel dolores ut sed dolore qui. Delectus repellendus quisquam dolor quo.','http://www.goyettecartwright.biz/','a7c8c116-9615-3a51-b676-f35e07f5e9aa','2013-04-13','2012-05-23 22:49:21','2021-05-14 18:46:33'),(180,'Sunt ratione nobis facere repudiandae aut.','Ut doloremque dolores non nulla. Exercitationem iusto quis quia dolorum quas. Dolore reiciendis fugit sint quis nostrum autem voluptatum.','Molestias doloribus libero fugiat quia exercitationem vitae. Quod sint consequatur molestiae quidem omnis soluta officiis. Laudantium vel occaecati non temporibus. Exercitationem sapiente et omnis natus laudantium.','http://www.rodriguezthiel.com/','2aa6dfc7-aa65-34c0-8719-30c3ec6c611d','2018-10-05','2019-05-27 07:04:45','2021-05-01 16:35:47'),(181,'Sunt sequi officia nostrum nisi.','Rerum velit eaque eligendi sed. Delectus sint ea dicta molestiae est. Quidem sapiente autem qui maiores. Eaque ex ex est non veniam voluptatem voluptatum.','Amet alias est nesciunt non quisquam rerum ratione maiores. Ut laudantium unde sed nihil adipisci.','http://quigley.com/','812912f0-8c01-30d1-ac48-1904e72a6430','2013-07-10','2020-10-10 01:43:06','2021-05-14 18:46:33'),(182,'Blanditiis omnis earum perferendis provident unde ex.','Quis ex omnis est accusamus soluta sit. Quo sunt suscipit neque. Quaerat et accusamus accusamus sapiente. Eaque assumenda earum non. Cupiditate eveniet et nulla id quis ex.','Voluptatem et rerum vel optio odit. Autem possimus temporibus rerum et. Repellat consequatur non asperiores quis.','http://www.hesselmohr.com/','167fc779-c9cd-3d7d-b2e7-dda963651e24','2013-02-06','2020-10-21 22:04:50','2021-05-14 18:46:33'),(183,'Perspiciatis beatae et vel.','Sequi nisi accusamus aut est nesciunt. In perspiciatis sed et velit minus corporis. Aliquid blanditiis laudantium architecto voluptatem.','Rerum ad ut quod id repellendus placeat. Dolores et voluptatem reprehenderit dignissimos similique voluptatum. Quaerat beatae ipsum sit qui consequuntur itaque quia. Dolor facilis impedit qui consequatur.','http://www.kutch.com/','38683ec6-51d2-3237-b8be-36f8ee7084a9','2013-12-30','2015-01-06 00:27:57','2021-05-14 18:46:33'),(184,'Enim aspernatur eos laborum.','Voluptatem molestias earum sed eos. Vel repudiandae est quia exercitationem.','Distinctio quod nesciunt et alias quis architecto. Modi suscipit velit unde laboriosam velit sunt et. Ut ut corporis quis dolorem molestias. Beatae incidunt est qui eum ut ullam delectus.','http://www.hintz.com/','0bbabf7a-6cfd-3b56-b1b0-5746d5d4a973','2020-04-03','2020-12-21 10:01:05','2021-05-14 18:46:33'),(185,'Repudiandae qui qui velit aspernatur doloribus.','Fuga consequatur et eligendi illum accusantium iure non. Eos et molestiae voluptates illo asperiores. Hic repudiandae cupiditate laboriosam quisquam recusandae. Est unde accusamus quis explicabo at magnam aut asperiores. Dicta magni iusto cumque cons','Dolor recusandae voluptas dolores nulla minus voluptas provident. Tenetur earum aliquam quia consequatur vel doloremque.','http://adams.info/','d81b3f97-888f-3557-b12b-9f9242d8be99','2018-01-19','2014-09-04 10:07:28','2016-03-07 02:08:21'),(186,'Est veritatis aliquid excepturi itaque eaque pariatur aspernatur.','Eos non nihil ullam similique ad voluptatem. Et vero officia aut harum accusamus eligendi. Numquam est non molestias qui eius voluptates. Cum dolore autem placeat in ducimus. Qui iste cum nihil est cumque tempore autem.','Velit ex maxime fuga culpa eos itaque adipisci. Voluptatum perferendis voluptas atque sunt illum. Perspiciatis placeat qui illum voluptates facere nam pariatur.','http://www.gusikowskigrady.net/','78ce4045-c866-374c-a547-25e45d9841cc','2014-07-05','2020-05-25 03:20:00','2021-05-14 18:46:33'),(187,'Id optio numquam atque totam.','Ipsa ad non est et. Nostrum quaerat ducimus qui et placeat dolorem. Molestias quis qui eos omnis unde quae necessitatibus. Quo rerum consectetur sed qui maiores labore.','Voluptas quia omnis distinctio aut incidunt eum. Voluptates molestias ex quod rem alias. Modi aperiam non et molestiae. Repellendus suscipit non nemo hic. Sed et eum esse impedit accusantium inventore.','http://raynor.com/','9c9ee10f-46e1-3d56-9c7a-257559980dec','2016-06-28','2011-05-21 22:16:54','2021-04-14 15:38:36'),(188,'Odit reiciendis aut et voluptatem quam unde.','Non velit dignissimos et omnis consequatur. Qui dolorum minus aut. Aut aut incidunt voluptatem repellat. Cupiditate aut consectetur modi.','Reprehenderit exercitationem voluptates velit tenetur atque a. Expedita vero libero exercitationem tempora soluta quo. Quibusdam ullam laborum voluptate consequatur minus.','http://okoncollins.com/','d2f29f1d-301b-3d64-8bd7-bad26847c91a','2016-01-18','2014-10-15 18:30:09','2016-11-21 13:05:54'),(189,'Odit dolor ipsam tenetur exercitationem pariatur quis.','Dicta dolores deleniti aut nemo velit laboriosam. Pariatur sequi velit iusto nulla. Distinctio aspernatur provident accusantium maiores. Rem autem aut nobis veniam. Corrupti iusto suscipit ducimus fuga sed modi eligendi.','Soluta impedit ut aut autem itaque. Neque temporibus non quis aliquam quia. Rerum nihil eos possimus aut quis. Et rem amet quis nemo. Consequatur sequi minus voluptas esse quae illum.','http://kshleringoodwin.com/','741666d5-0697-356b-8ec8-b6fb9c80d081','2020-08-18','2021-02-13 04:33:07','2021-05-14 18:46:33'),(190,'Est cupiditate labore aut suscipit.','Aliquid est consequuntur facilis explicabo non pariatur ipsam. Quo vel nihil aut aspernatur. Molestiae in aut voluptatem sint.','Vitae excepturi quidem adipisci labore rerum quia. Numquam id excepturi minus maiores reiciendis. Veritatis incidunt consequatur omnis earum.','http://www.dooley.com/','4d70c862-84ba-379d-b190-7aabb1808096','2014-07-18','2012-01-12 07:18:39','2012-05-25 13:06:59'),(191,'Neque et qui iure voluptatibus.','Eveniet officia porro eligendi hic sint quia sed. Nulla rerum corrupti et. Dolores aut aut at quia error et laboriosam sit. Cupiditate nam et ullam unde quibusdam et.','Blanditiis blanditiis eos enim est nulla eaque. Occaecati eos tempore aut nisi et autem. Et et repellat necessitatibus ea delectus assumenda eligendi.','http://ziemann.com/','710ede4d-16a3-3ed8-bfc0-cf1d6279ce8f','2019-07-25','2012-04-17 17:15:49','2018-11-03 18:11:24'),(192,'Quaerat in enim aut eius esse.','Molestias cumque dicta minus ducimus eaque. Incidunt eum nobis impedit.','Illum quod ut error et ut et id. Autem pariatur blanditiis tempore atque placeat voluptatem. Rem reiciendis error quis quia qui. Ut autem soluta officiis quidem quos.','http://jakubowski.com/','9db192c0-4ce7-303e-93a1-15f56d1b3f03','2018-06-13','2015-01-15 03:15:39','2016-08-22 21:17:45'),(193,'Minus vel qui et consequatur iure hic porro.','A non reprehenderit sequi delectus excepturi praesentium. Non ut maxime optio dolor eos voluptatem. Dicta sequi molestiae qui omnis.','Aut aperiam laudantium eum qui. Repellat autem doloribus consequatur ipsam sed officiis dolores. Repellat ad consequatur est et nihil sed suscipit. Qui ullam tempora fugit assumenda eius qui minus aut.','http://www.schneider.biz/','8480d769-5cf8-3eeb-b0d1-4fd240767dfa','2019-04-21','2013-06-23 15:34:42','2015-07-24 13:42:59'),(194,'Et aperiam est ut non sit.','Inventore tempora molestiae labore quia. Esse non consequatur vel. Cum ut aliquid facilis. Quas sequi dolores iusto sed et commodi praesentium perferendis. Ut et voluptas soluta qui qui ipsam.','Repudiandae nostrum autem voluptas placeat. Voluptatem optio illum optio consequatur odit qui. Voluptates debitis error animi dolorum inventore inventore.','http://labadienader.biz/','f42e3c50-7656-3b76-9c85-46a6c0420279','2011-12-23','2012-10-27 21:42:28','2021-02-18 22:10:35'),(195,'Ipsam non necessitatibus provident error minus temporibus amet.','Iusto aut libero perspiciatis sit dolorum. Et at beatae id id similique qui dolor optio. Dolores nam totam et iusto. Sequi eligendi in earum adipisci et ullam.','Iusto cupiditate qui libero doloremque rerum reprehenderit dolorum. Voluptas labore ad suscipit et. Quos reiciendis autem quia sed nulla ad ducimus. Voluptatibus sunt ex et molestiae officia.','http://stiedemann.com/','1e356d4d-c0a3-3e11-b28e-8b0f117c8a48','2020-04-06','2017-12-27 01:16:52','2021-05-14 18:46:33'),(196,'Magni pariatur non recusandae mollitia reiciendis.','Vel voluptatibus numquam et nihil voluptatem sunt non quasi. Facilis dolorem tempora eos saepe. Aliquam est ea ea ut voluptatibus.','Unde dolorem est consequatur sed iure. Neque enim molestiae fugit velit. Voluptas est voluptatibus et unde eius ullam. Fuga explicabo autem sed facere quae quo.','http://www.johnston.com/','f48c8c08-d3da-3827-81f4-80487c6aff6b','2013-11-01','2011-08-08 22:09:46','2017-08-08 22:15:04'),(197,'Dolorem at voluptas temporibus sint voluptate aut.','Et in deleniti repudiandae corporis nemo dolor atque. Aut nam deleniti perferendis mollitia consequatur nisi. Odio inventore illum quis voluptatem dolores fuga aspernatur. Explicabo a explicabo animi. Quasi corporis ut voluptatibus labore quod aut.','Asperiores delectus et necessitatibus reprehenderit. Facilis perspiciatis quia velit molestiae veniam aut. Ea repudiandae omnis explicabo aut laborum sapiente qui.','http://www.bernierkirlin.net/','ba94dd5f-04ec-3196-936b-2bcde9606438','2012-09-15','2020-10-22 21:45:15','2021-05-14 18:46:33'),(198,'Aspernatur quisquam dolorem molestiae.','Aliquid eum labore tempora facilis soluta assumenda quis. Non illo consequatur modi nostrum. Hic debitis expedita iure iste quo. Eum occaecati consectetur repudiandae in rem aut.','Pariatur debitis sequi qui qui doloribus dolore. Debitis odit beatae porro.','http://www.howe.biz/','70be06bd-e247-3528-99b4-eace7bdd15f2','2020-07-19','2018-10-23 00:40:03','2021-05-14 18:46:33'),(199,'Et minima dolor cupiditate sunt omnis quibusdam qui.','Vel explicabo et veniam repellendus aut dicta. Qui qui quisquam sit. Est consectetur tempora aut quia id. Dignissimos sit iste voluptatum dolores recusandae sunt.','Impedit quis officiis debitis perspiciatis dignissimos nulla. Unde quia praesentium nihil praesentium aut sit quis. Est sit voluptatibus accusamus qui iure. Voluptates ut hic dicta id.','http://www.trantow.org/','b3bde3a8-4423-3e0e-80c7-afacc17fd894','2015-06-22','2016-07-04 04:28:03','2021-05-14 18:46:33'),(200,'Et facere amet ducimus molestias.','Beatae est temporibus recusandae odio est possimus esse. Sint et dolores quia quia cupiditate et. Rerum voluptatem quod et pariatur facere rem. Dolorum quidem blanditiis quo odit assumenda cum consectetur.','Qui debitis voluptate neque. Qui tempore maiores quam qui itaque quod. Vitae omnis nesciunt id quia ipsam eligendi fugit.','http://www.wilkinson.com/','44a82969-cf2e-3bf8-b3ca-bbb7f2fa720f','2018-04-09','2021-03-17 14:26:57','2021-05-14 18:46:33'),(201,'Non suscipit nihil rerum accusamus qui ratione quia sit.','Necessitatibus repellat molestias aspernatur ut quis. Omnis amet aut officiis sit velit fugit et est. Iste voluptas non quae facere et. Quam animi voluptatem nesciunt tempore quia aut.','Culpa vero facilis assumenda id aut praesentium. Minus quasi molestiae nulla eum explicabo accusamus. Qui consequuntur enim sunt perspiciatis quia nulla. Ut explicabo autem accusantium accusantium molestias.','http://www.steuber.biz/','39ebf343-53ae-3db0-a668-03c9f24757e5','2018-03-12','2017-05-09 06:50:41','2021-05-14 18:46:33'),(202,'Alias aut rerum modi recusandae reprehenderit quo veniam ipsa.','Nobis mollitia tempora quo eaque dolores soluta at. Laboriosam vitae aliquid quia quam ut. Quasi rerum est quam corrupti dolore aut itaque. Voluptatem quia non in iusto beatae explicabo.','Ex quod eos itaque est perferendis. Animi odio reprehenderit aperiam ipsam adipisci. Incidunt quo ut est. Accusamus et commodi exercitationem esse dolores odit et. Ipsum ab error qui non esse.','http://marksstreich.net/','a15f782d-5f43-3320-abea-afb9e6f9f8f8','2011-06-29','2013-11-17 18:18:59','2020-05-11 07:27:47'),(203,'Facilis quo rerum fuga minus enim.','Explicabo aut cupiditate est illo magnam rerum a. Hic excepturi dolores nesciunt. Ducimus voluptatibus molestias excepturi quia delectus nisi.','Dolor pariatur impedit qui laboriosam non. Amet vero amet provident esse qui dolorem. Cupiditate qui ut veritatis quia.','http://ledner.org/','386c541e-d068-320a-94ac-bf0c250dbbfa','2012-02-26','2011-05-19 00:00:07','2020-02-27 19:47:26'),(204,'Ut rem ea praesentium laboriosam sint.','Aut quia ut pariatur ad id est. Sequi veritatis eos commodi recusandae exercitationem. Dolor ab nobis corrupti ut quae quia cupiditate. Nobis veniam non dolore quis non adipisci.','Aliquam in similique cumque commodi dolor molestiae et. Magnam perferendis ullam maiores voluptatem hic. Dolores et exercitationem aut iusto ratione sed sit.','http://www.kulas.com/','49960c00-afce-30c0-8500-8d58bdf89849','2019-05-16','2013-08-08 19:53:44','2021-05-14 18:46:33'),(205,'Aut et autem quis facere consectetur.','Omnis molestias quia odit est. Voluptatibus molestias facilis sed laborum aut non. Ad voluptas eum accusamus omnis.','Ratione voluptas eveniet voluptatum. Temporibus est quasi quidem voluptates est quae tempora. Qui ut et assumenda nisi deleniti consequatur.','http://www.hegmann.biz/','25a81cca-0b27-324f-8193-8d669e8d203d','2015-06-23','2017-07-14 00:21:11','2021-05-14 18:46:33'),(206,'Quia consequatur saepe modi praesentium.','Occaecati est minus sint. Quos vel sapiente nihil dolorem qui perspiciatis doloribus. Error sed aut accusantium excepturi. Vel repellat totam explicabo eveniet ipsa sit. Et et tempore pariatur dolorem.','Non cumque enim ipsa quae. Eum et nihil quibusdam consequatur et qui qui odio. Delectus tenetur sint accusamus velit.','http://volkmanbrakus.org/','b33d6770-a5b3-3ee6-a378-e1a3d365a914','2012-07-31','2017-08-21 01:53:33','2021-05-14 18:46:33'),(207,'Atque nisi rerum ut est ut.','Qui sed minus ex quia vel tempora. Ullam qui non ut omnis unde. Voluptatibus rerum deserunt fugit eum est odit rerum veritatis. Et exercitationem pariatur aut sit magni sed voluptatem.','Dicta rerum delectus sequi dignissimos. Labore maxime cumque natus harum. Deleniti voluptas nesciunt rem et dolor. Aut sapiente aut aliquid velit qui fuga accusantium.','http://www.framijohnston.com/','c4d003be-0b81-36e6-bf08-60a5c4295d28','2019-07-17','2020-12-08 15:28:39','2021-05-14 18:46:33'),(208,'Qui iusto sed dolores.','Expedita excepturi officia expedita. Repellendus et facere ut officiis qui ut. Rerum harum dolore nisi sint. Corrupti autem quia consectetur iste et quia neque.','Et beatae reiciendis voluptatem reprehenderit. Unde ratione quisquam corrupti porro sed. Quibusdam id vitae ut iste ea dolores sit. Quaerat blanditiis nemo id qui sapiente voluptatum.','http://www.toy.com/','e1529e43-d1cc-3ab9-aa99-6cc246fe40f9','2020-02-22','2019-04-27 15:06:20','2019-09-16 14:06:15'),(209,'Atque et et rerum dolore soluta.','Placeat dolorum veniam ipsa voluptas adipisci. Earum explicabo error sit totam ab. Qui sed eum ab sunt ratione eius. Explicabo non modi repudiandae explicabo voluptatem. Rerum ea ducimus aliquam consequuntur dolorem corporis maiores.','Qui aliquid voluptatem illum quis. Officiis nihil necessitatibus ut ducimus eum. Nesciunt repellendus et et asperiores et quo quo veniam. Dolor sed repellat sit corporis alias.','http://www.hegmann.com/','954f4138-4054-3820-8602-dc0318547539','2013-02-05','2013-09-15 22:54:28','2021-04-19 00:16:54'),(210,'Atque in et saepe vero est magni voluptas nemo.','Porro ea ea libero repellat magni voluptas. Molestiae numquam non quia laudantium atque omnis officia. Voluptatem nihil magni commodi rerum vel.','Et occaecati adipisci totam qui. Sunt et repellat sunt odit deleniti et qui. Quisquam quae inventore id quas.','http://www.cremin.org/','23876202-a84f-3982-b9fb-2cc90cc8b718','2014-12-19','2017-09-04 02:34:14','2020-09-26 14:06:43'),(211,'Quos aut sunt incidunt voluptates deleniti necessitatibus.','Aut aut suscipit molestias ab accusamus dolores. Voluptatem quae cupiditate quibusdam et quis. Asperiores sit enim voluptas cum ex modi dolor.','Sed aut esse molestiae nostrum occaecati. Quibusdam sit nobis alias accusantium quo molestias. Sunt et similique cupiditate et vel et. Veniam ipsa aut eveniet qui quo porro ut molestias.','http://legros.com/','8cad6e5e-dd44-3044-8ba9-b51e8483e93a','2012-10-27','2017-04-27 09:44:03','2021-05-14 18:46:33'),(212,'Doloremque eos nihil doloribus repellat molestiae.','Incidunt dolores placeat asperiores eos qui et. Non ullam corporis et repellat dolores quam. Numquam nihil eum quaerat quisquam.','Ipsa qui omnis nam maiores dignissimos quo inventore. Voluptas mollitia quia fuga laboriosam in doloremque.','http://www.goldner.com/','69d420f4-4892-3e10-82a6-2b2f6450e5b2','2016-07-09','2018-02-14 06:38:01','2021-05-14 18:46:33'),(213,'Eum suscipit quia blanditiis asperiores nemo occaecati minima.','Ea iste molestiae et non. Eum est hic aspernatur et nesciunt non eligendi. Voluptatem quis repellat mollitia earum deserunt asperiores nihil. Temporibus deserunt quae pariatur et. Quod sint nisi aut assumenda odit quasi voluptas magni.','Similique commodi voluptas id tempore et repellat labore. Aperiam beatae fugiat ducimus magnam asperiores et. Impedit non qui tempore blanditiis iusto. Temporibus non unde et.','http://gutmann.net/','af4e02b3-0e45-3ec6-920a-84bfe0415263','2020-08-05','2015-04-30 21:34:56','2021-05-14 18:46:33'),(214,'Perspiciatis earum recusandae minima ut.','Minima non aut est accusamus officiis velit accusamus. Sit doloremque magni est. Molestiae et nulla aspernatur ex sit corrupti. Eligendi totam sint voluptas dignissimos ipsa sequi occaecati.','Ea ipsum qui veritatis soluta inventore qui tenetur. Earum ad natus ullam reiciendis. Ea animi ut aut in aliquam dolorum culpa.','http://heller.net/','d73057a3-7b6b-3b2f-8264-ee0f7d81c3fa','2014-01-20','2015-07-03 06:01:25','2021-02-11 08:49:56'),(215,'Reiciendis consequatur magnam quia veritatis voluptatem aspernatur.','Vel ducimus cum voluptate hic illum et vero. Quaerat iusto eum et ipsa. Et nobis numquam et.','Suscipit quo et placeat velit. Quia sed illo enim impedit est natus inventore. Quae aut dignissimos nihil ut quasi est consequatur praesentium. Cupiditate voluptas nam laborum illo.','http://www.harvey.org/','ddb4dc05-190b-328b-bed6-5d325d9c6b58','2019-07-18','2016-09-08 16:32:18','2019-11-06 04:15:51'),(216,'Deleniti animi et deserunt inventore nobis qui iste.','Id qui dolorum aut dolorum a dolorem quam atque. Corrupti commodi qui aut aperiam rerum omnis debitis voluptatem. Necessitatibus vero cum ipsum eos quam vel. Cupiditate odio iusto impedit.','Distinctio et labore aperiam. Cupiditate aperiam corrupti quo quisquam laborum molestias. Ut ut quo temporibus.','http://www.wunschkshlerin.net/','b99e1931-0973-3b6a-9b77-29bbb9d3eb09','2015-07-06','2012-09-12 00:27:00','2020-06-09 09:35:49'),(217,'Repellat et aut facilis assumenda vitae molestias pariatur.','Quos consequuntur repudiandae rerum ab adipisci odit. Quos modi porro voluptate consectetur. Laudantium ut consequatur sed itaque.','Corporis earum magnam placeat iure. Quidem qui voluptatem in modi dolor quasi dolores. Necessitatibus quos laborum non dolores dolore. Eum eaque aliquid sapiente quia.','http://www.sawaynquitzon.info/','3577e097-98c0-35fc-b9e4-601a964bba09','2021-04-26','2014-10-24 22:17:25','2021-05-14 18:46:33'),(218,'Laudantium est dicta dolorum et qui.','Officiis error amet odio rerum sint. Ducimus tenetur voluptates consequatur excepturi tempore. Molestias consequatur iste sint iusto ducimus et.','Cupiditate natus mollitia eum eligendi soluta qui. Asperiores optio reiciendis ut et recusandae quia. Cupiditate sit aut debitis. Animi cum suscipit animi a tenetur.','http://www.heller.com/','52f1693d-d7c8-39b5-94b3-4ab9aed3870a','2016-01-23','2018-09-10 09:56:56','2021-05-14 18:46:33'),(219,'Sint omnis architecto voluptatem excepturi in soluta dignissimos expedita.','Quia saepe numquam eligendi ut vel ea necessitatibus. Minus deleniti qui aut dignissimos. Iste sunt delectus illo harum aut sed.','Harum adipisci eaque rem officiis quae quo inventore. Qui neque amet molestiae. Similique et deserunt quo est. Sint ducimus ea et minima.','http://stroman.biz/','4a55ab88-644b-3272-8682-896e6fcc6dfb','2021-01-12','2018-01-01 17:20:52','2021-05-14 18:46:33'),(220,'Nihil eos error consequatur at dicta aperiam.','Ut et et reiciendis soluta veniam nulla. Et aut dolores et iste molestiae. Rerum ut est cumque.','Earum dolorem ea tempore natus enim et. Molestiae est dolores sed non voluptatem perferendis dignissimos. Sint placeat sunt tempora iste. Quibusdam neque rerum nesciunt quo sint.','http://www.stromanziemann.com/','4335e287-7dc7-3e57-8e96-5874de37b408','2013-07-18','2019-08-07 10:52:38','2021-05-14 18:46:33'),(221,'Ipsa incidunt architecto similique dolor.','Amet asperiores odio odit dolorem assumenda a. Aut quidem consectetur natus eveniet distinctio facilis quam. Minus dicta voluptates magni aliquid et sint ea. Veniam qui occaecati odio corporis est sed.','Voluptate ipsum rerum voluptatibus voluptatum incidunt maxime. Consequatur cumque accusamus soluta ab.','http://www.hudsontillman.com/','813441fa-ac72-3cb1-ab7f-fa040873a44b','2020-08-17','2013-01-05 02:50:46','2021-05-14 18:46:33'),(222,'Natus fuga cum saepe quos quis officia laboriosam.','Aut fugit blanditiis vitae sint. Illum in doloribus error iusto labore voluptatem velit.','Eveniet ipsum eum unde aperiam reiciendis. Veritatis voluptatem illum suscipit hic ut. Unde voluptas natus aperiam voluptatem error maiores eveniet.','http://www.schambergerfahey.com/','7ff70c17-8ba5-392b-a560-cc7092eb0e25','2015-11-18','2015-11-23 15:42:23','2019-04-24 22:38:26'),(223,'Nisi aut non consequatur est voluptas fugit dolore.','Libero id rerum neque consequatur dignissimos. Magni consectetur accusamus est sunt architecto qui id sint. Ratione totam ea vel sed.','Omnis officiis quisquam sunt voluptatibus vero sed. Asperiores itaque non cum voluptatem et. Asperiores sit et sed et corporis.','http://www.crona.biz/','1668325e-10c1-3813-8b25-b340f94e9dd7','2016-04-08','2016-10-19 18:55:57','2021-01-27 05:51:30'),(224,'Officiis consequuntur unde est quam repellendus qui quibusdam.','Distinctio magnam explicabo consequuntur dolor. In beatae voluptatibus velit ad. Aliquam numquam voluptatem vero sunt architecto quam nobis. Nulla distinctio excepturi iure dolore.','Voluptatibus qui et atque eos facere ipsam ab et. Omnis qui sit vel dolores consequuntur vel. Adipisci adipisci ullam consequatur suscipit repellat.','http://ferry.com/','a7fe42fa-906a-3d0c-8bb0-eb4748534279','2021-03-24','2018-12-29 17:37:44','2020-12-29 01:57:17'),(225,'Ipsa quas et ipsum ut cumque.','Quo exercitationem error vitae nihil itaque. Qui non in commodi earum voluptatibus. Ex sunt eaque vitae blanditiis dolorem porro.','Quae veniam tempora quidem ab maiores molestias et. Omnis vero sed deserunt reiciendis expedita consequatur sint. Asperiores in ut alias qui.','http://www.little.com/','25cca4eb-00da-37fc-a3d7-0ffff69f363b','2015-06-06','2015-12-01 08:18:47','2020-05-28 16:11:06'),(226,'Optio eaque ab esse et et delectus.','Nihil fugiat accusantium harum eum dolore sit officia. Mollitia eos non qui blanditiis.','Id magnam voluptas qui voluptatem sit qui. Rerum labore praesentium rerum doloremque. Ut eos repudiandae nulla nisi dolore.','http://moore.net/','a39ced81-7770-3bc3-8211-90186a003af4','2015-03-03','2017-07-07 06:24:18','2021-05-14 18:46:33'),(227,'Maxime id possimus vitae pariatur eveniet qui.','Omnis corporis vel nostrum dignissimos a vero. Commodi est laborum amet omnis impedit voluptatem enim. Et assumenda excepturi et. Magnam qui consequuntur voluptatem aspernatur culpa.','Aperiam exercitationem fugiat animi ratione magnam voluptas eum. Dolorem unde beatae commodi et et sed. Rem quisquam neque blanditiis cum. Quia rerum quod et deserunt magni.','http://www.leannon.info/','b3e924df-9912-367c-b737-d7b961b62cb2','2013-12-01','2014-07-10 12:24:56','2021-05-14 18:46:33'),(228,'Est quae ipsum eaque modi est.','Consequuntur magnam labore hic fugit. Cupiditate eveniet architecto aut incidunt nam sapiente. Assumenda dolor explicabo fugiat rem omnis autem possimus. Nesciunt id dignissimos quidem sapiente ex sapiente.','Error rerum animi nobis maiores. Est nisi suscipit quidem id expedita error qui. Sit vitae aut fuga voluptatem. Hic esse est molestiae eius magni molestiae.','http://www.russel.com/','10ed74f0-a3e5-310f-8a41-2dcdcba95b67','2015-02-03','2015-10-03 07:09:15','2021-05-14 18:46:33'),(229,'Et molestiae et totam reprehenderit est et itaque.','Quasi ut qui odit et voluptatem quae. Perspiciatis laboriosam totam ad recusandae tenetur et. Quo vel maxime tempore ut quisquam nobis similique nam.','Voluptatem quis id ducimus accusantium cumque voluptatem. Aut voluptatem eligendi amet corrupti magnam et. Accusamus ut doloribus vero suscipit vel.','http://www.bradtke.biz/','e4e03333-ed4d-3a15-84dc-96ac41084a6a','2014-05-08','2014-01-25 01:04:34','2016-09-16 13:45:46'),(230,'Voluptates maxime recusandae in sit fugit.','Autem necessitatibus quaerat est ab sequi. Voluptatem nulla eaque culpa modi aperiam molestias vel consectetur. Et deleniti velit consequatur eveniet aut qui corporis.','Facere iusto autem veritatis doloremque. Quo quia qui maxime dicta rerum odit sapiente. Alias at aut suscipit animi optio. Voluptas quidem accusamus id doloremque laudantium voluptate similique.','http://www.blockfeil.com/','e54ed4ce-2625-3015-bc3f-beb1716b185c','2021-03-05','2012-12-14 00:29:38','2021-05-14 18:46:33'),(231,'Ducimus rerum eligendi est reprehenderit.','Magnam magnam illum est voluptates dolorem ut. Iste et quod eius sint laboriosam nam et enim. Et ipsam et consectetur earum consequatur quae. Id mollitia enim nobis modi dolorem.','Modi natus voluptates ipsum eos laudantium. Repellendus odio et optio sint corrupti dolorum molestiae. Libero nobis pariatur reprehenderit sunt ea ut.','http://www.schimmel.com/','3638e89f-4196-3c14-9865-151ffdedf78a','2017-02-19','2013-09-07 17:07:11','2015-06-07 21:39:12'),(232,'Qui consectetur illum qui sunt magnam.','Doloribus est aperiam laborum saepe et beatae aut. Optio officia vero blanditiis deleniti et. Ratione quae eveniet itaque est delectus itaque.','Ipsa et officiis cumque excepturi nulla. Quae reprehenderit sit minima omnis nihil. Molestiae ullam quibusdam unde repellat aperiam omnis.','http://www.hermanbrekke.com/','d8a7572d-dcc2-3d32-9d26-71fb9645a514','2012-09-25','2017-01-06 20:11:17','2021-05-14 18:46:33'),(233,'Sint quod sit exercitationem beatae aut provident.','Voluptates voluptatibus nisi delectus error. Consequatur ratione error ullam doloremque similique. Ut aspernatur rem sint.','Eum blanditiis sed nostrum esse sit. Perferendis reprehenderit id esse impedit. Labore qui eos nihil aut vitae consequatur. Fuga pariatur atque dolorem consequatur voluptates. Atque et culpa consequatur ipsa minus.','http://hoppe.net/','f5df98a5-23f4-361c-866e-40db68819ff0','2021-02-03','2012-06-29 02:35:12','2015-04-18 02:48:18'),(234,'Alias cumque nemo assumenda et quis fugit.','Omnis vitae id aperiam et saepe aut rem. Dolores tenetur ut debitis et et tenetur architecto omnis. Vero quis ut eum vero sunt debitis.','Ut magni porro minima perspiciatis. Itaque sed officia sed ad. Fugit molestiae dolorem voluptatem. Quod ullam qui nemo esse.','http://crist.com/','35868376-60ab-35c5-900e-a2a5206e4803','2018-01-29','2016-12-31 00:04:48','2019-03-19 12:35:08'),(235,'Accusamus quasi sed ratione et explicabo sunt ut.','Possimus dignissimos hic harum magnam tempore nam. Aperiam ut dolores est ipsam neque eos mollitia ex. Et quae vel sunt modi. Eaque provident assumenda blanditiis voluptate omnis id.','Quia saepe ut ut ut placeat architecto. Fuga adipisci eaque non occaecati doloribus eligendi. Quo nihil libero maxime hic et laudantium qui. Molestiae eos in similique dolore sint id cumque.','http://kub.com/','db306cff-6b79-36de-91e0-fc26dfbb683c','2013-12-12','2013-07-06 21:11:55','2017-08-04 16:59:10'),(236,'Magni eos officia voluptas modi deserunt distinctio.','Odio vero tempore hic laboriosam veritatis ea cupiditate. Sint velit sunt quasi qui. Ipsam nobis exercitationem harum laboriosam magni. Odit rerum numquam repudiandae voluptatibus debitis dolores laboriosam.','In perspiciatis nihil similique reiciendis incidunt voluptatem sint non. Est nemo similique voluptatum cum. Velit voluptas nulla voluptatem veniam voluptatum numquam possimus quis. Vel voluptatibus quasi qui expedita sapiente. Id maxime in molestias ex cupiditate voluptatem.','http://daniel.com/','04e7c7a7-9128-38de-8079-b58bb575fe3a','2012-02-24','2015-03-20 19:31:05','2019-12-02 22:59:04'),(237,'Expedita repudiandae error voluptatem aut ullam.','Rerum deserunt pariatur magni iste itaque et. Deserunt dolor voluptatem nisi quasi. Consequatur ipsam rerum molestiae quia quia quo vel. Soluta tenetur aut et voluptatum iste.','Deserunt accusamus sunt laboriosam sint aliquid minima cum. Dolores in mollitia ipsa deleniti eos odio. Quibusdam culpa eveniet et recusandae pariatur quis. Nobis perspiciatis est laborum laudantium dolores.','http://www.medhurst.com/','4fd29369-08d2-3f32-a28a-73e92f5fb9f8','2016-11-24','2014-02-03 07:18:10','2014-09-20 21:37:16'),(238,'Optio est est et aut aut.','Eum ut vero et temporibus et totam. Maiores non est eveniet enim molestiae vel aliquid.','Perspiciatis optio et error quae quae sequi omnis. Exercitationem cumque cum exercitationem et. Ullam dolores harum ut impedit sed voluptatem nostrum. Voluptatem enim et fugiat asperiores ut.','http://klocko.com/','37ed80ba-0f68-3e80-ac1d-cec124c627be','2021-03-25','2017-01-16 04:44:11','2021-04-13 03:24:03'),(239,'Consequatur ratione voluptate error voluptates voluptatum.','Excepturi similique saepe nemo sed. Odio necessitatibus earum veritatis sint. Cum voluptas voluptatem sequi deleniti. Maiores porro possimus repellat sit at ipsa alias.','Expedita quod autem fugit ipsam voluptatem. Aut est nihil suscipit qui tenetur labore ipsa. Mollitia beatae numquam sunt ut consequuntur ut.','http://www.weber.org/','31eab93b-bb6e-3e15-8a2d-c317a366392c','2012-06-30','2012-08-25 00:12:25','2021-05-14 18:46:33'),(240,'Repellat natus est at esse saepe consequatur eligendi.','Velit molestiae commodi quibusdam quasi exercitationem illo et aut. Facilis non consectetur dolorem tenetur error. Adipisci tenetur blanditiis voluptate. Minus et animi repellendus ea dolores cum.','Distinctio quaerat est consequatur tempore ut et. Dolores itaque et dolorum dolore sit iure. Suscipit harum rem dolor eaque.','http://crona.info/','6bd695fe-4d1a-3df8-a182-18789a272fdc','2014-08-17','2012-08-18 20:11:39','2013-01-26 14:45:06'),(241,'Nisi quia qui ad enim quam.','Necessitatibus numquam perspiciatis voluptatem quaerat sit. Quidem nisi quos enim nam soluta rerum quos. Mollitia officia autem incidunt incidunt. Vel quo ad culpa vitae aut.','Omnis explicabo explicabo laudantium et beatae et. Accusamus sed rerum adipisci minima. Esse molestiae quo saepe dolores atque. Sint voluptatem sunt tempore qui doloribus est veritatis veniam.','http://kunde.net/','721e2dcb-9223-3535-afa1-e07939d7cf1c','2016-05-23','2015-02-05 01:21:03','2017-05-27 17:19:39'),(242,'Odio sit qui impedit maiores rem quia dolorem veniam.','Corrupti et dolores quia ipsa voluptatum animi. Modi porro necessitatibus vel beatae corrupti. Porro aut impedit autem numquam ex libero explicabo quis. Vel id est suscipit vero possimus fugit.','Fuga dolorem reprehenderit et esse amet. Eveniet voluptas aut optio suscipit. In rerum est tempore et eos aliquam amet. Illum perspiciatis sequi quisquam omnis saepe eligendi magni.','http://greenholt.com/','5aca4339-5bef-3790-8ef6-4525b7f9bef9','2016-03-09','2017-09-13 18:54:20','2020-03-18 05:51:25'),(243,'Hic quos id hic fuga.','Rem provident et blanditiis sed provident mollitia. Veniam sequi magnam neque voluptates et illo. Ut ratione repudiandae eveniet est dolore debitis.','Repellendus rerum sed est veritatis ea. Maxime et dolor ea esse vel cum. Facere incidunt assumenda tempora eius voluptatum est. Ut delectus et minima maxime expedita ut nobis.','http://www.erdman.org/','81c4f899-d49a-3321-8059-851badb96c4b','2019-12-09','2016-06-19 05:13:03','2021-05-14 18:46:33'),(244,'Et odio placeat tempore quia nesciunt sed facilis deserunt.','Aliquam occaecati earum in dolorum et asperiores. Earum aut aut eius dolore veritatis. Qui aut in harum consequatur ipsam veniam. Accusamus consectetur officia nihil vero dolores omnis assumenda.','Dignissimos et eos possimus hic. Porro esse ratione aut ipsa. Est magni sit voluptatem quos doloremque voluptatem provident.','http://turcotte.com/','a3920831-9554-3d45-81cc-142448c61c36','2012-06-02','2020-12-02 11:44:38','2021-05-14 18:46:33'),(245,'Aut est et in omnis.','Magnam necessitatibus praesentium odio officiis. Qui iure blanditiis dolores iste sit quae. Ipsam incidunt vel aut aut aut sint.','Quis voluptatem voluptas odio minus. Velit nihil quia nisi ut voluptate. Officiis doloremque harum et earum molestiae ut accusantium. Est porro sint quis sed doloremque est ea.','http://ritchie.com/','bf84e5bf-537a-332d-bf00-c0f8ae9c4c92','2015-09-13','2017-08-12 17:26:07','2021-05-14 18:46:33'),(246,'Qui nihil voluptate deserunt sit distinctio.','Iure eveniet dignissimos impedit soluta quia. Vitae iusto et rerum dolorem. Rem eligendi mollitia iure omnis. Omnis nulla vero quas eveniet quo.','Perspiciatis nihil dolores qui vitae culpa quisquam enim et. Quo mollitia voluptatem laudantium in enim similique unde. At praesentium rem incidunt voluptates quis rerum est.','http://www.stehr.com/','16d28477-1152-3d07-a249-cc40f921521b','2012-05-16','2012-06-08 19:55:58','2015-10-20 14:12:39'),(247,'Labore laborum quaerat quod ut consectetur ad.','Dignissimos et cum sunt rerum id vitae. Doloribus est voluptatem sint magnam enim voluptas. Beatae eaque tenetur rerum eum consequatur rerum. Tenetur quis esse perspiciatis.','Aut ducimus facere ut animi voluptas. Odit ipsum possimus est similique quae. Quisquam non vel est modi ipsam. Explicabo eos incidunt maiores similique quo aliquid distinctio.','http://www.kunze.org/','b5036246-e344-3c4e-8f0b-bc8a5b239a1e','2015-06-29','2018-01-15 04:01:50','2018-11-14 03:01:34'),(248,'Labore reprehenderit autem libero rerum tempora.','Nulla unde vel illum. Est quaerat iste corrupti optio voluptate reiciendis voluptatem.','Fugiat ratione accusantium qui. Minima quaerat sed eum explicabo blanditiis. Et tenetur molestiae velit sit quod illum. Dolor delectus provident soluta ab placeat quo vero.','http://gulgowski.com/','9820400c-a6b7-34c4-81fe-8d6b76cd5563','2014-12-23','2017-04-29 05:01:32','2021-05-14 18:46:33'),(249,'Delectus qui consectetur vel perferendis eos non veritatis.','Velit velit incidunt modi quia alias neque aut. Perspiciatis ad assumenda perferendis perferendis. Possimus nemo qui facilis quo architecto dignissimos. Sed et sit et sit velit officiis reprehenderit.','Rerum quia repellat et et eveniet aut. Nemo autem recusandae sint earum et. Sed rerum id numquam sit deleniti quas. Molestiae enim dolore beatae possimus consequuntur ut maxime.','http://beatty.net/','febe0986-f090-3ed1-ab4c-346b98156e9a','2016-06-26','2014-06-03 13:12:43','2021-05-14 18:46:33'),(250,'Est minus est consequatur.','Quod ut aut eos unde. Rerum distinctio saepe rerum. Ut in animi accusantium veritatis aliquid voluptate veniam. Officia veritatis laboriosam rerum delectus rerum rerum aperiam.','Qui alias unde consequatur. Alias tenetur autem nisi officiis doloremque. Aut itaque dolore minus modi rerum.','http://dubuque.biz/','41b5a974-2ff0-334d-953f-f35ffb72fc64','2018-08-18','2014-03-01 19:41:54','2018-05-24 00:56:41'),(251,'Hic iure hic et.','Nobis voluptatibus porro quos dolor. Qui sit minus est officia rerum delectus aut.','Aliquam at non enim necessitatibus id. Laudantium repellendus consectetur ipsum sint. Ut doloremque debitis est animi alias neque harum. Recusandae et autem doloribus aliquid. Dolorem non et iusto nostrum velit est est.','http://www.braun.org/','f5ce7935-54e1-3ed7-bee8-b667cb7f744e','2016-12-30','2017-08-23 13:00:19','2017-11-21 16:27:48'),(252,'Sunt eum iure tempora nesciunt mollitia nisi.','Iste consectetur deserunt eius ut sunt dolores eveniet. Esse voluptas dolor rerum ipsam eum corrupti sed ut. In quaerat voluptatem ut occaecati aliquam mollitia. In at nulla ipsa at explicabo est expedita.','Harum dolores rerum soluta minus non iusto. Provident dignissimos quas non quibusdam magni. Nam unde vel repudiandae. Tenetur iure debitis ut dolore in debitis quia.','http://okunevaschuppe.com/','15aa9794-b02c-378f-9f35-eaead2de3adb','2018-08-25','2021-01-14 11:53:59','2021-05-14 18:46:33'),(253,'Esse delectus quia fugiat sed.','Eligendi consequuntur voluptates repudiandae debitis recusandae. Numquam eum consequatur quia dolorum dolorum explicabo eos asperiores.','Soluta nihil magnam quia. Ex repellat quia enim voluptates nisi. Illo doloribus repellendus consequatur ipsam magnam pariatur. Ex quia inventore quis rerum quam vel veritatis hic.','http://www.west.com/','b75297ac-f0c5-3658-806e-1daaa3a1ac0d','2017-03-10','2019-07-17 14:30:28','2021-05-14 18:46:33'),(254,'Rem et deserunt totam perferendis rerum sed.','Provident doloribus qui dolorem ducimus et. Neque fuga dicta rerum nihil dignissimos necessitatibus quibusdam consequatur. Quis incidunt nam error non. Omnis aperiam est iste.','Dolores natus deleniti sit quae ratione aspernatur molestiae commodi. Ipsam libero veritatis ducimus recusandae. Est rerum perspiciatis quidem ipsam quibusdam sequi maiores. Ducimus consequuntur non velit beatae rerum.','http://www.toy.com/','7ead34d2-4236-3b4c-8789-72d7e4cefc55','2014-05-26','2011-09-28 03:33:33','2017-08-17 18:19:39'),(255,'A blanditiis qui ea et.','Quia consequatur rerum quisquam quasi ab ducimus. Maxime neque excepturi omnis repudiandae. Exercitationem qui consequatur qui. Quis et alias commodi porro id aut eaque.','Repellendus voluptatum fugit excepturi voluptate. Culpa ducimus aut consequatur sit est. Dolorem suscipit molestiae ullam id nemo voluptates ut. Totam aperiam non cumque et.','http://www.veumwyman.org/','410afc3c-fbbe-376f-bc44-23bddabaf74a','2018-12-02','2012-03-26 08:04:52','2012-12-21 16:45:33'),(256,'Odit alias officiis nam consequatur quia qui.','Qui voluptatem accusantium consequuntur nam vitae maxime nihil. Natus nihil maiores dolorum dolorem. Quos assumenda aut explicabo velit.','Deserunt eum quas quidem inventore voluptas et explicabo. Nesciunt est voluptates quia ut autem omnis aut natus. Laborum sit hic impedit suscipit. Est voluptates quasi aut sed quia voluptas.','http://metzschinner.com/','30c5ad44-4579-3489-915c-19bd9d362345','2013-12-05','2018-02-07 17:47:11','2021-05-14 18:46:33'),(257,'Sed qui magni minima et dicta autem officia.','Natus excepturi voluptatem quia accusamus tempore et. Porro modi vel voluptatem voluptas et facilis. Atque natus inventore et consequatur inventore delectus. Iure nulla consectetur eos sunt laborum voluptatem alias.','Modi quasi et vero officia nesciunt. Consequatur maxime non quia veritatis sunt totam.','http://www.brown.com/','7300c849-a343-3294-a878-72199b452152','2015-03-26','2012-03-26 14:53:38','2021-05-14 18:46:33'),(258,'Porro ex quae ipsa magnam provident ad consequatur.','Qui tempore rerum quidem minima et fugit non necessitatibus. Ab eaque sed voluptatum et rerum. Facilis est maxime qui. Occaecati officia et dignissimos.','Nam quis veniam sit quis doloribus explicabo. Provident nihil eos cumque consequuntur quos. Est expedita ex dolores eaque sed.','http://www.sauer.net/','76b1e276-c216-3181-b21c-9c837376bf57','2014-06-13','2021-01-12 15:06:41','2021-05-14 18:46:33'),(259,'Accusamus dolore molestiae voluptatibus consequatur.','Reiciendis dignissimos eum ad consequuntur doloribus quidem. Officiis ut voluptatem animi quo aut beatae fuga. Et et quaerat autem animi temporibus.','Adipisci ad sapiente suscipit animi maxime aut minima. Dolor et dicta perferendis dolore et nulla maiores dicta. Qui ut dolor delectus saepe omnis adipisci id.','http://www.rau.biz/','17376f57-4675-35c3-afc2-d03a8e2cf1b4','2013-10-30','2016-11-23 11:34:15','2021-05-14 18:46:33'),(260,'Sit voluptatem delectus architecto odio magni deserunt.','Odio non est quia quos eos. Doloribus quis illum distinctio. Qui nulla nesciunt harum facilis laudantium culpa.','Aspernatur et quas labore et qui veniam delectus sint. Consequatur tenetur ea aut sapiente aut minima accusantium. Voluptatem dicta omnis debitis quibusdam nam nihil assumenda.','http://crookstowne.org/','c32c0702-56b9-3ec2-aee5-ec1c67db268c','2014-08-08','2015-04-08 03:51:46','2020-11-26 13:19:04'),(261,'Quia officiis numquam enim.','Nisi et architecto ut impedit facere qui rerum perferendis. Nostrum quibusdam autem consequatur quae tenetur veritatis quam. Libero ut dolorum aut eius consectetur.','Ducimus sed ad impedit amet ut voluptatibus reiciendis. Et dolore quod voluptas sed. Atque illo consequuntur quo accusantium recusandae. Deserunt ex incidunt laudantium non.','http://bosco.net/','71b0c6c6-e42a-3415-bb6c-3441ec2a71c5','2019-01-10','2011-11-09 01:37:17','2011-12-08 06:33:00'),(262,'Ut id aut numquam omnis ab.','Voluptatum earum qui nobis doloribus eveniet. Assumenda vel ut dolor quia quidem cum velit. Voluptas recusandae eveniet alias libero aut et.','Et soluta dolorum ut facere explicabo cumque. Enim repudiandae inventore qui. Sit unde dolorem quam omnis.','http://www.waters.com/','6a4da107-9cab-3da9-afcd-aba659c282f1','2014-12-29','2011-11-09 11:45:41','2016-07-17 07:43:24'),(263,'Voluptatibus voluptas non voluptatum voluptate.','Quod adipisci debitis odio consectetur minus. Aut omnis reprehenderit hic. Nam rerum et dolorum earum non repellendus. Et qui hic dignissimos qui reiciendis saepe voluptate.','Pariatur et quo officiis hic. Nobis illo quaerat dicta quam est molestiae. Nulla dolorem iusto totam nobis minima ut. Qui modi omnis excepturi asperiores ullam ipsam.','http://torphy.com/','c8ab16c6-eff5-3090-959c-e9f534fb953b','2018-07-27','2019-04-03 10:47:07','2021-04-13 15:20:56'),(264,'Voluptatibus odio dignissimos unde autem.','Aperiam aut ad fugit ut. Reiciendis quia inventore minima dolor quod dolor ducimus. Placeat ut quidem excepturi optio amet tenetur.','Ut non similique distinctio cupiditate eligendi praesentium error. Consequuntur est quaerat iste exercitationem nam aut ipsam. Eaque quo nisi et aut autem odio aspernatur itaque. Id magni quasi nobis ipsam explicabo.','http://franecki.biz/','8e506ff9-a7ae-3465-acee-cf3137ad9594','2019-03-06','2016-10-23 06:34:49','2020-07-03 00:45:08'),(265,'Sint hic est officia error est.','Aliquid quis ipsa iste ipsa ipsa cum sequi. Qui eaque dolorem non facere. Laudantium nesciunt qui consectetur est.','Libero sit et sint libero cumque optio reiciendis. Voluptatem sunt corporis reprehenderit. Amet non et odio ipsum voluptatem.','http://jacobirobel.com/','72f4c81f-bfe9-3634-98c6-b8b534295baa','2019-12-11','2012-11-11 07:07:31','2019-10-13 13:37:59'),(266,'Officia officiis tempore sapiente eveniet voluptas.','Voluptatem cum eligendi pariatur qui reiciendis qui. Sint porro cum maiores quae. Excepturi dolores suscipit quibusdam quis dolorem iusto.','Nihil facilis impedit et. Sit asperiores delectus sit.','http://hammes.info/','895db0ec-a6ab-39be-8a91-c5aa8397536e','2011-08-07','2011-07-23 02:37:55','2018-09-01 22:10:39'),(267,'Voluptas odit neque quam numquam nihil.','Expedita doloribus velit et quasi quam occaecati deleniti. Placeat molestias sint culpa autem et molestias. Corrupti molestiae eveniet et similique accusamus. Voluptate quia sed esse ea.','Non est aspernatur expedita. Beatae consequuntur temporibus placeat. Amet deleniti expedita illo eligendi. Aut laudantium officiis molestiae odio rerum et. Consequatur expedita veritatis totam suscipit autem eveniet nesciunt.','http://www.gerlach.com/','c83994f5-dfa3-3768-8563-8dc5e9287fa8','2018-07-03','2018-04-15 14:13:28','2019-03-11 13:11:03'),(268,'Iure molestiae et aspernatur facilis dolores qui doloribus.','Minus nostrum quam possimus quis. Qui ipsa dolore est quod quisquam ut. Cupiditate ut velit autem aliquid aspernatur voluptatem id nemo. Unde architecto modi vel quidem iure quis officia.','Eum ut magni omnis. Commodi omnis saepe nulla ullam dolorum quidem occaecati iure. Tempora voluptatem explicabo suscipit sit officiis sed. Sequi cum animi sint.','http://www.turcotte.org/','19719ade-d700-3e7a-83ec-1421be00467b','2021-03-03','2020-05-03 08:26:27','2021-05-14 18:46:33'),(269,'Labore vero autem aliquid quo.','Aut debitis sit voluptas qui est consequatur distinctio. Quia incidunt excepturi aut soluta a.','Magnam rerum in aut rem earum non. Nam nobis molestias eum voluptate est omnis perferendis autem. Corporis consequatur magni est voluptates laudantium et ullam. Quo magni placeat autem qui.','http://www.champlin.com/','2691a680-ac15-3662-8d9f-526472584c12','2016-11-20','2015-02-20 13:53:04','2021-05-14 18:46:33'),(270,'Culpa recusandae officia sunt magni quia quae beatae.','Architecto assumenda aliquam neque deserunt quae adipisci. Eius accusamus porro inventore excepturi qui. Tempore odio in quam numquam voluptas. Nulla et sed sit.','Aut veniam molestiae dolor atque rerum. Nesciunt recusandae dolorem adipisci quia quia quo et. Eius accusantium laudantium necessitatibus voluptatem est.','http://weissnat.com/','56e51704-da58-3ef1-a71a-0a3d046f630b','2020-12-24','2017-03-25 06:44:36','2017-11-27 19:25:56'),(271,'Facilis qui qui provident aut.','Modi cupiditate qui quos alias. Voluptatum voluptas sunt deserunt saepe et. Qui earum quisquam eum corrupti nihil maxime voluptatem.','Eum rem error in reiciendis. Eveniet molestiae dolor sit nihil tempora. Sed eum aperiam in quaerat. Asperiores commodi tempora esse saepe dignissimos voluptas.','http://wiegandoconner.info/','2b57fca2-a97d-3dbe-90e4-a4ee05f5619d','2015-02-24','2020-03-24 14:37:35','2021-05-14 18:46:33'),(272,'Eius ut optio hic voluptas maiores.','In voluptates numquam sed sed. Officia tenetur est qui nostrum molestias possimus voluptatem ad. Quibusdam optio ea non sit corrupti soluta id. Magnam adipisci qui occaecati quibusdam qui qui nam nam.','Vel ipsa magni officiis iusto molestiae dolore. Molestiae nemo vitae laboriosam sed sint. Aspernatur repellendus quo facere amet ipsam.','http://www.weissnatgleason.com/','ef0ecf6b-152e-3f22-a87b-a2772f930733','2011-07-21','2017-05-29 19:47:14','2021-05-14 18:46:33'),(273,'Odio qui autem debitis velit fugiat veniam ipsam.','Dignissimos facilis architecto soluta. Libero molestiae dicta est sint fuga molestiae modi.','Id et magnam atque voluptate praesentium optio. Nam et tenetur reiciendis. Voluptate dolorem quia voluptas inventore quia ex.','http://rutherfordnolan.com/','9dd8ea08-4bc7-3168-afce-4cf3f0ffb37e','2018-06-13','2013-09-25 03:11:11','2018-03-08 09:13:49'),(274,'Asperiores magni dignissimos sit minus deleniti repellat suscipit hic.','Exercitationem non natus quia aut amet vero. Ut alias delectus ea vel optio molestiae.','Dicta quisquam nobis nihil molestias vero. Est vitae sit omnis consequatur harum maiores illum. Eum maiores molestiae aut.','http://waelchi.org/','79e8a25b-6d73-3683-ba20-d0e53e6a66c6','2014-03-06','2018-02-27 19:03:42','2021-05-14 18:46:33'),(275,'Praesentium itaque blanditiis enim molestiae odit.','Expedita hic dolor et dolores illo omnis. Et fugit debitis dolorem quos ut voluptas.','Quos omnis enim fugiat perspiciatis nulla repudiandae eius. Voluptatibus quia esse expedita asperiores ut ex ea quod. Corrupti ex deserunt velit voluptatem voluptas commodi sapiente aut.','http://www.osinski.com/','c70ad926-ca78-333a-86f2-0ddd4bf030c8','2015-02-05','2019-02-18 21:08:10','2021-05-14 18:46:33'),(276,'Earum ut explicabo quaerat natus nihil ullam.','Blanditiis quibusdam et corrupti corrupti facilis pariatur veritatis voluptas. Delectus impedit ea tempore commodi fugiat. Sed quos aliquid nesciunt quis. Labore et reprehenderit voluptas ut.','Qui sit ea maiores vel in. Laborum voluptate consequatur dolorem autem accusantium quia cumque. Non aut aspernatur qui. Et et fugiat et voluptates quidem.','http://www.kerlukeheller.biz/','c4a0fee3-2350-3c3a-ac18-558e10b5c5f0','2012-06-10','2014-05-27 02:50:19','2021-05-14 18:46:33'),(277,'Velit pariatur voluptas dignissimos iste rerum quos voluptatem.','Et vitae amet aut perferendis. At dicta temporibus est. Fugiat sapiente inventore nulla molestiae et veritatis. In et voluptatibus ut exercitationem. In deserunt inventore perspiciatis deserunt corrupti facere est.','Perspiciatis fugit nobis molestiae sed. Iure minus sit consequuntur ad. Eos perspiciatis eius sunt non voluptas repellendus. Id sunt rem sit maxime inventore recusandae nemo. Aut doloribus est blanditiis.','http://hahngulgowski.com/','a7783aa1-9def-3eed-9aed-73da9a2c688a','2016-05-04','2011-07-15 03:34:19','2015-08-25 13:03:03'),(278,'Consequatur inventore cupiditate nesciunt qui qui aut.','Aliquid velit optio commodi sint. Ipsa sed natus velit reiciendis recusandae voluptatem. Ratione error dolores impedit eveniet nihil quibusdam est consequuntur. Provident consequatur eos debitis dolorem rerum eum aliquid cum.','Odio vel cum dolores consectetur rem. Ut est vero qui dolorem aut vel cupiditate. Voluptatem quas quis deserunt officiis velit rerum.','http://www.runolfssonwolf.com/','b5cc11ac-6f75-30b7-9fe9-e6dc1234befb','2012-12-12','2016-12-08 06:19:37','2017-01-30 04:01:21'),(279,'Delectus inventore et error ipsam fugit asperiores molestiae veritatis.','Aspernatur tempora vitae molestiae. Est ducimus et non molestiae iste quia perspiciatis. Quas quos qui consequatur ut iusto eum nulla.','Assumenda fugit sint sit error ex voluptatem maxime earum. Aut quis architecto numquam consequuntur sunt. Vel expedita atque ut assumenda repudiandae quo.','http://howe.info/','acb88ce8-6223-372d-98ff-459d6827e468','2014-02-11','2019-04-07 15:22:24','2021-05-14 18:46:33'),(280,'Reprehenderit ut qui incidunt voluptate maxime sed.','Ut vitae praesentium facilis soluta natus porro. Ex libero ad omnis. Et qui ipsum atque asperiores et est enim.','Officiis nihil saepe rerum eos sed voluptatem. Dolorum fugiat voluptas sapiente quia. Aliquam nemo molestiae libero sit.','http://schmittroberts.com/','acd0e5fc-4880-3f37-ac57-411c7a252b31','2018-12-09','2020-12-08 12:54:10','2021-05-14 18:46:33'),(281,'Libero accusantium quisquam autem incidunt.','Maxime magnam molestias alias harum. Et molestias nemo iusto sequi iure qui soluta. Ut ut quidem impedit dolorem sed beatae sunt ut. Dicta voluptas eius qui similique enim odio nisi.','Maxime rerum itaque qui dolor. Labore ea et enim est. Aliquam recusandae natus non. Sed magni sed accusantium laborum.','http://fadel.com/','508a5a79-08f6-3f57-bde5-0de69812e7ea','2016-06-26','2020-08-25 03:48:03','2021-05-14 18:46:33'),(282,'Laborum aperiam fugiat deserunt necessitatibus.','Blanditiis distinctio dicta labore praesentium minus rerum laboriosam. Consequuntur possimus provident voluptate dolor impedit debitis. Accusamus reprehenderit provident hic porro velit suscipit eveniet qui. Id quasi aperiam expedita architecto ipsam','Quia reiciendis id veritatis aut est a ut. At quas ipsa aliquam fuga possimus. Quo non consequatur qui. Possimus et quis officia.','http://mckenzie.org/','c21405ec-1055-3e8e-a0df-61f5055935d3','2016-03-06','2017-01-05 22:33:21','2020-11-04 16:13:00'),(283,'Quisquam facere suscipit fugit nobis.','Aut et voluptatem qui est qui itaque voluptatem et. Odit vel repudiandae quia et. Vero magnam eius qui eum.','Consequatur quisquam non aut consequatur officia quibusdam nobis. Repellat eum aut quaerat sint excepturi quibusdam fugiat commodi. Incidunt ducimus voluptas quis.','http://feeneywilliamson.com/','def8453c-7212-3cea-b074-1d29b656e4aa','2012-05-02','2017-07-04 22:42:04','2021-05-14 18:46:33'),(284,'Velit eligendi doloremque non distinctio.','Commodi odio quis quia consequatur. Voluptatem sed odio quis quisquam sint. Veritatis omnis esse sed eligendi dolores quo. Vero velit enim temporibus.','Quod recusandae aut numquam eos est. Et est architecto totam. Ut qui pariatur voluptatibus dolor labore. Mollitia impedit voluptas voluptatem.','http://johnston.com/','81dd71c8-db3f-33e8-a862-5c68fa9e11ff','2014-05-31','2012-02-04 07:26:48','2020-02-05 02:56:18'),(285,'Neque voluptatem ipsum suscipit et.','Dolores dolor sed eaque placeat sed. Magni minus ut maxime cumque. Et repellendus unde ut. Ex quam deleniti delectus est beatae.','Aspernatur iste maiores eius earum veniam commodi. Cupiditate sunt beatae enim. Eum ea vel magnam dicta qui voluptas reiciendis aut.','http://koch.com/','26dd99ae-ba33-3b4a-85c3-1d1e3f38f316','2018-08-06','2020-02-04 15:12:14','2021-05-14 18:46:33'),(286,'Veniam quis quisquam ut adipisci est laboriosam eum.','Nulla praesentium velit excepturi aut cumque non. Excepturi corrupti illo ea maiores illo. Consequatur tempore neque aliquam quis quis commodi. Nulla natus necessitatibus nostrum ducimus repudiandae quasi molestias.','Occaecati laudantium nostrum corporis sint. Non saepe explicabo sequi vitae asperiores atque eos quibusdam.','http://www.beckerwest.com/','f993e66f-a496-3c61-8537-cce2f03a7e52','2020-12-31','2017-08-27 15:59:47','2018-05-16 13:52:15'),(287,'Magnam cupiditate molestiae itaque voluptatem corrupti aperiam.','Possimus eum enim non id quo. Similique eos voluptate enim voluptatem ipsam fugit voluptas. Aut est est saepe beatae rem et.','Maiores quam dolor facere voluptatem atque aliquam. Dolorem reiciendis autem distinctio minima. Laboriosam neque iste voluptatem quo omnis. Voluptas ad ducimus quia eligendi deleniti reiciendis.','http://www.christiansen.com/','964ad332-908c-3640-8e97-8a019e75450a','2019-03-29','2017-12-08 13:33:51','2021-05-14 18:46:33'),(288,'Quia facilis sed qui sit consectetur facere.','Et saepe enim nostrum error. Voluptas occaecati alias ut nemo et dolore ex. Autem alias animi dolor aspernatur corrupti sapiente. Architecto saepe voluptatibus praesentium quis dolor rerum sed voluptatem.','Repellat eos provident nihil nulla. Est voluptatem et officia officia ut neque. Possimus ex placeat a corrupti quia beatae minima.','http://www.haag.com/','1f7e7231-0a65-3fc6-9c16-21c7f5822a9b','2019-06-16','2012-06-03 15:10:54','2021-05-14 18:46:33'),(289,'Aut ut rerum harum unde ut ea commodi.','Enim saepe velit perspiciatis non sit nisi. Quos perferendis minima vitae laboriosam iste animi velit. Ut distinctio itaque cum. Qui qui illo quaerat inventore quae natus sint. Nihil eum aut vitae beatae ut reiciendis.','Voluptates animi ducimus dolorem odit quidem ut omnis. Dolores fuga quam aut veniam rerum dignissimos voluptatem. Qui sint accusamus velit quaerat sit laboriosam et odit.','http://considineconn.com/','153a2457-e222-37e4-859d-7453f7b7edfb','2016-05-03','2012-09-17 06:12:59','2014-10-09 08:32:26'),(290,'Et id a aliquid recusandae itaque.','Exercitationem repudiandae eos reiciendis pariatur. Molestias neque nihil omnis. Dolorem facilis aut totam sit.','Eum vero quasi ut qui est suscipit quod nesciunt. Neque beatae necessitatibus aut molestiae cum laudantium iste. Voluptas dolores eos animi qui. Optio sint nobis vitae vel repudiandae sed sit.','http://walkerstamm.com/','21a4cdd4-22bb-3489-80e1-da958bdc21a6','2013-01-21','2020-02-21 11:54:26','2021-05-14 18:46:33'),(291,'Reiciendis porro dolor sint maxime.','Qui quis et qui esse. Et reiciendis atque dolor repudiandae eum libero. Itaque aut accusantium mollitia et quia aut qui ab. Quia impedit saepe corporis vero sit et saepe.','In recusandae et dolore labore excepturi ut mollitia aliquam. Maiores iusto inventore voluptatem voluptas.','http://www.quitzon.net/','30f2232d-fc4a-37ab-bf0a-2f6b83727f48','2020-11-01','2016-01-05 08:12:38','2021-05-14 18:46:33'),(292,'Non assumenda sapiente quia aut velit praesentium sit.','Sint voluptatibus explicabo explicabo odio cum. Dolore minima nesciunt recusandae consequuntur est soluta dolorem nemo. Modi fugiat fuga voluptas exercitationem in hic corrupti sit.','Est accusamus recusandae magni recusandae vero. Et quam iure itaque tenetur omnis. Dolores numquam molestias voluptatem qui eaque enim. Ipsa laudantium accusamus nisi vero laboriosam iusto accusantium.','http://kuvalis.com/','3623bf97-4232-3565-82f4-7ebed7ccfd7a','2013-08-16','2018-02-23 01:46:19','2021-05-14 18:46:33'),(293,'Qui est impedit molestiae atque ullam ad.','Ad omnis ducimus ut laborum. Optio dolorum rem enim accusamus eaque. Sint quia velit soluta qui ab. Ut et expedita reiciendis quos perspiciatis eum sequi.','Accusantium rerum quia rem itaque nesciunt. Quos dolor nisi labore iusto aspernatur voluptatem. Deleniti incidunt quasi dolor omnis neque porro sint. Qui eum nihil error voluptatum quis vitae consequuntur.','http://www.robel.com/','81d0c85b-ba94-3104-81f7-db907b9026d6','2011-12-22','2012-01-30 09:02:54','2018-07-30 16:53:21'),(294,'Iure nisi non sed vitae quos quia.','Eos esse qui est placeat consequuntur et. Eligendi error veniam ipsam repellendus quod molestiae architecto. Tempore distinctio ipsum aut corrupti est.','Porro maiores ea corrupti dolore. Vel harum ipsam et quod cumque recusandae. Ut perferendis et nam molestiae aliquam hic. Sint iusto id omnis animi cum magni ex.','http://www.macejkovic.biz/','470331b0-622a-3c95-88a0-274eb50fe446','2016-01-06','2018-09-29 19:00:38','2021-05-14 18:46:33'),(295,'A beatae sit assumenda voluptas.','Ut eum at totam qui ullam fuga quas magni. Et consectetur tempore perspiciatis quo quo. Dolores repellat vero est inventore eos quis ipsum. Excepturi quasi quibusdam nemo dicta id quia.','Velit asperiores sed voluptatibus cum non aut. Unde nam animi expedita inventore est molestiae. Quam consequatur reprehenderit iusto rerum recusandae perferendis. Id perspiciatis necessitatibus sapiente a molestiae.','http://lehner.net/','531ce7df-b9ad-3b79-9d59-5e364a5ee443','2019-11-07','2020-04-27 20:45:48','2021-05-14 18:46:33'),(296,'Ea debitis sunt quia tenetur delectus minima.','Assumenda fugiat beatae quia saepe sint ipsa consequatur autem. Culpa et laudantium ex et. Autem aut dolore et est saepe delectus qui.','Quod optio soluta magni est aliquam quam quam. Aut adipisci repellendus nobis corrupti neque. Perferendis mollitia omnis esse accusantium.','http://www.doyle.com/','2a60bb43-869e-3122-8690-f9010d66f524','2018-09-13','2020-08-05 14:06:39','2021-05-14 18:46:33'),(297,'Aut ducimus cupiditate voluptate odit.','Quibusdam laudantium eaque inventore earum neque sed repellendus. Voluptatem nemo est est quos. Nesciunt culpa et iste est soluta repellendus.','Aspernatur quis voluptatibus quas ipsum est ad. Veniam et qui natus distinctio veniam est sint. Facere voluptas distinctio quod earum numquam voluptas animi. Voluptate non ex veniam id inventore nisi dolores.','http://pfannerstill.com/','5cd3bfbf-840c-31cb-b8bd-30c9df22c77c','2019-08-27','2019-01-15 01:56:10','2021-05-14 18:46:33'),(298,'Alias ipsum inventore quidem.','Mollitia quo est ut quia provident aut delectus. Quis fuga commodi et quo nobis exercitationem sed voluptas. Perferendis eum nihil fugiat consequuntur alias est.','Vel rerum dolores natus. Blanditiis quia sit provident et qui sapiente. Sed vero placeat recusandae quis sed vel et. Non et id optio voluptatem quas est.','http://www.gerhold.net/','fabc800a-141a-3ea3-bf51-af2b0eebd06b','2015-10-05','2011-08-17 23:43:40','2014-12-20 17:02:23'),(299,'At natus tempore tempora in corporis.','Neque modi sit ut eius dolorum. Est qui et nihil quia non consequuntur. Impedit libero rerum nemo consequatur.','Quos commodi voluptates ipsum ea accusantium. Est amet delectus quam natus sint. Iure illum maiores laudantium aut ut quaerat. Distinctio tempora ad voluptas nostrum magni.','http://www.lowe.com/','fbf2cbd4-618f-369e-8224-d358fece402b','2012-05-13','2018-01-05 20:30:10','2021-05-14 18:46:33'),(300,'Aut et deserunt doloremque nam.','Expedita optio qui libero fugit sed. Et tenetur voluptatum sequi magnam. Neque nihil cupiditate eius quaerat dolor odio. Ratione aliquid placeat aut et harum soluta quo.','Sed laborum modi ullam quia laborum atque enim. Deserunt qui est impedit ea aut dolorem. Nihil vero rem laudantium aut dolore. Maiores quia ut aut aut quia. Et repellat officiis repellendus eveniet.','http://www.konopelski.com/','725abc5d-2f64-343f-ab2b-d2152413d13b','2012-01-05','2013-01-19 08:54:27','2017-05-08 15:35:14'),(301,'Sit velit et consequuntur consectetur.','Reiciendis et non sed qui doloribus veritatis quis ut. Voluptatem porro amet unde qui quibusdam. Rerum ea dolorum vel id sit. Ut deleniti sapiente ut ut doloribus qui debitis.','Libero vel quis molestiae. Repudiandae aut quo optio aut eaque. Et iure suscipit cupiditate. Est eos odio nisi commodi.','http://www.andersonbahringer.com/','76d45bbf-cd14-343b-99f5-6f99bbe59c8a','2011-09-29','2017-11-13 19:51:46','2021-05-14 18:46:33'),(302,'Ratione nihil dolorem dignissimos nisi ipsa.','Dolores ut facere animi et aspernatur. Qui consequuntur est quae. Et minus consectetur est.','Provident dicta et nobis explicabo eaque tenetur voluptas eaque. Numquam ut molestiae laborum et libero sint. Illum iure voluptatem culpa deleniti illum dolores.','http://www.nikolaus.com/','c89f5e19-a36f-3bb4-bfd9-fb3815c76586','2019-07-30','2011-07-26 13:11:41','2018-05-04 19:15:24'),(303,'Beatae id consectetur dolores distinctio quis odit.','Aliquid officia delectus sequi maxime ratione. Sunt ab sunt tempora nisi amet aliquid eveniet. Ut inventore voluptas nisi repellat expedita iure. Velit atque incidunt perspiciatis suscipit tempora quam.','Voluptas qui ut autem earum debitis ullam cumque. Enim aut eum consequuntur omnis vel ab minus. Quia ducimus facere voluptatibus molestiae.','http://www.rogahn.com/','07ba50bb-6eed-341e-b0e3-470b96fbdc28','2012-02-06','2019-03-09 14:50:44','2021-05-14 18:46:33'),(304,'Quo explicabo libero expedita.','Ut consequatur iste vero repellat. Non impedit voluptates aut eius at quos. Placeat distinctio velit ut numquam soluta.','Consectetur maiores incidunt nemo dicta consequuntur nostrum et. Tempore sit voluptatem aliquam deserunt. Dolores temporibus ex rerum veritatis tempore architecto perferendis ullam. Fugiat sapiente qui omnis enim nobis quaerat.','http://www.beer.net/','1d700804-5232-3c41-8d9c-4ebccbabb35e','2012-08-30','2016-04-05 16:29:30','2021-05-14 18:46:33'),(305,'Assumenda laudantium fugit veritatis deleniti vel blanditiis accusantium temporibus.','Beatae mollitia aut aliquid at eveniet tempora dolores. Animi earum dicta dolor asperiores in. Praesentium aspernatur ut totam enim.','Dicta ducimus expedita et quod exercitationem magni. Qui quas aperiam eaque natus ab aut corporis.','http://skiles.com/','b72556da-0bc2-32c2-86df-33dc4e21ab4d','2011-06-24','2018-03-18 18:15:16','2018-03-26 00:33:10'),(306,'Voluptas ratione voluptatibus recusandae et.','Quae distinctio dolore perferendis rem fuga non. Et repellat labore laudantium nihil recusandae. Voluptates perspiciatis quia id et id. Soluta quidem molestiae et.','Vitae asperiores atque possimus eum praesentium nulla repellat. Inventore ut aut repudiandae id nemo id amet. Qui omnis ut laboriosam rerum ea mollitia. Aspernatur vel quasi ad.','http://www.runolfssonhand.com/','c7be2511-3a10-315a-8d52-ada4db7db1a0','2019-09-20','2016-05-04 09:06:11','2016-08-06 21:23:17'),(307,'Deleniti exercitationem qui alias consequatur.','Quos et tenetur ut non. Dolorum ipsa expedita doloremque asperiores illo recusandae. Et deleniti cupiditate sit veniam neque repudiandae. Facilis qui a eum maxime voluptas.','Est quia qui quo et soluta ut fuga. Quia libero modi enim quis sunt. Voluptatem ducimus et fuga at at. Minus ut non nam sapiente eius quia quae eaque.','http://cormier.com/','71492a74-fd62-3383-8242-f40465449895','2017-10-12','2012-03-20 20:51:28','2014-12-13 21:45:18'),(308,'Blanditiis sit sunt fugit non.','Impedit voluptatibus voluptas est quidem explicabo nobis harum. Dolorem itaque illum in architecto. Totam magnam dolor enim occaecati sequi fugiat vero.','Cumque autem eum blanditiis nobis quo in. Tempore tempora libero quae assumenda aut et quis. Quo perspiciatis blanditiis est deleniti.','http://www.torphy.biz/','44f478dd-33a4-3153-b515-2990ac66863a','2015-01-18','2020-12-09 21:15:20','2021-05-14 18:46:33'),(309,'Non voluptate deserunt neque deserunt aspernatur aut.','Aut magni voluptas accusamus cum et enim quidem. Fugiat dolorem magnam et doloribus repellat. Quae nam molestias fugit autem dignissimos. Voluptatem sunt veritatis possimus reprehenderit.','Et enim incidunt in vel sed modi odio. Provident magni occaecati quia excepturi saepe. Ut delectus commodi fugiat aut officia.','http://buckridgecarter.com/','c03158bf-27ca-3787-a108-f75fba769a57','2019-05-05','2014-10-16 13:34:45','2015-08-10 06:17:29'),(310,'Error consequatur a perferendis sint sapiente repellat.','Mollitia dolor ipsa iusto nisi. Ut beatae sit ut laudantium. Quia totam asperiores molestiae. Temporibus dolores officiis culpa et est quia ut. Aut consequatur vero eveniet repellendus eum aut.','A voluptates nulla quia id aut rerum eos sint. Alias consequatur sint eos amet magni. Ut consequatur nesciunt illo sit non. Nostrum et aut occaecati voluptatum quisquam fugiat.','http://www.koeppkemmer.com/','952be76e-aab5-3271-aa28-7fbf97c1672d','2015-07-08','2013-12-30 13:26:09','2021-05-14 18:46:33'),(311,'Ea saepe quas sed accusamus.','Error voluptas nemo dicta et. Quis qui et ut voluptates. Quae eos distinctio fugit corrupti et accusantium quaerat. Officia et repellat officia exercitationem nulla qui.','Dolorum aperiam tempora error enim reprehenderit. Vero ut similique quidem blanditiis est. Quo ut distinctio earum.','http://zboncak.com/','e6b453d6-be0a-3ebf-bb64-ece3a46f5362','2015-03-05','2013-08-17 16:02:24','2018-06-19 07:32:00'),(312,'Qui vel laboriosam ut culpa ab excepturi est placeat.','Qui non vero ut repudiandae ut quas distinctio. Voluptatum vitae sed quis iure minima perspiciatis. Magni incidunt voluptates commodi molestiae fugit eos impedit recusandae.','Alias voluptatem ut delectus est perspiciatis dolores voluptate. Et error consectetur aut deserunt. Reiciendis excepturi optio alias.','http://www.stehrdietrich.com/','51b0e312-9692-3b68-a5b7-ade28d528ca2','2011-08-09','2019-06-28 21:02:12','2021-05-14 18:46:33'),(313,'Aut est vel veniam beatae hic hic esse.','Et quaerat et saepe aut. Qui dolorem voluptas voluptas.','Non esse odit aliquam vero. Eos qui aut suscipit qui et. Totam nostrum accusamus est.','http://turnerlueilwitz.com/','652d6ae2-e1c9-3b68-b892-c45ec00ffc0a','2014-12-09','2015-02-09 23:02:55','2021-05-14 18:46:33'),(314,'Incidunt architecto iure exercitationem repellendus saepe veritatis alias.','Dolorem quam nihil adipisci qui mollitia. Quia et rerum expedita quas.','Assumenda reprehenderit quos rerum sit nostrum. Id placeat labore temporibus eius et ipsum ducimus. Nostrum reiciendis et pariatur saepe impedit.','http://www.lefflerlesch.info/','7f91643a-3775-3beb-831c-1996be62d2c9','2017-01-18','2013-05-29 03:04:00','2016-10-28 19:51:01'),(315,'Quidem a dolorem porro adipisci magnam quis.','Temporibus asperiores totam doloribus illum dicta. Atque ut amet ea error. Porro perspiciatis nisi quia doloremque.','Eius inventore non a voluptas. Adipisci dolorum optio voluptatem modi. Nisi tempore temporibus rem. Laboriosam et sed vero qui tempora ut natus et.','http://padberg.biz/','c42535f3-24ff-3622-a1bb-933e13f38c7b','2014-08-08','2021-04-04 15:41:48','2021-05-14 18:46:33'),(316,'Sapiente necessitatibus vel hic non dolorum repudiandae iure.','Laboriosam excepturi architecto aut autem maxime. Dolorum quis cumque aut labore suscipit molestiae illo aspernatur. Id quisquam architecto voluptatem assumenda voluptatem.','Repellendus consequatur delectus sint et occaecati officia. Ut libero sunt est non aut tenetur. Earum commodi est natus doloremque ad maxime. Quaerat et voluptatem consequatur et eum maxime.','http://bergstrom.com/','11d27441-ab91-3814-9264-0e9edbede508','2012-09-04','2018-10-15 14:33:30','2021-05-14 18:46:33'),(317,'Qui ipsam deleniti molestiae non nulla.','Accusamus ipsam asperiores quod sapiente unde quae autem ipsum. Eos itaque dolorum a illum. Quasi ut deserunt ut at at ullam accusamus harum. Aut quos debitis ad omnis.','Eaque blanditiis velit qui eveniet est voluptas. Recusandae molestiae eaque nulla libero quaerat sint. Impedit fuga tempore debitis ut perferendis rerum dolorum odio. Voluptates quam et atque.','http://www.quigley.net/','22a1729a-c98e-3c33-8cf5-cedad6c9eb1c','2016-11-06','2016-04-16 13:13:40','2018-03-22 18:29:23'),(318,'Et consequatur est qui enim deleniti eius reiciendis qui.','Aliquid voluptatem optio totam at. Nam fugiat nobis debitis necessitatibus impedit quia. Esse odit minima perspiciatis qui at error omnis. Aut cumque distinctio molestiae non delectus nostrum id. Autem dolores sunt qui.','Omnis consequatur suscipit facilis ullam dolorum quia aspernatur id. Molestiae deleniti distinctio nesciunt quae. Mollitia neque quia perferendis soluta.','http://www.rodriguez.com/','bf510beb-b69f-3683-b4c9-eec91bb68484','2016-05-05','2019-07-04 11:35:32','2021-05-14 18:46:33'),(319,'Aut perferendis culpa rem quam.','Fugiat deleniti ut voluptatem consequatur placeat. Exercitationem earum mollitia enim.','Omnis atque aspernatur consequatur officiis officia deserunt doloremque debitis. Temporibus unde ut adipisci id impedit quia necessitatibus unde. Similique fugiat sit et est voluptatem architecto deleniti. Ad iste eos eius est doloribus.','http://brakus.com/','a3018742-8a92-3e90-83a2-87e07b2c9c42','2017-04-11','2018-02-28 07:23:55','2021-05-14 18:46:33'),(320,'Autem fuga et ut.','In accusantium repudiandae nostrum animi id ut praesentium. Odit voluptatem et veniam ipsum sint. Voluptates autem beatae nam accusantium laborum. Eveniet possimus cum et veniam provident.','Id consectetur exercitationem mollitia reiciendis provident. Cumque aut temporibus aut iste aliquam illo aspernatur debitis. Porro voluptas eum ab repellat iure. Id quibusdam rerum voluptatem tenetur numquam.','http://www.bergstrom.com/','a2da452a-c391-3b9b-94f7-cc3adba7c91d','2016-03-25','2018-07-24 21:07:04','2019-10-07 08:16:17'),(321,'Voluptates aliquid et et omnis.','Eos consequatur odit quibusdam quos. Sed sed blanditiis molestiae ad pariatur architecto. Repellat quo voluptas dolor cum quis qui.','Suscipit numquam impedit animi iste. Quisquam sunt cupiditate voluptatem itaque ad quae voluptatem. Modi a sunt explicabo quo deserunt. Dolor in aut omnis aut quam sed totam. Ut illum alias et exercitationem.','http://www.larkin.com/','6c589548-8f26-37c3-98de-ebc79f9b21db','2016-11-17','2021-04-15 20:19:08','2021-05-14 18:46:33'),(322,'Quod animi laudantium a delectus aut.','Vitae quo ut reiciendis vel mollitia veritatis ab. Alias minima sed ea ut est sunt esse. Quia amet nostrum quo tempora.','Pariatur consequatur voluptatem cumque libero sed. Molestias debitis saepe est nihil. Debitis saepe minima quae voluptatum sit. Quia quia fugit nam sed odit quia. Temporibus quo qui ipsum.','http://terry.com/','1c9e2747-e6a9-3870-8064-e2a06f11303f','2019-12-18','2019-03-04 15:37:30','2019-03-19 16:48:06'),(323,'Architecto suscipit eaque sequi repudiandae.','Quasi corrupti veniam quia aspernatur expedita ut. Enim qui et est magni reprehenderit sit officia. Sit accusamus dignissimos vel ex sit praesentium. Et sint corrupti dolor et illo similique.','Laboriosam qui recusandae atque. Eius libero velit hic ut. Ratione quia officiis dolore enim accusamus necessitatibus. Eum velit quo maiores sit autem. Asperiores sed laudantium itaque sint.','http://yost.com/','de2da031-ce42-3293-a05e-76494b4411d9','2014-11-16','2017-12-01 13:48:41','2021-05-14 18:46:33'),(324,'Corrupti enim sunt sit.','Placeat quidem est doloribus id quam illo. Illum ut dolore eveniet iste fugiat laudantium. Ipsa reprehenderit quod temporibus sit exercitationem sit.','Ad officiis voluptatem quasi blanditiis nobis deleniti. At tenetur et porro quae necessitatibus.','http://www.kulaskutch.com/','4dd83406-43d3-300e-a5df-0bb0b6fd2182','2017-11-19','2020-02-27 12:18:27','2021-05-14 18:46:33'),(325,'Ut laborum rerum sint reiciendis reiciendis.','Atque vel ducimus assumenda. Asperiores veritatis ut dolores quibusdam ducimus minus sit. Porro quas nobis accusantium ea aspernatur.','Et dolore delectus suscipit minima vero. Velit quae laboriosam voluptas adipisci autem ut. Nihil maiores itaque est et architecto iusto et et. Debitis error doloribus error et dolorum.','http://marks.org/','bdd21484-7f70-392e-b41d-42bc698cd198','2015-08-04','2021-04-12 05:33:07','2021-05-14 18:46:33'),(326,'Ab voluptatem ut saepe blanditiis eum non.','Et perferendis aperiam dolorum omnis itaque aspernatur. Qui iure explicabo quis omnis. Autem voluptatem ut soluta ut in velit. Vel optio nulla dolor sunt possimus optio.','Ipsa alias ut aspernatur nemo voluptas. Libero nesciunt saepe amet omnis nisi quia. Ut dolore dolor ut veniam accusantium quo adipisci. Sed velit qui a facilis.','http://littlekeeling.com/','c0bf31eb-65cf-3476-9768-ed8b15179dcc','2017-03-25','2020-09-02 05:48:46','2021-05-14 18:46:33'),(327,'Cum beatae reprehenderit deleniti nam illo non accusantium exercitationem.','Velit hic quia dolor vel ullam ut dolores. Ut unde recusandae earum. Ut est recusandae distinctio. Consequatur qui qui voluptatem expedita.','Quidem fugiat rem fugit maiores soluta est. Quidem est eaque impedit ducimus. Fuga necessitatibus reiciendis praesentium. Rem autem ut qui repellat quam. Omnis quia repellat qui provident voluptatem aliquid rerum.','http://larkin.biz/','16bc16d1-47b6-3c63-b926-803ca5abd11e','2011-08-29','2016-03-26 04:14:24','2020-11-29 17:25:36'),(328,'Quas sed error nihil facere.','Aut quia quos quibusdam velit. Excepturi eum dolor sit dolores eos optio. Facilis pariatur et rerum et est quas voluptatem nulla. Veniam ut non nihil sed et aut et.','Suscipit esse molestiae corrupti velit. Velit nam quam quaerat et nemo vitae neque. Nisi deleniti doloremque tenetur doloribus nobis quia ut omnis. Repellendus mollitia voluptates non recusandae ducimus.','http://www.kinggottlieb.com/','686bcc6b-4d87-3e66-8c1e-98e4ae0f9f99','2011-10-30','2020-12-10 03:32:35','2021-05-14 18:46:33'),(329,'Nihil qui ad incidunt illum ut explicabo.','Commodi deserunt soluta nihil voluptatibus aut. Eos quod atque ut voluptas minima eligendi. Amet placeat saepe non quia debitis sit. Repellendus libero dolorum aut eius sunt perspiciatis accusamus mollitia.','Ad quo fugit repellat ut iure sed aut. Minus ea natus omnis veritatis. Cumque veniam et illum.','http://upton.com/','19b7fb9a-85c7-34e6-8829-bcf68f022ec5','2021-03-30','2011-07-27 18:46:58','2017-08-19 23:05:41'),(330,'Ducimus sed similique ducimus consequatur maxime quia quas officiis.','Doloribus sed fugit eius illo. Et nobis blanditiis laborum alias eos. A error aspernatur quis veniam dolores.','Distinctio laudantium suscipit similique aliquam enim enim. Nisi molestias dicta ad quia. Minima ex excepturi molestiae nemo tenetur voluptatem vero. Laborum inventore eum mollitia expedita.','http://gislason.info/','f9db7fb0-24f0-3b95-b170-59e9d2de184b','2012-09-30','2020-02-13 20:38:21','2021-05-14 18:46:33'),(331,'Quia ad explicabo tempore labore et.','Quae rerum molestias sint atque omnis inventore. Molestiae unde dolorem qui in. Nulla ad itaque fugit ab expedita laboriosam officia. Tempore occaecati voluptate deleniti ut rerum nostrum accusantium perspiciatis.','In sunt consequuntur dolores earum iste voluptatem in aut. Sint debitis cupiditate nobis ea minus dignissimos aut. Officia voluptas et quaerat aut totam.','http://simonis.org/','496aa1a1-d46c-3648-a2d7-d488a84dea65','2019-11-13','2015-08-11 19:00:13','2021-05-14 18:46:33'),(332,'Ratione pariatur non sed voluptatem autem voluptatem.','Facere ex sint doloremque dolor est facere. Eveniet velit omnis rerum omnis quos et et. Cumque voluptatem ea numquam est repellendus.','Architecto labore tempora et et nulla. Rerum quo voluptatem magnam voluptatum in in. Nam quos tempore est culpa non.','http://www.schiller.info/','56a2ae84-2cde-369b-91dd-c0106f96d09f','2019-09-05','2014-03-07 20:45:12','2021-05-14 18:46:33'),(333,'Quo facilis rerum dolore sapiente et.','Ut rerum ea rerum ab. Mollitia vel maxime voluptatem qui praesentium corporis. Quia perspiciatis exercitationem recusandae temporibus. Voluptatem quam aut nostrum veritatis ut eveniet esse.','Voluptatem nisi doloribus inventore placeat. Eum eveniet voluptate sunt autem. Incidunt ipsum dolores itaque. Officiis velit fuga fugit consequatur accusamus qui tempore.','http://www.mante.com/','2da641ef-7d37-3674-b141-d29486d4d6bd','2012-09-11','2013-10-18 03:58:35','2018-06-13 19:06:27'),(334,'Ad et autem sint cupiditate.','Accusamus ut saepe omnis hic eius. Aut harum autem placeat eaque. Iste ut assumenda eveniet repudiandae.','Eos et sed voluptas adipisci quaerat et veritatis. Dolor eos itaque consequuntur enim voluptate. Suscipit minus sunt aperiam. Delectus id dolor ea quasi magni officia reprehenderit.','http://www.herzog.com/','b436bb0a-5b69-3428-b2e5-b6791043be8a','2021-04-06','2019-05-24 09:59:27','2021-05-14 18:46:33'),(335,'Qui voluptas sunt beatae excepturi sunt.','Sit odit dicta optio eum. Et quaerat dolorem in animi ut.','Ipsum accusamus sed voluptatem exercitationem sit in. Omnis ipsa eos quasi nihil. Velit tempore voluptatum quidem aliquam voluptatem cumque autem ut.','http://www.jaskolski.com/','1ab1828e-6728-30d9-92c9-eb8d6dd5a4b9','2021-05-01','2020-04-23 12:13:18','2021-05-14 18:46:33'),(336,'Voluptatum similique fugiat et autem itaque dolor magni.','Aut atque est nihil. Incidunt inventore qui maxime quae sint ea unde. Dolores et dolores dicta commodi iusto.','Ut quia quos eos quo cumque harum repellat et. Voluptatum et cumque pariatur. Sit voluptas ducimus velit adipisci.','http://www.beer.info/','fbf76e51-bd53-3da2-af7b-dcc8f1efc5de','2011-05-16','2014-08-16 11:13:38','2019-03-04 04:22:52'),(337,'Consequatur dolorem incidunt ipsa dolores numquam quam.','Rerum ipsam illo dignissimos est. Alias nulla quia sunt vel. Eius animi voluptatibus accusantium illum placeat adipisci molestiae.','Vero harum non maiores nihil voluptatum sint dolor. Deleniti distinctio labore doloribus maxime ab aut aut. Aspernatur blanditiis eos laudantium nihil. Vero maxime optio in excepturi culpa sed nam.','http://corkery.com/','37c6339f-37e9-3da3-844a-0d78d749a99a','2012-02-16','2017-04-15 16:50:11','2021-05-14 18:46:33'),(338,'Id nihil ad deserunt mollitia.','Rerum et nihil iure totam quis maiores voluptates. Sint eos aut aut cum qui. Cum neque libero consequatur ipsa mollitia minus quidem.','Atque omnis esse debitis doloremque quasi veniam. Illo saepe occaecati est at nulla porro ipsam molestiae. Commodi sunt sint ut adipisci recusandae quis animi. Minus non id sed fugit qui.','http://www.romaguerakulas.com/','64fadd30-9721-3f64-befc-d685e1c26199','2016-08-30','2018-04-03 16:15:15','2021-05-14 18:46:33'),(339,'Sunt nulla animi ipsam doloremque minus quia laborum laborum.','Aspernatur et et et laboriosam porro eos. Veniam accusantium at autem. Placeat accusamus enim incidunt. Ratione vitae facere quaerat libero cupiditate aspernatur nesciunt.','Dolor nesciunt mollitia reprehenderit molestiae exercitationem. Repudiandae aliquid quidem vitae est nesciunt enim rerum. Magnam et voluptas ipsum perferendis dignissimos.','http://torphyward.com/','f4cc4a92-c1ce-3129-b19b-841d7663a327','2020-10-22','2016-12-16 14:58:48','2017-05-17 01:55:50'),(340,'Voluptas saepe tenetur ipsam.','Cupiditate dolor ea voluptatem temporibus dolorem quibusdam tempore. Voluptatum quia laboriosam ut fugiat omnis. Qui eaque ipsa minima repudiandae sit saepe. Ipsam numquam dolorem fugit.','Voluptas enim repellendus modi beatae repellat autem similique. Veritatis ut minus neque fugiat similique iure. Expedita voluptatem reprehenderit omnis quod. Non sint omnis consectetur tenetur quae in.','http://carroll.com/','82abcf99-8a2a-3ba5-8838-8a3b0d7346af','2012-04-17','2019-04-23 14:59:20','2021-04-18 14:47:25'),(341,'Qui sed nisi quo nam et sed.','Incidunt vero quia non numquam. Aut et et ut consequatur. Dicta ipsum et qui a voluptate.','Reiciendis non et explicabo nobis quas nisi. Est reiciendis eos atque nostrum ratione deleniti qui. Enim sed occaecati excepturi numquam distinctio praesentium omnis voluptatem.','http://oconner.net/','56c7b9b8-d685-306e-bc1c-b7feb5f8bf44','2011-06-09','2021-03-28 19:55:11','2021-05-14 18:46:33'),(342,'Illo rerum quis et voluptas enim soluta non culpa.','Et qui enim corporis quia. Tempore blanditiis occaecati non est. Maiores id aut et doloribus nobis repellat. Et nihil eum sunt itaque ut.','Est odio tempore rem. Fugiat explicabo quis eius eveniet ipsum. Natus at suscipit commodi eveniet sapiente.','http://www.baumbachbernhard.net/','34bb5aed-66f9-3e95-acf3-c9ae17b917a9','2017-04-12','2013-05-11 13:20:34','2014-02-12 10:40:55'),(343,'Dicta nobis molestiae at possimus tempora sit.','Ut enim ab quibusdam asperiores qui alias. Aut hic dolor in expedita hic. Et qui cumque quo. Et qui asperiores nulla.','Eos sapiente quas vero eum. Quis dolores ut facere rerum. Sit rerum fugit corrupti sint esse et ut. In architecto sequi et est est quo est.','http://ernser.org/','30e363a2-1df0-3a70-a968-361d6d8069b2','2018-11-01','2012-09-29 20:03:01','2020-06-28 14:07:12'),(344,'Quia et itaque eligendi quo dolores sunt quisquam.','Facere fugit ut commodi vel esse. Perspiciatis ipsum explicabo vel error. Quidem recusandae autem eos pariatur est minus.','Ducimus excepturi incidunt earum officiis. Enim nesciunt labore ut delectus commodi sed. Vel fugit autem deleniti laborum. Quisquam officiis delectus repellat impedit.','http://www.pagac.com/','8f327d9d-6653-3c0c-85cf-2e1c8d5d5603','2016-05-10','2016-10-03 11:08:19','2021-03-05 05:28:31'),(345,'Vel voluptas consectetur alias temporibus nemo mollitia et.','Quaerat sit eligendi deserunt delectus. Sint iste est totam consequatur fuga vitae. Officia laborum quidem est iusto in suscipit et fugiat. Atque quos unde consequatur ad.','Hic veritatis ut eum quasi voluptatem deleniti eaque. Labore ratione asperiores ex modi et adipisci et. Inventore itaque qui voluptate.','http://www.runolfsson.com/','364916ba-426f-34f3-a7d9-3e6369c20487','2013-02-28','2013-09-27 22:33:34','2021-05-14 18:46:33'),(346,'Alias nulla voluptatem sed repudiandae.','Numquam corrupti tenetur vel accusamus architecto quia. Quo sed alias quam est earum.','Et eos voluptas iusto. Voluptate ut omnis soluta aut repellat minima nulla. Molestiae aut aliquid cum nisi. Et doloribus illo eos officiis ducimus odio hic.','http://hoppe.com/','c8574b8f-5e2e-30d7-8df9-0d489d9c6571','2017-11-20','2018-08-28 04:04:41','2019-02-03 12:31:37'),(347,'Et ipsum omnis aliquid illo quia architecto enim.','Facere nam sit enim sapiente repellendus culpa. Voluptas similique voluptas vero. Est laboriosam voluptate quia aut dolores. Minima qui voluptatem cupiditate molestiae fuga.','Ullam est quaerat cumque. Et consequatur cumque inventore et reprehenderit fugit culpa. Ut voluptate modi non deleniti et asperiores. Omnis et qui nulla architecto voluptatem.','http://www.yost.com/','f9710122-0ce2-3756-b2b2-fb8fb78fa490','2013-08-13','2016-02-11 05:24:27','2018-03-09 08:37:23'),(348,'Rerum quo illo temporibus illo placeat quibusdam ad.','Vel expedita omnis est eius non voluptate distinctio. Dolores tempora odio officiis iste non. Dolore eos accusantium est animi. Quia est quos blanditiis ut quos vitae.','Sunt voluptas ea quia consectetur est vel. Voluptas blanditiis officia reprehenderit enim perspiciatis. Alias eaque voluptate sed ex. Omnis perspiciatis incidunt rerum quia voluptas doloremque aliquid.','http://www.stamm.com/','faf421be-354b-3d05-84dd-99a0c8efe9d6','2018-02-08','2019-09-13 10:16:02','2021-05-14 18:46:33'),(349,'Qui ut corporis sed nisi dolorem praesentium saepe.','Ducimus occaecati hic delectus. Debitis facilis sed beatae suscipit culpa vitae error harum. Impedit illo debitis culpa atque.','Provident aliquid et nam aut enim assumenda nam repellendus. Possimus dolorum reiciendis officiis assumenda. Dolores quam sunt temporibus non doloremque unde sunt. In neque veritatis adipisci autem placeat suscipit et officia.','http://www.keeblersipes.com/','19a58346-0829-3468-ab32-183de113c005','2016-04-06','2017-12-18 05:38:43','2021-05-14 18:46:33'),(350,'Nihil delectus veritatis mollitia quis.','Eveniet minus quasi ullam sunt exercitationem enim quod sunt. Animi aut aut sed labore voluptates rem aliquid. Voluptatem explicabo laborum occaecati voluptatum nulla. Cumque debitis dicta hic dolorem beatae fugiat.','Quam ut esse possimus libero fuga saepe. Exercitationem recusandae quas quisquam doloribus nostrum.','http://goyette.info/','33e7684e-21f3-3325-977f-8827b5faae97','2015-01-04','2016-07-24 09:03:23','2021-05-14 18:46:33'),(351,'Omnis minima et saepe et tempora quos.','Tenetur voluptas laboriosam vel. Voluptates harum deleniti hic repellat. Veritatis et quis quia asperiores.','Est ut blanditiis esse adipisci. Deleniti qui labore sequi dolores. Minima ut iure aut qui aperiam cupiditate.','http://turcotte.net/','2fbd8524-2f0a-3d08-8c41-12b81c47e6d3','2016-10-27','2017-07-24 04:29:29','2019-01-23 18:57:00'),(352,'Accusantium omnis voluptatibus quam perferendis consequatur.','Ipsa est minima commodi consequatur atque quo velit. Velit ea ut in voluptatem beatae. Rem neque quia magnam quasi blanditiis est nihil. Id nostrum deserunt assumenda mollitia.','Sint saepe voluptatem consequatur id qui quibusdam cupiditate est. Voluptas impedit natus recusandae voluptas suscipit repellat eligendi. Libero saepe aut delectus ad perferendis ipsum.','http://www.russel.net/','9692f29c-dce5-3d9e-842b-44c07aef5845','2012-10-20','2013-09-30 18:47:50','2021-05-14 18:46:33'),(353,'Enim aut sit a est.','Earum qui et vel voluptatibus. Eveniet sequi numquam beatae id. Est qui maiores amet error veniam.','Illum dicta sit totam consequuntur placeat sit. Temporibus voluptate et aut autem dignissimos sed eos qui. Ea esse minus eaque maiores ducimus aliquid magnam. Ipsa explicabo natus et rerum. Eaque iure occaecati consequatur voluptates officiis.','http://www.lesch.com/','bafb9604-d8e0-3bb9-9284-d1fdce6c1870','2016-05-17','2017-04-24 14:50:01','2021-05-14 18:46:33'),(354,'Voluptatem eveniet ducimus nemo eligendi maxime.','Dicta mollitia non fugiat maxime sint. Enim corrupti iste nihil nihil id similique omnis ut. Officiis non laudantium non at unde.','Beatae at dolor sint qui adipisci. Placeat dolorem voluptatem perspiciatis vel inventore minus repellat. Esse nesciunt quis accusantium asperiores quis. Et deleniti nihil commodi deserunt animi distinctio quis.','http://lang.com/','c505cd2b-2ccb-3741-8770-9ec62b4812f1','2013-08-21','2018-08-11 21:52:06','2021-05-14 18:46:33'),(355,'Dolorum perspiciatis consectetur culpa exercitationem est delectus.','Est sit voluptatibus tempora qui expedita. Neque temporibus molestiae modi illo nisi. Veritatis possimus asperiores suscipit occaecati dolorum veniam. Harum ullam ipsa excepturi id dignissimos.','Repudiandae aut esse accusamus minima voluptatum cum. Debitis porro voluptatibus quibusdam asperiores. Id in doloremque facere vero dicta.','http://www.labadie.com/','7c7f34fb-cd8a-3b4c-8ed7-c79c3e7d745d','2012-05-20','2013-11-13 19:28:07','2021-05-14 18:46:33'),(356,'Itaque minima voluptatibus corrupti nesciunt porro quod nam.','Suscipit aliquid aut ducimus quidem quo corporis quod quis. Ipsam praesentium rerum vitae odit quibusdam. Corrupti libero tenetur dolor sed aut omnis. Aut dolor in fugiat rerum pariatur.','Nulla voluptas ipsam officia dolor architecto odio est. Aut rerum numquam maiores consequatur sit. Et optio repudiandae ut harum. Sequi in iste perspiciatis nulla minus et.','http://www.cruickshank.com/','acebfdc9-f8cb-36c8-a6f5-cbc78765c980','2018-09-30','2012-06-28 15:25:16','2018-11-23 18:51:05'),(357,'Eos enim porro repudiandae possimus amet omnis.','Dolorem est repellendus est corrupti libero suscipit voluptatem. Qui iusto hic veniam. Sed sunt voluptatum illum maiores. Provident quo ratione dignissimos molestiae est et ducimus.','Sapiente sit et rerum. Tempora tempora eaque iure aut consequatur. Sit dolorem est tempore natus voluptatem.','http://schneiderhilpert.biz/','415e3952-5e11-38ee-a0c1-49986d04f473','2013-12-30','2013-02-01 07:12:12','2021-05-14 18:46:33'),(358,'Ducimus fugiat distinctio est a deleniti voluptates qui.','Necessitatibus porro debitis atque perspiciatis autem voluptas voluptas quia. Tempore architecto qui commodi blanditiis. Iste et quam vitae aspernatur maxime nesciunt. Qui quam consequuntur sunt dolor veritatis eveniet.','Possimus velit pariatur officia non voluptatem blanditiis. Consequatur nobis quae facere deleniti voluptates atque. Saepe cupiditate reprehenderit similique quo. Quo voluptates aut atque quis iure non.','http://stehrlakin.info/','2d68c76f-066d-3426-8f2a-923c7f654a85','2015-06-07','2012-06-16 07:12:27','2013-06-04 10:19:10'),(359,'Doloribus repellendus laboriosam voluptatem quis et quam.','Distinctio odit aut qui quas. Aut ea fugit fugiat id quis earum reprehenderit. Mollitia qui quidem qui expedita.','Rem tenetur fugit necessitatibus iste quisquam perspiciatis occaecati. Aut ea tenetur magni distinctio et ratione. Ea aliquam explicabo sed quia.','http://www.miller.com/','9e037f12-19f6-3f83-b15f-c320fb6019b8','2013-01-11','2017-03-16 12:01:29','2017-12-09 17:56:58'),(360,'Eum eos ab quo modi suscipit tempore beatae consequatur.','Perspiciatis quas deleniti deserunt consequuntur consequatur quia. Et ducimus rem maxime nihil aut necessitatibus consequuntur. Illum enim culpa sed aspernatur ratione ea. Magni labore voluptas magnam error.','Corporis quo et molestiae aliquam. Ea iure atque et veritatis. Quaerat alias praesentium et maiores aut enim. Sint quia qui voluptatum nobis.','http://grady.net/','6c637794-0f87-36ea-b490-4c64dbade047','2018-01-17','2021-02-26 15:51:23','2021-03-31 02:13:57'),(361,'Molestiae et voluptas qui alias recusandae et libero est.','Sit qui in modi veritatis architecto similique. Dolorem nulla hic est illo. Quia hic sint ut occaecati et eveniet repellendus. Aspernatur consectetur sint rerum natus dolorem placeat ut.','Quia deleniti omnis eos repellat eos iusto deserunt. Molestias quas commodi reiciendis in quis nihil. Corporis recusandae repellendus eum unde velit.','http://legrosdavis.com/','6e46018e-c08a-34f6-936a-1126b83c9b04','2012-11-12','2019-02-01 05:10:47','2021-05-14 18:46:33'),(362,'In dicta cum voluptatem reprehenderit vel expedita et.','Dolores aliquid sapiente reiciendis ipsa exercitationem. Sequi qui veniam natus porro aut sed et aut. Nesciunt voluptatem eum et aspernatur quo. Iure neque laboriosam ut.','Amet adipisci dolorum a ex maiores. Eos aut sit omnis aut provident. Cumque omnis rem voluptate enim. Adipisci quia vel repellat omnis quis laborum qui quod.','http://www.nitzsche.com/','f7e68d4d-42ca-3060-876e-cd7868eee13f','2014-06-10','2011-05-20 00:52:39','2014-04-07 13:28:55'),(363,'Consequatur eos in quia voluptatem quam blanditiis tempore.','Et est quia ratione cum vitae quaerat. Sunt optio deleniti et distinctio nulla unde eius velit. Explicabo qui est accusantium quasi sed temporibus.','Ipsum perferendis ad non et ab iure consectetur. Eum non dolorem rem atque fuga. Officiis sint qui velit velit nisi nihil placeat.','http://www.shanahan.info/','07c39f2e-0bd5-3789-8e9e-a31bd756a51e','2016-02-29','2019-03-12 05:35:43','2020-08-07 15:33:41'),(364,'Odit veniam provident nulla unde dolorem neque ipsum.','Necessitatibus cupiditate explicabo maxime perferendis enim quis delectus. Possimus et qui itaque quo distinctio reprehenderit. Minus fugiat et nihil quasi minima velit eveniet blanditiis.','Omnis et qui cumque et vel et. Magnam molestiae non optio distinctio fugiat in qui. Occaecati quo distinctio et omnis incidunt. Et qui voluptas ut tempore sit id tempora.','http://www.schuster.com/','3c584946-af43-399e-901e-fd963b0cf6a1','2018-01-12','2011-07-21 21:15:15','2014-06-09 04:11:15'),(365,'Sapiente fuga voluptatum cupiditate esse veniam dolorem reiciendis.','Omnis ratione nulla veritatis dolor. Totam eum voluptatem ad rem adipisci facere.','Aspernatur animi occaecati commodi a est sint repellendus. Sunt et nulla voluptatibus ut voluptas et rerum. Adipisci nemo vitae aut nihil sit. Officia voluptatem id id sapiente quis in.','http://emard.com/','d445adf4-ef5f-39f4-8407-becda6704150','2018-04-13','2014-11-05 02:03:18','2015-04-07 00:16:20'),(366,'Sapiente impedit magnam reprehenderit vero consectetur quidem.','Error laudantium eaque architecto consequatur facere eaque. Quo commodi enim molestias possimus. Voluptatem dolores possimus soluta rerum veniam fugit doloremque. Non et ut mollitia itaque minus unde autem.','Aliquam eaque voluptas eos temporibus. Esse a sed non omnis dolor expedita quis. Minus sapiente sit aliquam qui dicta. Cum qui delectus eum labore architecto aliquam voluptas.','http://www.runtesauer.com/','e3c5d738-84a9-3e82-a0a6-4349bc0624c0','2018-05-02','2013-12-17 16:05:57','2021-05-14 18:46:33'),(367,'Magni soluta nihil natus iusto quia quo.','Numquam doloremque voluptas est. Exercitationem explicabo magni reprehenderit accusamus. Qui facere animi et illo alias dignissimos sit.','Est tempore consequatur possimus sint consectetur quia. Commodi temporibus quisquam tenetur consequatur porro.','http://kub.com/','e6735616-ab5f-3881-986a-26ea41612659','2013-03-21','2011-12-18 08:00:50','2012-04-29 11:18:46'),(368,'Minus pariatur occaecati explicabo pariatur.','Eum odio voluptatem odit et. Perferendis vero vitae asperiores quaerat quia sunt. Rerum rerum unde et dolores eius qui.','Qui quia natus dicta id. Debitis esse itaque magni quis dolor molestiae.','http://www.robel.com/','fd2ead1a-8cf5-330d-87c6-62a33de508d4','2021-03-14','2016-12-30 23:42:13','2021-05-14 18:46:33'),(369,'Et itaque atque dicta quaerat et reprehenderit.','Reiciendis ex pariatur ut quia a eveniet. Mollitia accusamus recusandae reprehenderit nisi et. Eius voluptas aut expedita accusantium neque in.','Tenetur rem sapiente similique eius quia beatae consequatur cumque. Aperiam repellendus voluptatem ut consequatur aut ut sit. Accusantium magnam culpa quis non quidem non ea quo.','http://white.com/','ce54e27f-2d43-3b68-b2cc-2e40ebd4c134','2019-08-13','2014-09-12 19:33:09','2020-08-01 12:27:42'),(370,'Odit mollitia eum est iusto ratione.','Libero consequatur voluptas nesciunt omnis. Quia facilis et occaecati nulla odio non cum doloribus. Id inventore omnis officia. Recusandae aperiam quas ut ducimus impedit.','Maiores suscipit eos et expedita voluptatem soluta. Labore animi voluptatum sit temporibus. Ex beatae occaecati adipisci eos. Veritatis omnis quisquam dignissimos cum.','http://www.ratke.com/','fcfc5024-69ff-37b7-bb5d-a80cf6c0b597','2016-11-26','2017-02-12 18:19:55','2021-05-14 18:46:33'),(371,'Ut aut quia ad dicta at magni aut.','Assumenda amet et tenetur quaerat quasi. Omnis dolorum alias asperiores impedit. Molestias nulla atque neque aut non. Dolor molestiae enim et explicabo ducimus sed perspiciatis.','Et consequatur consequatur nihil dolores. Distinctio consequatur perferendis provident nobis officia et. Sit aut est qui magni doloribus laudantium ut voluptatibus.','http://daniel.com/','6ee990c5-91ba-389b-a971-aaac4bce6283','2012-03-08','2016-12-27 21:18:50','2017-01-24 13:50:10'),(372,'Architecto velit deleniti et nihil.','Veniam laborum beatae quam et exercitationem tempore. Minima autem voluptatem officia cupiditate voluptatem inventore porro. Aliquam similique temporibus tenetur doloribus. Unde minima harum placeat soluta et cupiditate.','Est atque eum reiciendis atque aut. Mollitia fugit distinctio dolorem ullam accusamus qui voluptatum. Non molestiae et debitis commodi iste placeat.','http://bechtelar.com/','3134912f-a2b3-3935-bb9a-b1a9c7e74f97','2013-09-30','2013-08-30 13:56:50','2019-05-21 17:24:53'),(373,'Qui tenetur eos sapiente cupiditate saepe.','Voluptates nemo distinctio veritatis voluptas quam ad enim. Non assumenda provident sed aut minima blanditiis minima maxime. Nostrum aliquid sunt aut quasi ipsa qui blanditiis.','Et quo vel molestias quae architecto. Molestiae at delectus officia qui.','http://hayes.com/','3c123f52-c856-3e0e-9d0e-a13d0715fbab','2013-07-07','2019-07-24 03:04:26','2021-05-14 18:46:33'),(374,'Voluptate nam velit error accusantium.','Pariatur corrupti aut fugiat et. Optio voluptas aut deserunt libero rerum. Aspernatur vel qui dicta ipsam minima minus. Quo illo occaecati ex non.','Qui commodi autem fugiat eaque animi qui. Nobis iste aut nesciunt perspiciatis reiciendis sed totam. Sit eum laborum omnis tenetur. Autem commodi et libero eos. Nobis ad aperiam unde ducimus iure voluptatibus at.','http://www.quitzon.com/','e57c276a-0dca-3112-b01f-776a098563f7','2013-10-21','2015-04-02 08:23:17','2015-05-24 06:58:43'),(375,'Impedit qui quis sed rerum.','Et qui at illo sed inventore doloribus. Consequuntur voluptatibus voluptatem soluta et officia. Minus asperiores aliquid odio iste temporibus exercitationem.','Possimus voluptatem blanditiis et eum voluptatem. Doloremque accusamus doloribus doloribus mollitia iste iste. Et laboriosam quisquam velit est perspiciatis fugiat nam.','http://www.wiza.com/','2ce4f5b5-107e-3fd3-ac72-5efd0d94e5e1','2017-08-20','2014-01-06 16:32:28','2017-08-29 00:32:45'),(376,'Iusto quis natus perferendis commodi consequatur dicta.','Voluptatem dolores illo impedit velit. Recusandae earum iste iste. Sed nihil nihil illum et sit veniam corrupti. Beatae accusantium voluptatibus et corporis.','Illo nam repellendus eius eos. Velit deserunt nam maiores nemo non. Et id aut quia blanditiis ducimus natus aut. Est voluptatibus veniam veniam eaque.','http://christiansen.com/','d06632dd-61cb-30fa-8d58-fbad1c0bc799','2018-02-06','2017-06-19 09:23:13','2021-01-30 03:25:41'),(377,'Enim praesentium harum in esse architecto ipsa voluptatibus rerum.','Rerum quasi et voluptatibus assumenda est. Quisquam dolore consequatur laborum dicta. Qui asperiores repellendus deleniti qui saepe laudantium eveniet sunt.','Atque voluptatibus quos culpa temporibus et at neque est. Suscipit vel vitae quas quasi at et nisi aliquam. Ut aliquam sunt est et qui dicta.','http://tromp.info/','34a8b013-33ee-3c98-9bdb-bcebc2fd3a6f','2019-08-30','2016-05-25 00:03:47','2021-05-14 18:46:33'),(378,'Ea ut deleniti laudantium et quas est sint maiores.','Nostrum iure illo cumque cupiditate explicabo saepe qui fuga. Id quasi corrupti dicta odit.','Modi laborum dolores eius accusantium est voluptas. Numquam minus dignissimos dolores vitae autem. Ex optio fugiat architecto cumque sit. Eaque placeat quia quae perferendis.','http://tillman.com/','3b531023-0b93-31a4-90ab-f66f54bc9076','2013-01-02','2018-12-05 17:11:58','2021-05-14 18:46:33'),(379,'Voluptatem minima est qui maiores commodi et quia.','Velit nulla fuga consequatur magni voluptatem ipsa. Placeat eum id delectus doloribus. Modi iusto laborum sint laboriosam quae consectetur quae. Illum facilis eum nemo non. Quod quo expedita et non rerum in qui.','Eum doloremque molestias velit ipsum atque autem. Perspiciatis consequatur minus atque. Dolorem omnis eos delectus ratione.','http://konopelskischmeler.com/','60076846-2999-3550-8b2c-7276bd372d29','2019-07-13','2019-08-12 08:19:21','2021-05-14 18:46:33'),(380,'Molestiae maxime nemo quibusdam aut velit officia quasi nisi.','Quia voluptates minus quod consectetur. Sapiente officia sapiente sed cupiditate eum eum rem. Dignissimos laboriosam reprehenderit totam qui facere vel eum autem.','Non temporibus qui sed ab. Voluptas nihil tempora eaque ut sint architecto similique. Et dolores possimus magni odio.','http://konopelskigoldner.com/','cbfa26cb-0680-3189-9ec8-be3a1c3955dd','2014-05-25','2017-09-23 16:13:18','2020-09-22 18:48:46'),(381,'Recusandae vero quis velit magni ut.','Quo aspernatur totam cumque quod quia. Optio occaecati iure ea. Tempora non eos ut aut et ratione.','Distinctio autem dolor dignissimos eos voluptates. Aut vel cupiditate ab incidunt ut.','http://bosco.org/','6ec4275e-ba63-3574-a01b-7d86766fd356','2021-03-03','2013-08-29 15:14:09','2018-04-24 15:44:59'),(382,'Et qui voluptatum aut facere eos porro.','Saepe provident qui iusto itaque accusamus. Expedita et rerum libero porro culpa perspiciatis. Facere quo facilis blanditiis.','Deserunt illo nulla ipsa dignissimos. Facilis sed aut beatae aperiam temporibus dolorum. Culpa cupiditate aut optio error. Nostrum dolore quia aliquid.','http://www.harber.net/','dd2a7aba-da9b-31c4-aaac-22aa1d9cd847','2016-10-29','2015-10-20 08:49:21','2021-05-14 18:46:33'),(383,'Consequatur enim commodi quo aut sint ratione.','Dolorem consequatur quia sunt non quis aut. Reprehenderit ratione quo sequi tenetur ut officia. Mollitia ea voluptas ut saepe vel cum.','Sint repellendus rerum sed non quas sit fugit. Voluptatem sunt inventore enim. Fugiat numquam fuga dolore qui. Fuga quis libero quos expedita vitae.','http://www.purdy.com/','9e6b7bfa-c42f-393a-8ea3-4c2cc68e09fb','2019-07-19','2011-09-18 16:03:49','2014-07-16 09:39:52'),(384,'Aspernatur ut est et ea.','Hic aliquam aperiam facere repellendus voluptate impedit. Quis corrupti nemo praesentium ut autem similique voluptatibus. Est est explicabo iusto quia.','Unde hic error velit molestiae ut rerum delectus. Illo officiis mollitia magnam soluta possimus. Illo fuga ad autem.','http://satterfield.info/','0c8a4c18-3e31-3d04-b630-20b6e5521b93','2014-05-15','2016-12-19 00:13:31','2021-05-14 18:46:33'),(385,'Nisi error et et.','Eveniet culpa incidunt qui nulla totam eaque cumque. Voluptatum maiores omnis quo reprehenderit. Quasi aliquid rerum cumque nesciunt. Non earum ea voluptatem in ipsum magnam et.','Consequatur maiores corrupti voluptatibus. Praesentium et ad sed voluptatem hic sint asperiores. Nam ut non velit. Harum ad eaque quia nihil animi tenetur.','http://www.morar.com/','78241224-5949-3baa-8836-ab4b4504aaff','2020-09-02','2015-12-31 10:39:50','2021-05-14 18:46:33'),(386,'Magnam voluptatem quod praesentium dolor ea omnis.','Enim sapiente nesciunt voluptas quae eos cum. Reiciendis consequatur dolores id earum. Ea natus cupiditate fugit debitis saepe.','Quo at reprehenderit voluptatem et repellat. Rerum et dolorem nobis est eveniet alias ex. Facilis possimus voluptatem ad. Et quas facilis repellendus pariatur.','http://www.mills.biz/','57e581e3-5e2f-3781-9b15-356374e3de13','2015-07-04','2019-11-10 17:55:12','2019-12-23 14:13:47'),(387,'Esse rerum quas iste nam neque assumenda ullam.','Nemo natus explicabo saepe inventore in atque deleniti. Et odit inventore nostrum nobis aut. Assumenda repellendus cupiditate voluptas dolorem qui. Consequuntur esse aut impedit quia reprehenderit.','Deserunt non non eius et et sit repellat sunt. Est aspernatur voluptatem repellendus inventore commodi. Dolores at vel labore provident aut.','http://www.kunde.com/','4e9cade0-f8db-3f0e-9bac-861d0cb62dfe','2018-07-12','2012-04-04 08:45:33','2015-01-11 23:40:26'),(388,'Et vel voluptate eum dicta impedit ipsam qui.','Debitis provident et quia error natus. Facilis aperiam recusandae repudiandae. Assumenda nesciunt aut odit possimus.','Velit dolorem provident eos quis corrupti a. Molestias autem iste alias ut. Quos qui at quis ea et atque. Et asperiores et fuga qui.','http://www.murphysawayn.com/','9b92da1d-d266-3bf2-965d-f33ae1f27677','2017-11-08','2016-03-28 04:55:39','2021-05-14 18:46:33'),(389,'Ut animi commodi ducimus nisi dolores.','Et cum consequatur numquam quas. Officia non consequatur quo aut. Facilis non quia laborum deleniti ex nihil. Aliquam impedit eos dolores omnis amet.','Nemo aut quia fuga perspiciatis voluptatem dicta possimus. Deserunt magni excepturi libero. Quae eius sunt voluptatibus dolorum placeat voluptatem unde quia.','http://hopperice.com/','ab9c688f-d58d-356b-8c72-05fe1aef7a18','2014-12-12','2019-04-17 15:04:35','2021-05-14 18:46:33'),(390,'Qui sed rem ea.','Magnam natus qui saepe commodi blanditiis fugiat. Eos et possimus impedit minima cum voluptas sint. Sint veniam in blanditiis natus. Odit perspiciatis consequatur adipisci facere.','Tempora dignissimos fuga possimus aut animi. Delectus labore unde accusantium corporis. Ut ut debitis quia in.','http://leannonsteuber.com/','cbf497ca-b91c-3b27-8838-b41e652ae97e','2013-03-18','2014-10-09 12:23:46','2018-12-28 17:42:35'),(391,'Voluptate doloremque fugit perspiciatis.','Voluptas quae explicabo quis officia possimus fugiat sit cupiditate. Sunt qui officiis iusto voluptas quia nulla. Et earum nulla debitis doloribus dolore veniam. Quisquam aut iste in.','Quod excepturi doloremque non ducimus consectetur. Ut ea neque perferendis sint iure. Dignissimos et et quidem quibusdam distinctio.','http://www.schumm.org/','461f03a2-be92-37b5-b737-ad8d81f14bab','2012-11-25','2011-10-20 13:19:15','2021-03-14 10:01:25'),(392,'Rerum vel est architecto sed asperiores facere dolor.','Dolore ducimus aut est eos asperiores. Est voluptatibus qui rerum ut. Et et dolores quisquam incidunt.','Et aut deleniti omnis omnis qui. Incidunt tempora vel accusamus ipsum velit quo. Rerum nemo dolorem dolorum ex in excepturi voluptates. Adipisci velit aliquam nam error.','http://purdy.com/','0a244e74-e22f-3ee2-b7c2-18800a6f691e','2015-05-11','2013-09-27 20:38:16','2020-07-11 18:55:55'),(393,'Saepe fugit corporis amet molestias.','Praesentium eveniet molestiae illum. Deserunt consequatur at ut autem neque. Numquam rerum molestiae numquam veniam.','Sint vel dolor dolorem doloremque error enim autem a. Recusandae et a delectus praesentium sunt ut sed qui. Perspiciatis ducimus quae debitis id.','http://schmittglover.com/','a7f37809-7c76-35b5-9655-aabe00f6ec7f','2020-10-09','2017-06-16 13:34:47','2021-05-14 18:46:33'),(394,'Optio enim animi accusamus nam id rerum cum.','Praesentium assumenda sapiente blanditiis architecto. Veritatis in inventore eveniet dolorum repellendus qui excepturi. Aut non et eum harum beatae.','Nostrum aut quae ut consequuntur. Nostrum vel mollitia iusto molestiae et facilis. Accusantium explicabo asperiores est enim. Excepturi ut est consequuntur non.','http://www.mayertokon.com/','d3bca279-7568-37e1-9931-3bafdaab6b91','2012-09-15','2020-02-04 14:56:18','2021-05-14 18:46:33'),(395,'Voluptate veniam architecto laboriosam dignissimos cupiditate sunt.','Aut eaque et quo repellat et. Molestiae non natus ratione dolorem dolorem. Illum modi in pariatur officiis et. Cum porro in voluptas officia.','Nemo unde quidem accusamus nemo deserunt. Odit aut voluptas ea quia modi consequuntur commodi quia. Delectus ea quia debitis voluptatem facere eum suscipit. Voluptatem voluptas possimus consequatur laboriosam sunt error eos rerum.','http://www.hauckgoldner.net/','45d07fff-99d5-3212-9dac-6ca96d8fb9b5','2015-10-31','2016-08-18 10:16:22','2021-05-14 18:46:33'),(396,'Voluptatem at voluptatibus facilis porro quaerat nihil repellat.','Maxime officia quia voluptatem dolores animi qui. Perspiciatis soluta necessitatibus et deserunt et deleniti voluptas.','Laboriosam dolor sunt et consequuntur sed. Iure est nobis expedita omnis.','http://sanford.com/','b5436205-5150-35ff-843a-18fc864aefc3','2013-08-05','2015-11-13 03:29:44','2021-05-14 18:46:33'),(397,'Rerum voluptatum sit nihil vel.','Quasi error ut quia vero modi in dolorem. Dolor error fugiat sint vero qui distinctio voluptatem. Aspernatur ut ab voluptatem consequatur eveniet quasi.','Voluptate quod quidem qui sunt tempora culpa enim. Similique unde tempora ut eos. Qui laudantium illum perspiciatis asperiores qui repudiandae eius non. Sit aut enim corporis non.','http://www.botsfordnicolas.com/','96e5f7c2-8621-3537-a363-ce2292e68690','2016-10-17','2017-10-30 20:57:44','2021-05-14 18:46:33'),(398,'Natus laboriosam itaque voluptatem.','Officia soluta voluptatem quis quisquam omnis et. Velit repudiandae consequuntur et nobis. Aspernatur aut soluta debitis facilis amet et. Veritatis labore accusamus dolorem blanditiis aperiam repudiandae consequatur perferendis.','Et dolore perspiciatis ipsum sit vitae. Pariatur reprehenderit dolorem error consequatur repellendus reiciendis dolorum. Atque molestiae quibusdam non deleniti et perspiciatis nobis. Ut consequatur et aspernatur nisi provident et.','http://www.volkmangerlach.org/','463bb455-d1fb-39a9-b3a2-74e1cfe65ccd','2014-02-20','2019-06-06 05:34:11','2021-05-14 18:46:33'),(399,'In consequuntur velit fugiat iste.','Quam ut voluptates vitae voluptatem culpa quis. Excepturi dolor alias id ex fugiat. Reiciendis numquam et tempore rerum dolor sint eligendi.','Est sint nihil quasi vel eum. Fugiat et nihil est exercitationem beatae corporis praesentium et.','http://www.friesentowne.com/','bab49a40-85e6-374f-9498-da27ca6f2cac','2020-08-22','2016-09-28 03:59:11','2020-05-01 11:07:32'),(400,'Minima dolorum debitis sit necessitatibus quis nihil.','Reiciendis sit quia consectetur rerum nulla et dolor repudiandae. Similique quod voluptatem debitis nostrum non dolorem fugiat sequi. Dolor ducimus fugiat qui iure est et aspernatur aut. Aliquam molestiae magni cumque accusantium.','Ipsum occaecati reiciendis ut vitae minima quos quo. Est quod qui ut est dolorem sit velit. Quam beatae error magnam quidem voluptatem nostrum.','http://www.hauck.biz/','63817989-eae9-3323-b524-b13599f6e036','2016-02-20','2015-12-15 09:35:14','2021-05-14 18:46:33');
/*!40000 ALTER TABLE `movies` ENABLE KEYS */;
UNLOCK TABLES;

--
-- Table structure for table `notifications`
--

DROP TABLE IF EXISTS `notifications`;
/*!40101 SET @saved_cs_client     = @@character_set_client */;
/*!40101 SET character_set_client = utf8 */;
CREATE TABLE `notifications` (
  `id` int(10) unsigned NOT NULL AUTO_INCREMENT COMMENT 'Идентификатор строки',
  `user_id` int(10) unsigned NOT NULL COMMENT 'Ссылка на получателя сообщения',
  `body` text COLLATE utf8mb4_unicode_ci NOT NULL COMMENT 'Текст сообщения',
  `is_important` tinyint(1) DEFAULT NULL COMMENT 'Признак важности',
  `is_delivered` tinyint(1) DEFAULT NULL COMMENT 'Признак доставки',
  `created_at` datetime DEFAULT current_timestamp() COMMENT 'Время создания строки',
  PRIMARY KEY (`id`),
  KEY `notifications_user_id_fk` (`user_id`),
  CONSTRAINT `notifications_user_id_fk` FOREIGN KEY (`user_id`) REFERENCES `users` (`id`)
) ENGINE=InnoDB AUTO_INCREMENT=101 DEFAULT CHARSET=utf8mb4 COLLATE=utf8mb4_unicode_ci COMMENT='Нотификации';
/*!40101 SET character_set_client = @saved_cs_client */;

--
-- Dumping data for table `notifications`
--

LOCK TABLES `notifications` WRITE;
/*!40000 ALTER TABLE `notifications` DISABLE KEYS */;
INSERT INTO `notifications` VALUES (1,2,'Id omnis repellat rerum corporis et. Ratione error est esse. Aut asperiores dicta autem.',1,0,'2012-08-13 20:02:18'),(2,33,'Quo et commodi soluta enim dignissimos sed sed. Deserunt maiores qui consequuntur. Blanditiis doloribus cupiditate molestias consequatur vel. Ratione at tempore nisi culpa.',1,0,'2012-11-02 11:37:56'),(3,82,'Eos totam dicta sint. Odio non id necessitatibus culpa. Veniam reprehenderit omnis doloribus possimus eaque aut eaque. Culpa quisquam sint temporibus est dolorum.',1,1,'2015-12-31 18:50:25'),(4,42,'Voluptas quo ex ipsum labore autem dignissimos exercitationem voluptatem. Accusantium fugiat et quod sed aut. Corporis architecto et officia dolor veniam. Quia similique fugiat tempore enim quam voluptatem quibusdam.',1,1,'2012-02-29 21:48:19'),(5,63,'Rerum ab maiores illo ut dolorem quia accusantium voluptatum. Optio molestias autem ex et. Molestiae quia nam quod voluptatem. Nostrum aut in omnis distinctio qui.',1,1,'2013-12-24 15:04:47'),(6,20,'Sit quam neque et magnam qui in. Tempora dolores eligendi voluptate. Consequuntur distinctio id ex dolorum totam.',0,0,'2021-01-09 06:43:40'),(7,87,'Et sit consequatur aliquid dolorem blanditiis officiis voluptas omnis. Qui deserunt rem atque repellat quibusdam sint. Porro porro maiores facilis perspiciatis voluptatem ex. Repellat est eius quod voluptas.',0,0,'2015-12-09 00:53:59'),(8,25,'Dignissimos iste quas aut est qui ea. Quae ipsum quis est quas. Aut consequatur et ut soluta libero aut reprehenderit. Nam qui autem deserunt praesentium.',0,1,'2015-04-24 19:38:49'),(9,99,'Sit non autem ea quidem possimus. Hic praesentium ipsa quod repudiandae et consequatur. Dolore voluptatem a repellendus esse sunt. Quibusdam adipisci ullam magnam delectus ipsum consequatur eaque voluptas.',0,1,'2013-10-16 08:25:22'),(10,82,'Voluptatem et doloribus error explicabo sunt et ad dolor. Ut delectus laborum voluptas dolor enim eos rerum. Est sunt ut commodi enim et est. Distinctio unde id voluptas et.',0,1,'2019-01-24 23:34:50'),(11,23,'Neque porro nemo occaecati dolor rerum. Possimus dolores ut asperiores commodi placeat voluptatibus. Nostrum enim et architecto rerum et ducimus. Sed nihil animi suscipit sed sit distinctio.',0,0,'2017-01-22 08:13:47'),(12,19,'Tempore suscipit qui voluptas totam commodi. Aut voluptas exercitationem accusantium. Similique dolores perferendis veritatis rem ut ad cum non. Ea molestiae tenetur iure.',1,0,'2017-09-10 09:06:21'),(13,9,'Ipsum ab harum sequi quia voluptatem unde. Consequatur illo sit non deleniti voluptas unde aliquid. Dolorem molestias sint dolor atque suscipit optio. Impedit ratione aut ut adipisci. Voluptate aperiam non et ut vel impedit labore.',0,0,'2016-03-25 06:16:09'),(14,39,'Voluptas porro exercitationem est dolor asperiores. Cum reiciendis qui laborum error. Earum eligendi nostrum quod laudantium impedit omnis sunt in. Mollitia ut ut velit sequi minus.',1,0,'2013-02-12 17:50:21'),(15,89,'Quidem quaerat deserunt dolorem ipsam. Atque et fuga quod minima rerum hic. Ullam minima ipsam iste incidunt corporis sequi impedit. Modi quae facilis labore ea earum.',1,1,'2018-01-22 23:02:54'),(16,82,'Aspernatur soluta aut quia sunt ea impedit cumque. Ullam id dolorem velit tempora ullam saepe. Blanditiis non fuga dolorem alias omnis tenetur est.',0,1,'2012-08-28 04:24:23'),(17,56,'Nisi aut libero ab at deleniti quos. Eos id delectus dolore nostrum id quidem. Qui sunt neque et velit magni voluptatem ut.',0,0,'2015-08-28 22:54:28'),(18,34,'Cum deleniti excepturi consequatur officia. Aliquid occaecati officiis ea. Expedita quam quasi ut reiciendis sint qui soluta nisi.',1,0,'2011-10-16 04:22:44'),(19,18,'Excepturi sint laboriosam fuga culpa et ut consequatur doloribus. Accusantium nobis pariatur sed itaque ratione fugit aut. Exercitationem ea necessitatibus libero optio numquam voluptatem veritatis. Impedit et consequuntur ut asperiores placeat enim ut.',0,0,'2018-07-01 16:53:40'),(20,11,'Repudiandae debitis voluptatem et molestias possimus quia. Autem omnis quia nulla et. Nesciunt ut illo accusamus in rerum amet itaque. Voluptate autem odit voluptas error maiores eveniet maxime.',0,1,'2012-10-08 09:11:14'),(21,80,'Quibusdam animi amet aut voluptas laudantium eaque deserunt veniam. Nostrum rerum similique cupiditate. Adipisci numquam omnis accusantium id illum unde et.',1,0,'2013-06-10 08:01:26'),(22,44,'Qui consequuntur temporibus esse odit vitae ad. Commodi et dolores voluptas rerum quod. Aut harum veniam voluptatum eum dicta et deserunt. Vero error autem accusamus pariatur necessitatibus. Magni animi fugiat temporibus optio aut et sed.',0,0,'2014-08-24 15:07:59'),(23,89,'Impedit quia quas doloribus. Adipisci porro quis pariatur sapiente asperiores quidem occaecati. Illum laudantium est aut.',0,1,'2017-08-10 10:29:55'),(24,81,'Dolores aut eaque quia qui est omnis natus. Eaque qui velit repellendus pariatur tenetur recusandae placeat. Qui dolorem adipisci vel et minima beatae.',1,1,'2019-04-08 16:57:41'),(25,66,'Dignissimos autem aperiam voluptatem ut deleniti. Velit dolor sit modi officiis molestiae culpa. Velit excepturi adipisci voluptatem temporibus dolor non id. Ut harum laborum voluptate cum autem perspiciatis et eum.',0,1,'2018-12-16 13:28:29'),(26,97,'Et occaecati voluptates deserunt molestiae dolorem et. Dolorem et et quo ratione sed molestias. Voluptatem est provident non ab provident. Accusantium et error rerum voluptatibus.',0,1,'2014-07-19 03:26:01'),(27,94,'Enim et dolorem et maiores magnam. Sit dolorum odit saepe eveniet possimus saepe. Eligendi dolore sed error saepe odit qui error deleniti. Optio sit rerum non laborum voluptatibus aut temporibus.',0,0,'2014-09-24 13:01:41'),(28,83,'Omnis nesciunt voluptas autem officia dolorem dolorem voluptatum. Eos excepturi provident necessitatibus ab ut eaque nemo et. Dolore quam autem omnis est nobis ea iusto.',1,0,'2011-05-31 01:59:46'),(29,41,'Occaecati id aspernatur est qui libero aut. Deleniti delectus quo qui magni veniam ut. Nisi dolores et molestiae repellat soluta suscipit. Enim aliquam ducimus nemo enim consequuntur quas.',0,1,'2014-09-19 10:22:36'),(30,99,'Incidunt aperiam eos aut est labore ea nihil. Qui nisi autem qui. Ipsum explicabo sit facilis excepturi sed cumque laudantium sunt.',0,1,'2016-09-16 15:11:58'),(31,55,'Error illo distinctio consequatur eos veritatis tenetur. Odit dolores itaque culpa quo deleniti sit et. Ut quia est deleniti quia voluptas.',0,1,'2017-03-29 22:37:55'),(32,43,'Voluptatibus deserunt odio rem exercitationem quam. Omnis quaerat quam eius sit rerum ex voluptatem. Est dolores possimus quidem provident culpa saepe nihil. Quas quisquam dolore est eligendi.',1,0,'2011-05-28 10:36:32'),(33,31,'Animi temporibus facere recusandae ab vel. Aliquid ratione architecto soluta in. Id cumque dolores deserunt eum hic rerum doloremque.',0,0,'2020-09-15 15:18:23'),(34,36,'Autem voluptatibus illo inventore consequatur dolorum quae. Aut sed ut repellendus et exercitationem. Quaerat consequatur veritatis placeat culpa dolorum itaque. Sit iure corporis dicta quibusdam.',0,1,'2017-05-17 13:01:52'),(35,84,'Voluptas dolore qui nulla tempore iure. Harum eius voluptatem quibusdam. Cupiditate quidem consequuntur fugit nulla.',0,0,'2019-12-03 19:03:25'),(36,94,'Sed autem quasi quidem blanditiis vero nihil possimus vel. Est id repellat molestiae numquam. Sunt ea iste ducimus repudiandae. Cumque sed animi mollitia quia cupiditate corrupti nisi aut. Recusandae et dolores dignissimos quae.',1,0,'2018-09-12 14:11:33'),(37,56,'Dolorem perferendis suscipit quisquam et. Iure quo accusantium nisi ut reiciendis omnis officiis maiores. Provident incidunt incidunt culpa id natus.',0,0,'2017-09-12 17:31:36'),(38,71,'Doloribus aut rerum quo alias cum perferendis aliquam nihil. Minus modi exercitationem et praesentium qui expedita commodi. Ab sit hic eum pariatur doloribus. Qui omnis repellat quia est.',0,1,'2012-01-31 09:52:04'),(39,18,'Odio nesciunt dolor vel magnam molestias velit eum harum. Doloremque sit sit quis tempora tempore accusantium consequatur esse. Accusantium in recusandae repellat ad fugit cumque neque.',1,1,'2019-07-01 11:21:33'),(40,54,'Eaque quod facilis magnam enim repellendus. Id sequi molestiae ad quisquam odit sunt. Atque est doloribus repellat vel illo asperiores occaecati tenetur. In explicabo omnis sint.',0,1,'2016-12-22 14:50:48'),(41,53,'Sit officiis libero qui ipsum dolorem illum. Sed voluptatem rerum laudantium qui officia sed. Sunt quas aperiam qui facere sit iste laborum. Est ut laudantium qui earum. Dicta qui odio explicabo est mollitia vel voluptatem.',1,1,'2015-07-06 17:54:18'),(42,40,'Asperiores rerum consequuntur dicta et ullam. Molestiae labore blanditiis omnis. Maiores est dolores consequuntur quos officia aliquam ipsum cum.',1,0,'2012-12-09 03:32:40'),(43,73,'Harum alias a ex et ut. Nostrum quia in assumenda aliquam.',0,0,'2011-06-23 15:10:51'),(44,61,'Blanditiis magnam nostrum aliquid tempore harum dolore. Et numquam necessitatibus corporis repellendus dignissimos dolorem qui. Ad doloribus vitae necessitatibus voluptatem eos enim. Molestias odio ut tempora non dolor explicabo non qui. Et quos velit perferendis vero qui.',0,1,'2015-04-04 21:58:44'),(45,79,'Dolores nam est laudantium alias et illum. Voluptatem maiores pariatur ut reiciendis. Non ut sint et qui. Explicabo et tempore et perferendis cum fuga est laboriosam.',0,0,'2020-03-19 02:08:19'),(46,61,'Qui quia quod harum nesciunt adipisci. Corrupti inventore maiores sed eius delectus nihil quam molestiae. Quam aperiam hic iste.',0,0,'2011-05-19 03:55:36'),(47,42,'Et modi ut et. Est quaerat quasi culpa illo molestiae. Aut consequuntur molestiae quia sit aut eum quisquam et.',1,0,'2017-05-03 02:53:24'),(48,35,'Harum officiis qui minima. Iure dolor est quasi omnis facilis maxime. Dolorum consectetur voluptatibus ex harum enim distinctio. Eaque dolores occaecati architecto labore saepe molestiae. Nesciunt et molestias quidem non omnis.',0,0,'2015-08-06 16:19:01'),(49,94,'Maiores qui consequatur nisi tenetur. Consequatur autem adipisci modi eos. Quis maiores qui placeat aut magni. Ea laborum qui ad quas neque.',1,1,'2012-05-23 09:51:21'),(50,60,'Consequatur facilis vitae qui repellat consequatur ipsum nulla. Nemo nobis architecto aliquid dolores. Qui in quia eligendi magni magni pariatur consequatur.',1,1,'2019-12-19 22:53:01'),(51,46,'Architecto voluptatem enim omnis quo quasi et. Placeat nemo commodi saepe eum. Consectetur quia ut modi aut.',0,1,'2020-01-02 12:05:28'),(52,74,'Dolor in aspernatur nihil vel sunt officia nostrum. Quidem rem voluptatem asperiores. Omnis corporis iusto fugiat vero soluta atque. Quae distinctio quia temporibus laboriosam.',0,1,'2018-07-24 08:17:31'),(53,3,'Molestias ipsam sed omnis expedita. Aut laborum porro expedita ex. Corrupti et veniam aliquam qui necessitatibus.',1,0,'2015-11-06 10:16:12'),(54,34,'Et facilis alias minima minus. Consectetur voluptate quas aliquid in. Neque sit corrupti ut voluptate perspiciatis. Qui modi placeat tempora voluptas porro id dolores repellendus.',1,1,'2015-09-03 17:55:23'),(55,54,'Alias nobis animi mollitia repudiandae similique magnam magni. Aliquid cupiditate aut ad consectetur ea. Rem sapiente nulla temporibus ut officia quasi eos.',0,1,'2012-06-22 08:44:28'),(56,68,'Vero voluptatum placeat optio velit. Omnis aut doloremque eos possimus. Totam sit voluptate beatae pariatur dolores.',1,0,'2020-02-17 14:30:00'),(57,30,'Consequatur alias nisi quae libero ipsa. Aut ut sit et dolores incidunt. Aspernatur illum et facere sequi. Nihil sunt quibusdam perferendis deleniti quia.',0,1,'2018-10-22 10:19:06'),(58,47,'Laborum non quae ea ducimus. Id illo aliquam minus dolor. Praesentium aliquam blanditiis voluptas molestiae minima et iusto.',0,1,'2013-10-08 15:40:55'),(59,51,'Voluptatem iusto accusamus soluta. Minima amet ad error ut. Eos iure enim incidunt sint et similique explicabo.',1,1,'2012-02-14 19:40:30'),(60,71,'Corporis earum fugit et eos. Sit quos iure voluptas labore voluptas voluptatum ducimus. Ad voluptatem quas occaecati consectetur et. Placeat assumenda ipsa est quaerat quibusdam exercitationem odio.',0,1,'2011-09-18 02:42:12'),(61,45,'Libero quo consequuntur dolor maiores vitae id soluta earum. Qui totam ut minus. Eius dicta odit ipsum aut autem.',0,0,'2015-01-22 05:59:51'),(62,5,'Eveniet perspiciatis voluptates nemo eius quibusdam harum. Enim similique exercitationem et qui. Cumque sed totam ut omnis qui. Eligendi ullam vitae ut numquam ea doloremque porro veniam.',0,0,'2019-09-16 03:18:41'),(63,13,'Totam facilis quia placeat quisquam cum repellendus libero. Dolores et optio velit ad enim a exercitationem quam. Ducimus quos vero adipisci unde et soluta quas velit.',1,0,'2014-10-07 21:34:45'),(64,76,'Eos illum ratione blanditiis sed eius veniam consequatur. Autem voluptatem ut et est amet sequi. Quaerat quo quis molestiae beatae veniam labore.',1,1,'2019-10-29 18:34:23'),(65,40,'Sed amet autem sit esse id harum. Aperiam iure aliquid occaecati numquam sint tempora unde. Ipsam perspiciatis reprehenderit ipsa blanditiis eos qui ut. Voluptatum ut dolore voluptates consequuntur quis ut aut.',1,1,'2013-02-02 19:34:40'),(66,97,'Ut et neque aliquid sunt. Ducimus laborum veniam tempora quidem. Dolorum et sit eveniet deleniti id modi distinctio.',0,1,'2018-08-21 12:32:47'),(67,69,'Unde quam minima ut eos natus soluta. Nemo eaque vero beatae vitae eum velit. Porro omnis tenetur sit voluptatem dolore incidunt reprehenderit. Et ducimus voluptas ipsum.',0,1,'2015-09-20 01:25:12'),(68,95,'Ipsum saepe explicabo velit aut. Ipsam necessitatibus ad nihil accusantium et consequuntur. Eaque sed nulla cum quibusdam quidem aut adipisci molestias. Iusto molestias et ut.',0,1,'2021-01-26 09:20:21'),(69,68,'Facere sit quo qui totam labore iusto voluptas et. Ab consequatur et consectetur rerum laborum sapiente sed animi. Dicta velit eos enim labore sed et qui. In nisi aspernatur voluptate accusamus odit animi.',0,1,'2020-04-19 19:19:59'),(70,87,'Sunt magnam et et placeat aut in beatae. Et repellendus cumque delectus. Quos eum sit quam sit sed beatae.',0,0,'2020-09-02 06:12:24'),(71,49,'Eos perspiciatis dolorem quibusdam est exercitationem earum earum. Commodi delectus adipisci harum voluptatem dolore praesentium explicabo. Ad doloribus temporibus omnis ea.',0,1,'2015-06-11 04:08:25'),(72,20,'In quam ipsa modi. Voluptate non ab omnis dolor soluta. Distinctio ut sed omnis. Rem nulla et magni optio.',1,1,'2020-10-31 05:01:11'),(73,27,'Sunt voluptas distinctio ex consequatur nisi temporibus labore. Nisi ad qui magnam. Ea dolorem aut est eius cum quod reprehenderit sint. Ducimus asperiores doloremque perferendis dolorem tempore magnam.',1,0,'2017-01-11 20:51:25'),(74,22,'Aliquid suscipit odit cumque necessitatibus consequuntur vel. Et animi incidunt dolores sed et. Consequatur quia repellat quisquam vitae amet. Omnis sint veniam eaque nihil sed sapiente.',1,0,'2012-04-21 03:55:21'),(75,80,'Porro sed libero neque sapiente aspernatur dolor asperiores. Est blanditiis non reiciendis et sed numquam sunt.',0,1,'2018-06-23 15:59:43'),(76,5,'Quo quos officia sit alias. Necessitatibus et eius beatae quia.',0,0,'2011-09-22 01:21:35'),(77,82,'Quidem voluptatem natus id explicabo quia quia amet. Est nobis explicabo id occaecati. Architecto ullam dolores vel et molestias aliquid rerum. Qui id aperiam ut fugiat.',0,0,'2020-08-06 17:09:13'),(78,22,'Aut aliquam officia itaque aspernatur iure aspernatur sit. Voluptate est perferendis ad ipsa ipsum ut. Enim ad sint illum assumenda saepe officiis.',0,1,'2012-07-13 18:39:12'),(79,40,'Eum quia odit sapiente facilis atque quia in. Eum non temporibus fuga non voluptatem perspiciatis adipisci aperiam. At eum cupiditate doloremque illo.',1,1,'2019-05-31 18:23:38'),(80,76,'Iste placeat doloremque veniam voluptate illum repudiandae ab. Rerum dicta neque aliquam.',0,0,'2012-09-03 20:29:08'),(81,81,'Fugiat sint nobis sit excepturi ipsa repellendus. Fugiat aut ut ut voluptas ut fugit cumque modi. Nisi ut vitae velit unde dignissimos quaerat id. Ea cumque quasi autem nulla.',1,1,'2017-06-25 22:47:57'),(82,85,'Aut qui aliquam et nemo. Occaecati eaque enim cumque. Voluptates voluptatem voluptas aut. Quibusdam autem sunt quo ullam velit esse corporis.',1,1,'2020-04-06 18:44:51'),(83,49,'Cum in est sit ea consequatur corrupti. Quae maiores reprehenderit qui aut optio molestias. Voluptatum ea optio reiciendis culpa.',1,1,'2020-02-06 17:42:58'),(84,84,'Dolores ipsa eos dolore ducimus omnis corrupti. Quis facilis est tempore porro tempora unde quos.',0,0,'2014-05-27 04:30:44'),(85,19,'Ex molestias corrupti sit et eos repudiandae. Vel voluptatem voluptatum est voluptate nisi voluptatem. Nostrum eos architecto neque est dignissimos unde.',1,1,'2016-10-10 11:16:42'),(86,2,'Saepe voluptatem ratione nobis porro molestiae voluptate ut officia. Quasi ratione ex quod cumque tempora. Eos nemo est est id neque nam.',1,0,'2013-08-17 19:09:48'),(87,52,'Aut deserunt nemo voluptas eaque non laboriosam voluptate. Facere magnam voluptas ex enim. Voluptatem tenetur quos omnis.',0,1,'2020-04-22 11:36:44'),(88,48,'Blanditiis aliquid totam dolores animi voluptate voluptas voluptas. Incidunt aut quas eaque explicabo ipsam fugit tempore. Eveniet omnis quos aliquid vero velit. Sed enim odit nihil cupiditate et asperiores ratione.',0,0,'2017-04-03 17:38:01'),(89,48,'Qui rerum ut nihil minus quasi corrupti molestias. Quia alias ex consequatur nam exercitationem fuga qui. Vel saepe officia nisi ab et dolores rem est. Quo provident sit assumenda quaerat tenetur.',1,1,'2020-10-12 21:58:37'),(90,2,'Sequi quas in ut velit nisi esse. Et quidem est culpa veritatis sequi similique. Inventore aut odit cum atque tempore.',1,1,'2014-07-01 12:48:16'),(91,19,'Dolor cum blanditiis dicta sint. Sed voluptatem maiores corrupti quisquam soluta. Similique aut sed nesciunt deserunt. Id facilis debitis sunt soluta quae ipsam molestiae et. Tempore quidem et fugit impedit laudantium sint.',1,1,'2019-03-08 11:04:32'),(92,93,'Ut autem laboriosam nisi nemo ex in id. Consequatur blanditiis maxime dolore consequuntur ea. Sit asperiores quia recusandae architecto. Aut in et quidem minus sint.',0,0,'2018-08-07 20:09:58'),(93,7,'Voluptates molestias eos aut quidem aut. Est rerum et dolor aut exercitationem. Sapiente vero quas pariatur voluptatem tempora. Suscipit ex consequatur quia fugiat porro corporis cupiditate voluptatibus.',1,1,'2021-05-08 13:11:18'),(94,31,'Sed nesciunt autem eligendi perspiciatis maiores recusandae quidem. Fugiat est ut consequatur voluptatem expedita. Sit est ad molestiae quia facilis corporis.',0,1,'2017-08-22 09:16:23'),(95,68,'Harum ut neque enim hic voluptas aperiam illum atque. Quibusdam vel est animi quas. Voluptas aliquid aspernatur vel ut doloremque. Voluptas doloremque porro quia at.',0,0,'2012-02-04 04:42:23'),(96,47,'Placeat rerum vel aspernatur accusantium. Nihil quibusdam et iure. Ipsam voluptatibus nostrum cum voluptate recusandae. Quas inventore atque est.',0,1,'2014-09-05 07:13:02'),(97,28,'Libero soluta officia eveniet eum vel sunt et. Quis tenetur dicta voluptatum dolore blanditiis quia vel ab. Modi magnam ipsa aliquam sit.',0,1,'2014-01-22 09:37:08'),(98,37,'Non iusto quae deserunt quia. Sit in est quod. Architecto sunt aliquam ipsum et tempora non sit.',0,0,'2011-09-23 03:29:02'),(99,42,'Deleniti eos distinctio nulla voluptas. Similique sapiente quis exercitationem rerum. Necessitatibus ab aut reprehenderit cupiditate.',1,1,'2020-11-14 06:41:52'),(100,96,'Laudantium adipisci dolorum non quasi ut veritatis est. Ut ut cupiditate unde quasi soluta fuga rerum. Aut error aperiam quisquam est. Cupiditate autem quisquam commodi deserunt reprehenderit. Aliquam numquam eum est distinctio fugiat.',1,0,'2013-10-02 15:25:24');
/*!40000 ALTER TABLE `notifications` ENABLE KEYS */;
UNLOCK TABLES;

--
-- Table structure for table `profiles`
--

DROP TABLE IF EXISTS `profiles`;
/*!40101 SET @saved_cs_client     = @@character_set_client */;
/*!40101 SET character_set_client = utf8 */;
CREATE TABLE `profiles` (
  `user_id` int(10) unsigned NOT NULL COMMENT 'Ссылка на пользователя',
  `first_name` varchar(100) COLLATE utf8mb4_unicode_ci NOT NULL COMMENT 'Имя пользователя',
  `last_name` varchar(100) COLLATE utf8mb4_unicode_ci NOT NULL COMMENT 'Фамилия пользователя',
  `phone` varchar(100) COLLATE utf8mb4_unicode_ci NOT NULL COMMENT 'Телефон',
  `gender` enum('m','f','ng') COLLATE utf8mb4_unicode_ci DEFAULT 'ng' COMMENT 'Пол',
  `birthday` date DEFAULT NULL COMMENT 'Дата рождения',
  `city` varchar(130) COLLATE utf8mb4_unicode_ci DEFAULT NULL COMMENT 'Город проживания',
  `country` varchar(130) COLLATE utf8mb4_unicode_ci DEFAULT NULL COMMENT 'Страна проживания',
  `created_at` datetime DEFAULT current_timestamp() COMMENT 'Время создания строки',
  `updated_at` datetime DEFAULT current_timestamp() ON UPDATE current_timestamp() COMMENT 'Время обновления строки',
  PRIMARY KEY (`user_id`),
  UNIQUE KEY `phone` (`phone`),
  CONSTRAINT `profiles_user_id_fk` FOREIGN KEY (`user_id`) REFERENCES `users` (`id`) ON DELETE CASCADE
) ENGINE=InnoDB DEFAULT CHARSET=utf8mb4 COLLATE=utf8mb4_unicode_ci COMMENT='Профили';
/*!40101 SET character_set_client = @saved_cs_client */;

--
-- Dumping data for table `profiles`
--

LOCK TABLES `profiles` WRITE;
/*!40000 ALTER TABLE `profiles` DISABLE KEYS */;
INSERT INTO `profiles` VALUES (1,'Reginald','Lind','(343)711-4806','ng','2014-06-23','South Milanberg','103918','2019-08-13 19:01:32','2020-11-06 00:30:16'),(2,'Joesph','Stamm','734-686-9805','m','2021-04-14','Heidenreichshire','885','2021-04-29 18:49:25','2021-05-14 18:49:25'),(3,'Lia','Kassulke','(215)034-4243','f','2011-10-19','Hettingerview','91056910','2015-09-16 12:24:05','2019-05-28 23:12:40'),(4,'Era','Lesch','(250)141-5912x2250','f','2013-01-29','New Monicaton','63','2019-06-18 09:47:16','2021-05-14 18:49:34'),(5,'Buck','Stark','471-917-9939x201','m','2021-04-14','New Lorainehaven','140664','2021-04-29 18:49:25','2021-05-14 18:49:25'),(6,'Jameson','Luettgen','917.898.4357x3009','f','2021-04-14','Moenbury','4680160','2021-04-29 18:49:25','2021-05-14 18:49:25'),(7,'Gabriella','Steuber','658.574.0854','f','2014-05-06','West Lillieton','315196967','2019-12-26 14:08:02','2021-05-14 18:49:34'),(8,'Toy','Heidenreich','1-848-065-7343x153','m','2013-02-23','Lake Kole','632','2014-01-22 07:27:05','2014-06-02 07:08:05'),(9,'Ova','Pfannerstill','1-549-519-2657x366','m','2012-07-07','Metzborough','5101685','2018-09-06 03:07:28','2021-05-14 18:49:34'),(10,'Roderick','Herzog','422.084.4525x6450','ng','2014-06-12','East Roger','6197298','2021-05-11 03:21:20','2021-05-14 18:49:34'),(11,'Dean','O\'Kon','573.963.0802x5443','f','2021-04-14','Kohlermouth','2543','2021-04-29 18:49:25','2021-05-14 18:49:25'),(12,'Ceasar','Cartwright','555.617.6267','f','2021-04-14','Humbertomouth','4','2021-04-29 18:49:25','2021-05-14 18:49:25'),(13,'Edythe','Lubowitz','402.885.4421','f','2017-05-15','East Heavenhaven','812072','2019-05-16 02:32:28','2021-05-14 18:49:34'),(14,'Craig','Emard','(450)847-7187','m','2017-01-07','Port Laurence','449406','2019-06-12 04:06:22','2021-05-14 18:49:34'),(15,'Maria','Rosenbaum','978-325-8587x88181','m','2016-02-18','South Yvettefort','6232','2016-04-17 05:04:52','2021-05-14 18:49:34'),(16,'Lilly','Funk','+56(6)6254237337','m','2021-04-14','Theostad','981151237','2021-04-29 18:49:25','2021-05-14 18:49:25'),(17,'Shaun','Hodkiewicz','1-427-426-3236','ng','2016-01-26','Sipesport','937','2016-02-27 22:52:52','2018-04-16 09:42:32'),(18,'Mara','Conroy','03153949311','f','2021-04-14','New Charlottemouth','7123','2021-04-29 18:49:25','2021-05-14 18:49:25'),(19,'Edgardo','Miller','809.379.8684x8428','m','2020-07-10','Vergiestad','67','2021-04-16 07:37:38','2021-05-14 18:49:34'),(20,'Reva','Zemlak','1-803-620-5462x4680','m','2021-04-14','New Gilbert','793684','2021-04-29 18:49:25','2021-05-14 18:49:25'),(21,'Gwen','Funk','369.640.3478','f','2011-08-15','Trevorchester','771120049','2014-02-17 03:33:53','2015-02-04 09:02:00'),(22,'Garland','Bartell','1-786-953-1754x9063','ng','2021-04-14','Kossland','433','2021-04-29 18:49:25','2021-05-14 18:49:25'),(23,'Mohammed','Bins','652.273.8533x53703','m','2021-04-14','Lake Evelynville','6892','2021-04-29 18:49:25','2021-05-14 18:49:25'),(24,'Whitney','Nicolas','+34(5)1517995877','m','2021-04-14','Kelsistad','403149043','2021-04-29 18:49:25','2021-05-14 18:49:25'),(25,'Keshaun','Tillman','328.732.6180x282','f','2021-04-14','New Westley','3496','2021-04-29 18:49:25','2021-05-14 18:49:25'),(26,'Amira','Predovic','(280)162-4385x819','ng','2021-04-14','East Alyshastad','713541759','2021-04-29 18:49:25','2021-05-14 18:49:25'),(27,'Robbie','Reichert','1-055-242-4211','ng','2014-11-29','East Jasenstad','476858','2019-01-10 21:16:29','2021-05-14 18:49:34'),(28,'Reyes','Olson','702-474-1647x174','f','2021-04-14','Abshiretown','25','2021-04-29 18:49:25','2021-05-14 18:49:25'),(29,'Sadie','Zieme','02366257691','f','2016-12-04','North Velma','380170588','2021-03-03 06:58:24','2021-05-14 18:49:34'),(30,'Lyla','Reichel','+84(4)5100272468','ng','2021-04-14','Baileyberg','14','2021-04-29 18:49:25','2021-05-14 18:49:25'),(31,'Hilbert','Moen','401-719-4831x6496','f','2013-03-25','New Taniachester','78','2015-11-05 21:18:51','2017-03-08 18:04:41'),(32,'Sylvan','Kshlerin','498.076.2464','ng','2021-04-14','Darianatown','','2021-04-29 18:49:25','2021-05-14 18:49:25'),(33,'Wendy','Crona','1-150-104-2183x227','m','2021-04-14','Augustinemouth','23','2021-04-29 18:49:25','2021-05-14 18:49:25'),(34,'Lottie','Johnston','862.199.7600x9188','m','2012-10-28','Lake Sashafurt','56927061','2016-07-12 00:40:36','2019-08-07 21:09:07'),(35,'Toy','Hills','(332)835-1905','f','2018-12-06','Lake Bradley','71390750','2020-06-20 04:33:01','2021-05-14 18:49:34'),(36,'Charley','Abbott','776-202-7020x0304','ng','2021-04-14','East Jameltown','72681','2021-04-29 18:49:25','2021-05-14 18:49:25'),(37,'Santos','Wuckert','(222)538-6854','ng','2013-02-01','Lake Alvenaview','38','2018-04-11 07:37:41','2021-05-14 18:49:34'),(38,'Chesley','O\'Connell','717.013.4655','f','2021-04-14','Schulisttown','18001','2021-04-29 18:49:25','2021-05-14 18:49:25'),(39,'Beth','Tromp','536-919-7173x60311','f','2014-12-30','Sipesstad','20427','2016-09-23 13:46:15','2021-05-14 18:49:34'),(40,'Bianka','Schuppe','875.413.3046x413','m','2013-05-22','West Dewaynemouth','90067914','2019-11-29 09:34:08','2021-05-14 18:49:34'),(41,'Ned','Predovic','(263)563-6466x286','f','2012-07-17','Ibrahimport','7','2017-10-14 16:31:43','2021-05-14 18:49:34'),(42,'Johan','Blick','(950)475-1572','ng','2012-01-31','Lake Lucie','61949','2012-02-08 09:16:33','2021-05-07 14:26:45'),(43,'Alisha','Cormier','838.125.2743','m','2015-09-22','Calemouth','766143598','2018-07-20 22:16:15','2021-05-14 18:49:34'),(44,'Javon','Olson','724-626-3218x9394','m','2021-04-14','West Sebastianfort','6318721','2021-04-29 18:49:25','2021-05-14 18:49:25'),(45,'Gabe','Murazik','1-418-796-9376','ng','2011-11-23','Heaneyborough','475158','2016-01-26 11:24:26','2019-07-03 09:57:59'),(46,'Sienna','Shanahan','905-506-8030','f','2011-07-03','Lake Rebecamouth','74','2012-04-24 13:56:27','2017-09-23 07:51:10'),(47,'Whitney','Denesik','863-515-8889x7452','m','2021-04-14','Lake Florine','7','2021-04-29 18:49:25','2021-05-14 18:49:25'),(48,'Chaim','Eichmann','1-257-335-1936x1445','ng','2021-04-14','Shannonport','7','2021-04-29 18:49:25','2021-05-14 18:49:25'),(49,'June','Collins','04764120542','m','2011-12-13','Port Alford','145521219','2020-09-28 06:17:02','2021-05-14 18:49:34'),(50,'Kaylie','Kassulke','(656)333-7243x7007','ng','2021-04-14','Port Rosalee','99471552','2021-04-29 18:49:25','2021-05-14 18:49:25'),(51,'Emelia','Kutch','714-753-7997','m','2014-11-08','Conroyland','224634','2017-09-21 02:56:07','2021-05-14 18:49:34'),(52,'Amber','Heidenreich','1-332-403-8777','ng','2021-04-14','Lake Samantha','405275','2021-04-29 18:49:25','2021-05-14 18:49:25'),(53,'Lindsey','Langosh','(495)939-0251x9918','f','2015-03-21','McLaughlinstad','2288','2020-07-19 09:45:06','2021-05-14 18:49:34'),(54,'May','Volkman','248.885.3909x889','f','2021-04-14','New Mabel','827344','2021-04-29 18:49:25','2021-05-14 18:49:25'),(55,'Lisette','Donnelly','(877)905-0429x2888','m','2015-10-30','Floridaburgh','','2019-12-25 00:17:08','2021-05-14 18:49:34'),(56,'Darron','Tremblay','(105)305-1609x523','f','2021-04-14','North Pedroland','5','2021-04-29 18:49:25','2021-05-14 18:49:25'),(57,'Elinor','Douglas','989-581-4391x5564','m','2016-05-20','Nikolausside','93376369','2019-11-01 03:13:53','2021-05-14 18:49:34'),(58,'Bertrand','Turner','(827)412-9610x19739','m','2021-04-14','Tressiebury','23004113','2021-04-29 18:49:25','2021-05-14 18:49:25'),(59,'Genoveva','Ebert','1-604-336-9040x3076','f','2021-04-14','South Macie','13799974','2021-04-29 18:49:25','2021-05-14 18:49:25'),(60,'Korey','Cremin','467-474-3066x9422','f','2021-04-14','Jamisonborough','72','2021-04-29 18:49:25','2021-05-14 18:49:25'),(61,'Amely','Gutmann','024-944-6457x28213','ng','2018-04-16','New Victoria','1','2019-10-25 03:25:47','2021-05-14 18:49:34'),(62,'Alberta','Rath','06327450838','m','2013-05-20','North Keaganmouth','72724682','2014-03-08 03:53:29','2021-05-14 18:49:34'),(63,'Madelyn','Streich','666-424-5713','ng','2015-09-01','Brielleside','72631182','2018-04-29 15:44:56','2021-05-14 18:49:34'),(64,'Cicero','Powlowski','(110)656-9500','m','2021-04-14','Betsyfurt','12377','2021-04-29 18:49:25','2021-05-14 18:49:25'),(65,'Eleonore','Kirlin','397-003-6925','m','2021-04-14','Joneschester','8','2021-04-29 18:49:25','2021-05-14 18:49:25'),(66,'Xavier','Berge','061-765-9812x8134','f','2014-04-13','Jordanport','160792562','2019-12-10 20:41:13','2021-05-14 18:49:34'),(67,'Kaylee','Stokes','(352)361-1604x98917','m','2021-04-14','Katherinechester','290650512','2021-04-29 18:49:25','2021-05-14 18:49:25'),(68,'Kendall','Hessel','1-196-525-5672x677','ng','2014-08-08','Dooleyfurt','9604','2016-06-07 06:21:50','2020-11-01 19:59:59'),(69,'Harmony','Ritchie','1-043-720-0799x712','m','2021-04-14','Bernadinemouth','986','2021-04-29 18:49:25','2021-05-14 18:49:25'),(70,'Sasha','Hoeger','01038615761','f','2021-04-14','North Magnus','68514676','2021-04-29 18:49:25','2021-05-14 18:49:25'),(71,'Rowena','Ratke','(296)925-7407','ng','2015-05-04','Bruenside','178','2020-11-06 16:51:23','2021-05-14 18:49:34'),(72,'Alia','Bradtke','1-680-972-3779x5376','f','2014-01-08','Marquardtshire','9827','2018-05-12 08:50:16','2021-05-14 18:49:34'),(73,'Aniya','Littel','653.393.4079x988','m','2021-04-14','Marquischester','3401490','2021-04-29 18:49:25','2021-05-14 18:49:25'),(74,'Baron','Hackett','1-149-451-1086x9259','ng','2021-04-14','Wayneville','8704','2021-04-29 18:49:25','2021-05-14 18:49:25'),(75,'Madelyn','Marks','388.284.6345x292','ng','2021-04-14','Gottliebtown','338183494','2021-04-29 18:49:25','2021-05-14 18:49:25'),(76,'Adeline','McCullough','(406)120-1247x287','f','2012-08-25','East Evelynside','8587501','2016-05-23 21:00:54','2021-05-14 18:49:34'),(77,'Karl','Klein','05537449859','m','2021-04-14','Rathview','52','2021-04-29 18:49:25','2021-05-14 18:49:25'),(78,'Corrine','Pfeffer','377-159-4957x4008','f','2019-03-10','South Mylesberg','','2019-03-29 12:48:05','2021-05-14 18:49:34'),(79,'Albert','Corkery','717-354-7615x10173','ng','2021-04-14','Reyesland','1159875','2021-04-29 18:49:25','2021-05-14 18:49:25'),(80,'Kassandra','Kuhlman','588.989.2165x01794','m','2021-04-14','Harrisburgh','534628','2021-04-29 18:49:25','2021-05-14 18:49:25'),(81,'Emmalee','DuBuque','1-784-140-0190x05014','ng','2012-07-26','Vernfort','62445950','2017-03-16 00:35:39','2021-05-14 18:49:34'),(82,'Rachelle','Little','(414)585-1271x72960','f','2019-11-04','Reggiemouth','916915421','2021-01-13 03:59:40','2021-05-14 18:49:34'),(83,'Marlee','Ruecker','1-726-261-7437x406','ng','2021-04-14','Handmouth','','2021-04-29 18:49:25','2021-05-14 18:49:25'),(84,'Thora','Grady','1-990-659-9668','ng','2011-08-19','Milanmouth','32112497','2013-06-20 06:36:28','2017-02-15 15:05:55'),(85,'Rory','Kling','432-387-4558x376','f','2021-04-14','Lamarfurt','6','2021-04-29 18:49:25','2021-05-14 18:49:25'),(86,'Thea','Wilderman','+11(5)4137274301','f','2021-04-14','Wolfside','314248','2021-04-29 18:49:25','2021-05-14 18:49:25'),(87,'Geoffrey','Tillman','1-175-786-7322x781','f','2017-05-20','Monahanmouth','','2017-08-04 02:57:45','2021-05-14 18:49:34'),(88,'Ivy','VonRueden','623.903.2493x0231','f','2014-04-22','Lake Leopold','','2019-01-12 19:39:41','2021-05-14 18:49:34'),(89,'Micah','White','1-957-434-2296','m','2015-07-31','Gutkowskiside','32174673','2018-08-06 17:23:53','2021-05-14 18:49:34'),(90,'Neoma','Boyle','+98(9)3869798751','m','2021-04-14','North Chance','415999826','2021-04-29 18:49:25','2021-05-14 18:49:25'),(91,'Erik','Collins','1-681-203-0631','f','2021-04-14','Ebertchester','61385','2021-04-29 18:49:25','2021-05-14 18:49:25'),(92,'Tiffany','Schiller','1-180-839-2098x778','f','2021-04-14','South Cloyd','7','2021-04-29 18:49:25','2021-05-14 18:49:25'),(93,'Jamir','Roberts','1-128-513-2919x848','ng','2015-10-11','East Janburgh','795587','2018-03-05 03:42:50','2020-05-17 17:42:51'),(94,'Thora','Hettinger','(061)948-7955','f','2015-10-09','Zulabury','526431481','2020-05-13 13:57:37','2021-05-14 18:49:34'),(95,'Desiree','Harber','(192)282-7741','ng','2018-06-09','Huelsside','73248675','2020-11-04 17:54:27','2021-05-14 18:49:34'),(96,'Lorenzo','Volkman','1-127-408-4477x04418','f','2012-11-14','East Isaacmouth','61317352','2015-03-17 11:18:36','2019-03-13 21:41:27'),(97,'Rosalia','Breitenberg','379-836-2647x31193','ng','2017-02-17','Kaliview','593','2017-05-26 19:46:26','2019-03-17 02:17:42'),(98,'Lon','Predovic','+69(9)9529921642','ng','2018-05-25','South Berenicehaven','34647467','2021-04-11 05:28:33','2021-05-14 18:49:34'),(99,'Brycen','Crona','1-287-310-0858','f','2021-04-14','Weberside','994129','2021-04-29 18:49:25','2021-05-14 18:49:25'),(100,'Bettie','Tillman','(778)040-9187x450','m','2021-04-14','East Diannafurt','10','2021-04-29 18:49:25','2021-05-14 18:49:25');
/*!40000 ALTER TABLE `profiles` ENABLE KEYS */;
UNLOCK TABLES;

--
-- Table structure for table `users`
--

DROP TABLE IF EXISTS `users`;
/*!40101 SET @saved_cs_client     = @@character_set_client */;
/*!40101 SET character_set_client = utf8 */;
CREATE TABLE `users` (
  `id` int(10) unsigned NOT NULL AUTO_INCREMENT COMMENT 'Идентификатор строки',
  `user_name` varchar(100) COLLATE utf8mb4_unicode_ci NOT NULL COMMENT 'Логин пользователя',
  `email` varchar(100) COLLATE utf8mb4_unicode_ci NOT NULL COMMENT 'Почта',
  `token` varchar(250) COLLATE utf8mb4_unicode_ci NOT NULL COMMENT 'Токен для проверки пароля',
  `avatar_blob_id` varchar(250) COLLATE utf8mb4_unicode_ci DEFAULT NULL COMMENT 'Идентификатор картинки пользователя стороннего сервиса',
  `created_at` datetime DEFAULT current_timestamp() COMMENT 'Время создания строки',
  `updated_at` datetime DEFAULT current_timestamp() ON UPDATE current_timestamp() COMMENT 'Время обновления строки',
  PRIMARY KEY (`id`),
  UNIQUE KEY `email` (`email`),
  UNIQUE KEY `token` (`token`)
) ENGINE=InnoDB AUTO_INCREMENT=101 DEFAULT CHARSET=utf8mb4 COLLATE=utf8mb4_unicode_ci COMMENT='Пользователи';
/*!40101 SET character_set_client = @saved_cs_client */;

--
-- Dumping data for table `users`
--

LOCK TABLES `users` WRITE;
/*!40000 ALTER TABLE `users` DISABLE KEYS */;
INSERT INTO `users` VALUES (1,'mosciski.kendall','sshields@example.net','2d7c3b66-ff9e-3d29-98a3-9c9d4f66f0e6','38a5f03c-1d58-3e7e-9462-e7dccf6bc8a0','2013-09-09 14:44:18','2016-01-12 18:00:37'),(2,'mac32','lee.douglas@example.com','6d811636-a4e4-3d48-8a50-6e1f2215394e','eb3027bc-ac69-318d-93e4-a971c1262760','2019-10-24 12:59:23','2021-05-14 18:50:23'),(3,'damaris37','valentine66@example.net','0bb5defa-21c0-34f2-a81e-e784eb24c696','09133230-da75-33e7-9cac-139c5ee18648','2016-05-07 09:09:21','2019-04-27 20:46:38'),(4,'batz.leslie','fiona92@example.com','f20e31bc-3362-3b90-95b9-4fd6d434e93a','df576ef7-2c16-3f12-91b1-b77032ff9919','2012-03-17 16:06:25','2016-07-28 19:21:22'),(5,'amiya28','dcole@example.org','db3772bc-c655-3fc6-addb-166de400e5aa','decaa0ff-93c1-3ab1-aec6-548f6c1e8fb1','2020-03-22 08:21:07','2021-05-14 18:50:23'),(6,'ellie46','ankunding.marietta@example.net','2a4d57a3-39e2-31bb-843f-876ae3e4ed86','2395ff50-d5b9-3927-a012-8620a384ef86','2017-03-31 11:08:11','2021-05-14 18:50:23'),(7,'jordan58','simonis.theron@example.org','4c93eb2b-ac0e-3e16-af5a-50ed8177333f','c7183893-ba84-34b9-b6a1-d4483569e624','2014-12-02 07:01:02','2021-05-14 18:50:23'),(8,'howell.ruth','morar.warren@example.com','a50fe6c7-f29e-34cd-bfe2-f3cafd2622f0','b91f0613-1293-30e1-9e1f-28f40eb99020','2013-09-16 18:07:01','2018-02-11 17:21:02'),(9,'io\'conner','pearlie85@example.org','2de98f52-bd26-3119-8620-c2cd18377bc3','af41e37d-4dbe-3db0-b358-32e886c939b1','2021-03-16 11:03:23','2021-05-14 18:50:23'),(10,'nat.gerhold','allie.koelpin@example.com','795914c0-5239-3238-9edd-cfefcd8e2047','c939fe8e-4d24-3d5d-8eee-7453b081a9f1','2020-11-19 23:23:33','2021-02-06 10:18:54'),(11,'ftrantow','dawn29@example.org','f106d7bf-b878-3333-b5b7-3dc76d1cbf46','5a467913-51f4-3c8f-b378-574d922a2cd7','2020-04-10 20:31:03','2021-05-14 18:50:23'),(12,'deborah95','waters.mayra@example.com','3061cdd2-570a-39e0-84b7-ed3854a74793','cdc53e5f-d6a5-3dec-9cb3-2700c917caa2','2017-04-19 20:37:19','2021-05-14 18:50:23'),(13,'kade.fadel','octavia.reinger@example.net','52dbc3e9-33c4-3f0b-895b-9f558701eeef','ebbaf2b5-c5eb-369b-af19-942b56939637','2013-05-29 04:14:00','2020-10-13 19:02:48'),(14,'walsh.bernhard','mae.kuphal@example.com','a5437601-0692-35a5-87c4-d4210a512d69','494da6e6-51f2-34d8-9b1a-64c32f8977a2','2016-03-13 09:52:09','2017-05-12 18:43:33'),(15,'zlind','bartoletti.nasir@example.com','ae2287fe-4d6f-3bae-9cb1-f079955a3e6f','31202630-e6f1-3475-8a38-6e9314f549ae','2018-08-03 15:27:11','2020-12-05 00:45:59'),(16,'corwin.guiseppe','magdalena.brekke@example.net','3d62a56d-15a4-347a-876c-960b46aa9b15','47b3aed1-a57d-38f6-b430-a0885ebd008d','2016-05-06 09:29:00','2021-05-14 18:50:23'),(17,'d\'angelo.marvin','witting.soledad@example.org','a7268896-da53-37f9-87ce-002f05cf9f16','afb9b33f-9a3f-3e6b-8d63-845d6b12a416','2021-02-25 16:38:07','2021-05-14 18:50:23'),(18,'caroline.kuhlman','wglover@example.net','f42ebd12-9bc4-3119-b0ed-ff08e41c0a0f','73dc2877-6420-3da8-b1a6-db0f3e276d97','2017-10-27 09:42:33','2017-12-25 17:07:01'),(19,'buford00','probel@example.org','fd798458-7f11-3307-8e33-2f97c1cb7b6f','e98c24f4-6c17-3b61-afba-4b81f074996b','2017-05-26 07:24:37','2021-05-14 18:50:23'),(20,'jadyn.cassin','romaine.pagac@example.org','cc24a801-68c9-35f1-93cc-4922ffced548','6301d1cd-d46c-39dd-a752-dd129556f95e','2012-02-02 11:11:30','2015-07-12 18:04:35'),(21,'alexane70','laverne.bosco@example.com','1293c768-0601-380a-8a9e-6734bc91b2a4','4b6a9d19-e744-3962-b551-6ca28908e71d','2013-04-05 07:07:16','2015-06-09 12:04:53'),(22,'ygleichner','abshire.freida@example.com','e15ac60d-0977-384a-85af-c8eeefcc67c5','c1064964-0209-335d-8f08-5b2d1432a360','2014-07-01 21:00:19','2020-08-06 14:54:50'),(23,'wilkinson.peggie','twatsica@example.org','c83a910f-4690-3228-858d-c260b2e6ccbd','1d39f3b4-6a23-3428-9702-1928154604c0','2018-11-28 20:49:51','2020-09-30 04:18:54'),(24,'qwatsica','dortha81@example.com','43803a90-834f-341c-9f16-8088407cefda','72e3a367-5bd1-3e29-84a2-6c78d42ed0e5','2020-12-20 06:51:16','2021-05-14 18:50:23'),(25,'hammes.mary','rzboncak@example.com','fc71add5-009d-3eac-951a-09ad34ca8910','6094b39f-a061-39ab-82c7-26260ad0b2c9','2014-02-28 11:57:36','2021-05-14 18:50:23'),(26,'christiansen.aylin','jermaine54@example.com','b8c71ef1-8240-393f-a4ab-7210edaffeb6','83d7179a-3070-3f1f-bdd4-f19f94cab12e','2018-05-07 08:27:05','2021-05-14 18:50:23'),(27,'weldon.witting','isabelle.vonrueden@example.com','dc21a675-9559-3108-a133-4aaba42366b5','d3026d69-b837-3d91-9df9-9b6531a1949d','2020-06-20 11:49:22','2021-05-14 18:50:23'),(28,'beahan.ernestina','srau@example.net','0818a48d-ae63-3b56-9c93-efd82ed705ae','e8c5e9eb-3abd-3c23-af0a-c5d1c973d510','2015-03-18 10:37:15','2020-01-30 02:52:06'),(29,'dangelo.schroeder','xledner@example.net','4e598e61-4348-3eb0-b6f5-408e710723af','b170ae32-011a-3865-89e2-773fe73d65ac','2013-07-21 03:57:51','2019-05-11 13:44:15'),(30,'arlene.gleichner','rusty.shanahan@example.com','c5d0d9a0-054e-380e-a73f-f98701cf6757','9967f246-d9b6-3c26-8cde-42f0b7da2ca3','2016-12-04 18:12:49','2021-05-14 18:50:23'),(31,'xhagenes','hbauch@example.net','2d67a611-d32c-37d4-b040-9cf5323964dd','3b26edc1-5273-3409-98e7-019cb449164a','2012-07-21 04:28:59','2019-09-15 08:05:50'),(32,'cummings.hassan','groob@example.com','d9e5e7db-5538-35a0-9a35-bf89c22d94e4','98300634-ccf3-3f20-9682-f293493a97e4','2016-12-04 13:18:11','2021-05-14 18:50:23'),(33,'smith.henriette','kcormier@example.com','a67b0e5c-af54-3689-8aa5-400b6a8b93b4','111136af-bf2a-3e2d-8fc8-a9f46c2cf8ee','2020-10-15 02:31:03','2021-05-14 18:50:23'),(34,'ufeest','ron60@example.org','d9ccaa64-ff66-3c2f-8060-9902407cbb09','7bf9d3c6-a08a-33e6-9ac3-b2ec78f52cb4','2017-08-06 12:49:39','2021-05-14 18:50:23'),(35,'cummerata.hope','hattie.olson@example.net','c781a5e8-b959-30bd-bcc9-533da2341ea7','d36930f2-4620-38e6-a0f4-857544566c63','2013-02-23 11:19:05','2014-09-06 04:29:45'),(36,'ankunding.christa','weissnat.jeromy@example.com','11030eed-50f5-3631-9cb6-d432990e554b','98e6fb3e-c062-3ad4-9b77-14183543167d','2012-02-27 19:53:56','2014-01-08 14:21:10'),(37,'lambert.crooks','newton52@example.org','2df04fa3-c984-373d-89bc-8e2bd8d4814d','9013eb7d-f127-3150-9310-72c40fa56ef5','2016-12-26 12:53:30','2019-01-18 13:24:12'),(38,'ahills','okling@example.org','5aa0536d-1799-34be-b9f3-10762ce8b856','0b58ca41-eb95-3fd2-b460-a15c01f04809','2011-10-20 16:27:57','2018-02-03 12:44:14'),(39,'barbara97','rau.trent@example.com','b1e460d1-084f-3d27-b439-397aa9b0dd6a','a9f32633-a918-3c2c-a74c-9787b00e7493','2015-12-25 03:14:20','2019-07-03 23:57:17'),(40,'obosco','ihintz@example.org','4ddbcf94-b943-3e8b-b10d-467823ff9d6c','8c604a94-2c8a-366c-87fe-4d116f6f5f75','2020-06-17 18:48:12','2021-05-14 18:50:23'),(41,'harris.dejuan','norwood.bashirian@example.org','4fcbc7db-1fb8-3872-a9d1-2f6b390814eb','4adf70db-6385-382e-9aeb-96bf43004b54','2016-02-10 03:12:01','2021-05-14 18:50:23'),(42,'skiles.javonte','nmuller@example.com','d2a0ad42-05bd-3bae-9802-01ecaa989910','82822833-05ca-396b-93f4-e7577fefb5c7','2013-07-03 16:46:54','2018-03-28 13:12:07'),(43,'vsmitham','bernie.stamm@example.net','871d6244-2c04-320d-921f-482078996fd5','16976e5b-bd0a-3438-9c5f-4580aac42525','2014-10-21 19:42:05','2021-05-14 18:50:23'),(44,'fay.grant','madie97@example.com','19f7b60c-72c2-3c29-ae93-ffe70e40f837','266ec002-db98-35fc-8370-a689ae282d69','2013-07-20 21:01:03','2013-08-14 00:11:09'),(45,'aric.feeney','cristina.trantow@example.org','9764f9bb-fb14-385a-95a6-54aa23b37cac','b6178ced-273e-3c3a-b77a-f034cfe076a0','2019-10-09 08:55:48','2021-05-14 18:50:23'),(46,'gberge','tianna.doyle@example.org','f697e723-e8c5-302f-93e4-2e134f962163','7626e0d7-2a71-36d9-91e2-6bdf34d2c5ee','2018-07-08 01:29:15','2021-05-14 18:50:23'),(47,'thalia70','eldridge.beatty@example.com','6a8f80b5-2c73-3e8b-96e3-0f5b730836b1','9122b5b9-5d6b-3966-99cf-763ed604101a','2015-05-15 22:41:02','2020-04-05 02:18:17'),(48,'dedrick93','borer.lonzo@example.net','f0812d11-4b3f-31eb-bd91-ea0f822deef1','b9e99d38-835c-3477-b20f-195c1a61e61c','2019-12-13 09:09:36','2021-05-14 18:50:23'),(49,'ubaldo.schmeler','beer.edgardo@example.org','2979ca55-155b-3561-8a69-7d7fe0445480','0f55d1d1-af08-31a2-86a8-a769a188377b','2011-11-02 12:02:31','2018-09-30 09:34:00'),(50,'wschaden','miller.omer@example.org','b5352405-16cf-341b-8f18-077875426daa','4561260a-00ba-3d21-98cd-8a0a77b1f3ff','2015-10-21 11:22:43','2021-05-14 18:50:23'),(51,'elbert.rolfson','celine65@example.net','19eb3118-05ec-3341-9a23-eda5255c3d88','76d7503b-3518-3925-b4da-259e021300bf','2017-03-20 03:24:54','2021-05-14 18:50:23'),(52,'zkeebler','hettinger.royal@example.com','5525befc-0629-3b65-99e5-97e13bc3fea0','1e74f3bc-4c5e-3c62-862f-72a43ff27ef7','2016-07-07 08:32:01','2016-08-24 18:34:06'),(53,'kattie.vonrueden','lynch.shana@example.com','410b05ab-c94d-3259-9089-6aac7544ac70','36fcbfc4-cf8e-3240-aac0-2a63a2244d11','2016-03-30 02:39:03','2021-05-14 18:50:23'),(54,'vada14','oerdman@example.net','fbb97347-9c0b-3c89-830a-7103282a7ae6','c1ca6990-1f29-378d-b698-ba48116e4e3f','2013-04-15 08:02:38','2019-10-22 00:22:34'),(55,'nwiza','antone67@example.org','74d80c03-5575-3f5a-9c15-4b661df0687f','a412761c-e967-3daa-9d04-0aa6535b8a0f','2019-01-07 06:39:20','2020-04-04 18:42:39'),(56,'mayer.lisa','jaime53@example.org','e0bba0e0-4f7f-379b-86f2-5d17361cc0aa','47215d4d-df08-3d22-8fbd-a3db902285a7','2012-10-11 15:12:08','2012-12-16 22:25:27'),(57,'o\'conner.donnie','psauer@example.org','e52ac5df-6a15-39ee-b255-34dfe7e00d74','e89492d9-af59-313c-8585-0fb78b469372','2020-09-25 09:20:28','2021-05-14 18:50:23'),(58,'grimes.zetta','ericka.fahey@example.org','db102c35-b371-39ea-afcd-4092d6504d14','0f5c0660-4039-3cc7-8d39-6ed437a26f0a','2012-01-02 01:43:09','2013-06-17 17:23:26'),(59,'anika59','wchristiansen@example.org','e0df698c-5700-315c-915f-fdc1a6272351','acc25367-52a2-3fd6-b616-d49fd6204ba9','2018-07-21 10:15:20','2021-05-14 18:50:23'),(60,'schulist.aaron','shaina.hahn@example.com','25bec236-82c5-3d50-a494-ba3369b348f0','6f2a5f09-2124-3f08-824c-469b0e3bb218','2016-02-18 10:15:31','2021-05-14 18:50:23'),(61,'alba15','sboyle@example.org','e16061e9-433d-3cb8-9723-78a2974ca044','39873ad5-5347-3d7a-a8d9-110bb81a776c','2019-10-30 21:05:26','2021-05-14 18:50:23'),(62,'wiza.rocky','everardo11@example.org','1f162b3d-6d90-3fc7-a1d0-5317e046bd9b','e77ca005-3007-3c36-833c-f069d0c03f66','2017-06-05 01:49:19','2019-08-08 20:05:42'),(63,'hilpert.alessandro','cleo.beier@example.com','6820be73-84ed-3691-a0b4-ecb554d8c4fd','9c2aa71f-8fcf-347f-b456-cbb7366485e6','2018-04-10 21:09:52','2021-05-14 18:50:23'),(64,'maxime23','sydney.walter@example.net','7ac83158-fca6-39f8-8c24-a48c6cc297eb','33788bd3-ec66-3396-aef2-ea6b4144c053','2016-12-31 11:21:47','2021-05-14 18:50:23'),(65,'hamill.audreanne','djacobson@example.com','3afa7eb6-5272-3f83-b33d-c45d9c574631','36626fae-c029-36c0-81f4-88133444f914','2019-05-26 11:54:22','2021-05-14 18:50:23'),(66,'stacy86','philll@example.net','6da988ae-c123-3c80-abe4-3c6a06095484','be533d05-c495-3a4b-b8c5-b13785656254','2020-10-26 08:13:58','2021-05-14 18:50:23'),(67,'gudrun94','reanna.ebert@example.com','5bd46d14-da94-3823-852f-606c4ab11d96','17ebc5cc-027d-3587-9b5a-1e306b5667c8','2016-02-13 13:07:34','2020-02-17 09:37:18'),(68,'lowe.ena','dortha02@example.org','7f5f9c0f-3cfd-3d99-8ab6-d90e90488716','3ff2b0e6-bd06-3613-a8e2-80154e0b13af','2018-06-19 02:57:55','2021-05-14 18:50:23'),(69,'brisa.fisher','egulgowski@example.com','d4b288dc-9125-3b18-8d4b-64f809742a8e','8b750981-38ce-3287-99e5-f5e185ebb89f','2014-12-15 19:14:10','2021-05-14 18:50:23'),(70,'arvilla57','stella13@example.net','3a278984-9a52-304b-8f73-7951f830adbb','4ab6b64e-e02f-3c22-8191-7d7d7a930f7f','2017-01-16 05:32:37','2017-10-10 09:01:26'),(71,'sydnie.grant','jstanton@example.org','eccdfaf3-9549-38ba-a0f7-468a4ee99668','3c1b485e-bf23-3e4d-afbd-093ead4de8f2','2014-07-02 21:31:36','2018-01-29 04:59:18'),(72,'albertha74','toy.vicente@example.net','5297fbf8-265c-3712-a216-b7714f672bd5','396a9e97-7511-3cba-aa2c-f89cc8230f94','2016-04-24 08:52:32','2020-02-16 14:00:13'),(73,'nienow.porter','olebsack@example.com','83351a82-130a-3f64-b8cb-3d5eec628eae','59303599-4af5-3fd8-b157-f7e556cee707','2014-07-05 14:29:26','2019-06-01 00:25:39'),(74,'rbalistreri','wroberts@example.org','c4d2a108-64f6-3dc1-b336-b0cb376821eb','b348f2ce-43c6-3903-960a-0b23cdbd5bf3','2016-10-13 18:49:32','2021-05-14 18:50:23'),(75,'leuschke.tara','karolann.von@example.com','eb575141-a3a1-387c-bea0-168d2110e44e','06560a91-58a6-3f1b-8f0c-9d6564170860','2018-11-26 08:32:16','2019-04-12 20:08:02'),(76,'blanda.amelia','scottie.haag@example.com','b96a20cf-5eed-363d-ad1b-d41bc5e867e3','72b4031a-461d-325d-a8e8-6a89eaab6d21','2011-11-02 17:48:58','2017-11-08 07:47:23'),(77,'santina86','curt.legros@example.org','8ca2e56c-ebbf-31a4-bed0-87807367d54e','2cb0caa5-4b66-32bb-8d84-2f1b69989864','2018-10-15 16:12:19','2021-05-14 18:50:23'),(78,'bins.irma','graham.ezequiel@example.net','210447cb-b4b9-3bc3-a125-4f18c8cf1868','a8a0d79f-e49f-3ad5-bfbc-d1ba56dd2741','2019-09-01 15:18:33','2021-05-14 18:50:23'),(79,'wschneider','ecarter@example.org','60cefaff-6aef-34dc-a9bc-e8cbd01aa4c6','d8072ee1-82a4-382f-8bb6-368afdf82ccd','2011-06-07 00:58:15','2015-12-20 20:33:25'),(80,'myrtie.russel','quigley.zechariah@example.org','26343b94-447f-39fe-825b-cc9636214cfb','053cb11e-980c-33a1-9ab2-139d52b5ed5d','2020-03-22 10:35:03','2021-05-14 18:50:23'),(81,'gibson.mozell','makenna.bauch@example.com','b9e9f9bc-3da0-3c15-8031-4d910f6be39a','5729adde-dce2-3a5e-a3a2-9353c2aa3ce4','2018-07-14 00:40:43','2021-05-14 18:50:23'),(82,'vortiz','haley.liliana@example.org','a1c765c7-90a2-32c9-b764-05f8db334d56','6ed03ecc-e4d4-39c2-a3a2-9b661eed955f','2017-03-30 06:25:00','2021-05-14 18:50:23'),(83,'cedrick34','satterfield.dorothea@example.com','5c1b603d-53ff-396d-b918-a1a485e05114','bb077caa-2066-3957-9695-d85191080a04','2017-02-09 00:38:50','2021-05-14 18:50:23'),(84,'mario75','mkuvalis@example.com','5655acb0-364c-3602-9843-b0772bd2e28b','d6a5a606-d5dd-3526-9d97-0b411725bc71','2020-10-09 06:57:43','2021-05-14 18:50:23'),(85,'unique.boyle','summer54@example.org','8c8a601c-c37d-3c98-aaaf-e968b309749a','b419c85f-0a52-3644-904d-fd3eb6efa2cc','2018-06-08 11:03:47','2021-05-14 18:50:23'),(86,'ysteuber','jjones@example.net','6b5d0850-62d3-3486-8063-c07cfedfd297','1453567f-f8e6-3696-bdeb-2771d963efdd','2015-02-24 18:20:45','2021-05-14 18:50:23'),(87,'bartell.joesph','vstamm@example.org','e6907e8d-8f6a-3335-b7bb-20d0bba4f8ca','7d4f1ee4-e164-35b5-8557-b858e43bf351','2015-01-25 14:50:41','2020-12-11 15:33:55'),(88,'do\'reilly','nbechtelar@example.com','737388f9-255f-33b2-8719-eac4e0fe0e30','cdcb8d51-0891-3b28-9dee-85ccdba70983','2020-11-05 13:37:04','2021-05-14 18:50:23'),(89,'rosalia91','janelle.jakubowski@example.net','7135752f-e453-3952-9e9a-03c77475df8d','933d69c8-2d6a-31b6-99d2-44ed319de944','2014-12-25 02:04:01','2021-05-14 18:50:23'),(90,'madelynn.parker','jakob.gislason@example.net','92de514f-adcd-3bf1-9ed4-a0de323e8ea5','d062b300-6cd7-3506-bfb0-735b22f114ac','2014-04-07 12:34:19','2021-05-14 18:50:23'),(91,'kirstin.rippin','nikolaus.rylan@example.net','cc27d09c-3f07-36c8-a2e3-9c35f9255621','c319f418-4520-3d0d-b99c-c50a47c2aeb5','2018-02-11 14:02:57','2021-05-14 18:50:23'),(92,'o\'hara.bria','writchie@example.net','48e78e0c-ca4f-3311-ba31-d92a5562f240','f08e3b0c-4b78-3f55-84f4-117a3ced11d6','2018-09-22 09:32:49','2021-01-12 13:35:15'),(93,'mikel.murazik','lamont42@example.net','4c42f2b3-adcc-320b-b05f-5c65cad6899e','d7e3350b-c5fc-3212-8040-2d4bdeb96239','2021-05-07 12:02:45','2021-05-14 18:50:23'),(94,'lorna10','ondricka.nelda@example.com','e6cf1617-4d94-3a75-8288-21ca6dbcf84f','bd355d1b-63fd-34a2-8758-3325d70ac2be','2015-01-11 16:35:41','2016-02-28 12:21:53'),(95,'reid.wilkinson','bertha76@example.net','b16797c8-33fe-3f02-b800-86a356f1f6fb','1fa7d855-34a7-3a17-addf-836c87258aad','2017-11-18 08:02:52','2021-05-14 18:50:23'),(96,'berge.delphine','zackary44@example.org','39a9df0b-5494-3cfb-b42d-9c4181828034','b7587dc8-3924-39cb-a1de-fe8825b7a8ca','2012-11-02 16:19:29','2014-01-29 08:20:38'),(97,'aarmstrong','zpacocha@example.net','7881b4bd-c3a4-3274-bd7d-7b57f6a01b41','2c46c076-5443-3515-866b-4ef11821f7f1','2013-11-13 17:44:04','2021-04-22 06:45:31'),(98,'jeanne.medhurst','mondricka@example.org','4b38a1eb-a099-3efb-a3e3-c4f4d9ddc883','8368c130-49d4-3b25-88bb-e778a831ec98','2012-04-15 11:51:44','2014-02-09 20:33:59'),(99,'eugene.stracke','jack.larkin@example.org','558ea838-34df-3537-854c-a05fbbc31616','c899b63b-be51-368a-b873-1c208936ddb3','2013-02-03 16:19:15','2017-05-04 14:32:15'),(100,'keira76','mitchell.ozella@example.com','8dec54ec-2252-388d-b264-7ad6c968654a','91907f5a-c490-3176-affb-f8129ce0d939','2014-02-07 11:59:21','2017-02-25 19:49:10');
/*!40000 ALTER TABLE `users` ENABLE KEYS */;
UNLOCK TABLES;

--
-- Dumping routines for database 'movie_land'
--
/*!40103 SET TIME_ZONE=@OLD_TIME_ZONE */;

/*!40101 SET SQL_MODE=@OLD_SQL_MODE */;
/*!40014 SET FOREIGN_KEY_CHECKS=@OLD_FOREIGN_KEY_CHECKS */;
/*!40014 SET UNIQUE_CHECKS=@OLD_UNIQUE_CHECKS */;
/*!40101 SET CHARACTER_SET_CLIENT=@OLD_CHARACTER_SET_CLIENT */;
/*!40101 SET CHARACTER_SET_RESULTS=@OLD_CHARACTER_SET_RESULTS */;
/*!40101 SET COLLATION_CONNECTION=@OLD_COLLATION_CONNECTION */;
/*!40111 SET SQL_NOTES=@OLD_SQL_NOTES */;

-- Dump completed on 2021-05-14 22:14:45
